# Blender v3.2.2 OBJ File: ''
# www.blender.org
mtllib fly_arm.mtl
o base_link_mod
v 0.132809 0.068790 0.033067
v 0.127692 0.078185 0.032196
v 0.127480 0.078063 0.032983
v 0.132580 0.068730 0.034960
v 0.134875 0.069441 0.029307
v 0.128509 0.078657 0.030387
v 0.133645 0.069030 0.030964
v 0.128192 0.078474 0.030964
v 0.128183 0.078469 0.030981
v 0.127264 0.077938 0.034931
v 0.127264 0.077938 0.034964
v 0.132809 0.068790 0.036861
v 0.127264 0.077938 0.034996
v 0.127480 0.078063 0.036945
v 0.127692 0.078185 0.037732
v 0.133645 0.069030 0.038964
v 0.128192 0.078474 0.038964
v 0.134875 0.069441 0.040621
v 0.129138 0.079020 0.040436
v 0.129584 0.079278 0.040938
v 0.136428 0.070065 0.041892
v 0.130728 0.079938 0.041892
v 0.138839 0.071288 0.042857
v 0.134192 0.081938 0.042964
v 0.139965 0.071938 0.042964
v 0.143430 0.073938 0.041892
v 0.137656 0.083938 0.041892
v 0.145965 0.075402 0.038964
v 0.140192 0.085402 0.038964
v 0.146894 0.075938 0.034964
v 0.141120 0.085938 0.034964
v 0.145965 0.075402 0.030964
v 0.140192 0.085402 0.030964
v 0.143430 0.073938 0.028036
v 0.137656 0.083938 0.028036
v 0.139965 0.071938 0.026964
v 0.134192 0.081938 0.026964
v 0.138839 0.071288 0.027070
v 0.130728 0.079938 0.028036
v 0.136428 0.070065 0.028036
v 0.129584 0.079278 0.028990
v 0.129138 0.079020 0.029492
v 0.148492 0.079170 0.034964
v 0.144718 0.085706 0.034964
v 0.148309 0.079065 0.037110
v 0.144535 0.085601 0.037110
v 0.147767 0.078752 0.039173
v 0.143993 0.085288 0.039173
v 0.146886 0.078243 0.041075
v 0.143113 0.084779 0.041075
v 0.145702 0.077559 0.042742
v 0.141928 0.084095 0.042742
v 0.144258 0.076726 0.044110
v 0.140484 0.083262 0.044110
v 0.142611 0.075775 0.045127
v 0.138838 0.082311 0.045127
v 0.140824 0.074743 0.045753
v 0.137050 0.081279 0.045753
v 0.138965 0.073670 0.045964
v 0.135192 0.080206 0.045964
v 0.138965 0.073670 0.023964
v 0.135192 0.080206 0.023964
v 0.140824 0.074743 0.024175
v 0.137050 0.081279 0.024175
v 0.142611 0.075775 0.024801
v 0.138838 0.082311 0.024801
v 0.144258 0.076726 0.025818
v 0.140484 0.083262 0.025818
v 0.145702 0.077559 0.027186
v 0.141928 0.084095 0.027186
v 0.146886 0.078243 0.028853
v 0.143113 0.084779 0.028853
v 0.147767 0.078752 0.030754
v 0.143993 0.085288 0.030754
v 0.148309 0.079065 0.032818
v 0.144535 0.085601 0.032818
v 0.138839 0.071288 0.025964
v 0.144296 0.074438 0.027481
v 0.145477 0.075120 0.028600
v 0.138839 0.071288 0.043964
v 0.139965 0.071938 0.043964
v 0.147166 0.076096 0.038408
v 0.146446 0.075680 0.039964
v 0.145477 0.075120 0.041328
v 0.147610 0.076352 0.036720
v 0.147760 0.076438 0.034964
v 0.146446 0.075680 0.029964
v 0.147166 0.076096 0.031520
v 0.147610 0.076352 0.033208
v 0.139965 0.071938 0.025964
v 0.141486 0.072816 0.026137
v 0.142948 0.073660 0.026649
v 0.144296 0.074438 0.042447
v 0.142948 0.073660 0.043279
v 0.141486 0.072816 0.043791
v 0.101860 0.129938 0.041892
v 0.100717 0.129278 0.040938
v 0.100717 0.129278 0.043964
v 0.108789 0.133938 0.028036
v 0.109655 0.134438 0.027481
v 0.108307 0.133660 0.026649
v 0.105324 0.131938 0.026964
v 0.106845 0.132816 0.026137
v 0.105324 0.131938 0.025964
v 0.101860 0.129938 0.028036
v 0.100717 0.129278 0.025964
v 0.100717 0.129278 0.028990
v 0.112253 0.135938 0.034964
v 0.113119 0.136438 0.034964
v 0.112969 0.136352 0.033208
v 0.111324 0.135402 0.030964
v 0.105324 0.131938 0.042964
v 0.112525 0.136096 0.031520
v 0.111805 0.135680 0.029964
v 0.110836 0.135120 0.028600
v 0.108789 0.133938 0.041892
v 0.109655 0.134438 0.042447
v 0.111324 0.135402 0.038964
v 0.110836 0.135120 0.041328
v 0.105324 0.131938 0.043964
v 0.106845 0.132816 0.043791
v 0.108307 0.133660 0.043279
v 0.111805 0.135680 0.039964
v 0.112525 0.136096 0.038408
v 0.112969 0.136352 0.036720
v 0.097390 0.127938 0.035953
v 0.097390 0.127938 0.033974
v 0.096974 0.127938 0.033403
v -0.096420 0.127938 0.032225
v -0.097043 0.127938 0.033403
v -0.097459 0.127938 0.035953
v 0.098380 0.127938 0.034952
v 0.098380 0.127938 0.034976
v 0.098396 0.127938 0.034964
v -0.097459 0.127938 0.033974
v -0.098450 0.127938 0.034952
v -0.098450 0.127938 0.034976
v -0.098465 0.127938 0.034964
v 0.095777 0.127938 0.039903
v -0.095786 0.127938 0.043964
v 0.095717 0.127938 0.040938
v 0.095717 0.127938 0.043964
v -0.096149 0.127938 0.038456
v -0.095847 0.127938 0.039903
v 0.095777 0.127938 0.030025
v 0.096974 0.127938 0.036525
v 0.096080 0.127938 0.038456
v 0.096351 0.127938 0.037703
v -0.095786 0.127938 0.040938
v 0.096080 0.127938 0.031472
v 0.096351 0.127938 0.032225
v 0.095717 0.127938 0.025964
v -0.095786 0.127938 0.025964
v 0.095717 0.127938 0.028990
v -0.095786 0.127938 0.028990
v -0.095847 0.127938 0.030025
v -0.096149 0.127938 0.031472
v -0.097043 0.127938 0.036525
v -0.096420 0.127938 0.037703
v -0.126408 0.067938 0.025964
v 0.126339 0.067938 0.025964
v -0.126408 0.067938 0.043964
v 0.126339 0.067938 0.043964
v -0.030326 0.080885 0.045964
v -0.032981 0.078230 0.045964
v -0.002535 0.093608 0.045964
v -0.036326 0.076526 0.045964
v -0.000035 0.092938 0.045964
v -0.000035 0.102938 0.045964
v -0.032981 0.117646 0.045964
v -0.002535 0.102268 0.045964
v -0.004365 0.100438 0.045964
v -0.040035 0.119938 0.045964
v -0.036326 0.119351 0.045964
v 0.036257 0.119351 0.045964
v 0.032912 0.078230 0.045964
v 0.030257 0.080885 0.045964
v 0.004296 0.095438 0.045964
v 0.028553 0.084230 0.045964
v 0.004965 0.097938 0.045964
v 0.027965 0.087938 0.045964
v 0.004296 0.100438 0.045964
v 0.027965 0.107938 0.045964
v 0.002465 0.102268 0.045964
v 0.028553 0.111646 0.045964
v 0.030257 0.114992 0.045964
v -0.030326 0.114992 0.045964
v -0.028622 0.111646 0.045964
v -0.005035 0.097938 0.045964
v -0.028035 0.107938 0.045964
v -0.004365 0.095438 0.045964
v -0.028035 0.087938 0.045964
v -0.028622 0.084230 0.045964
v 0.032912 0.117646 0.045964
v 0.137839 0.073020 0.045964
v 0.130584 0.077546 0.045964
v 0.126339 0.069938 0.045964
v 0.129341 0.070135 0.045964
v 0.127690 0.076347 0.045964
v 0.132291 0.070722 0.045964
v 0.135140 0.071689 0.045964
v -0.040035 0.075938 0.045964
v -0.129410 0.070135 0.045964
v -0.126408 0.069938 0.045964
v -0.124653 0.075938 0.045964
v -0.127759 0.076347 0.045964
v -0.132360 0.070722 0.045964
v -0.130653 0.077546 0.045964
v -0.135209 0.071689 0.045964
v -0.137908 0.073020 0.045964
v -0.135261 0.080206 0.045964
v -0.139035 0.073670 0.045964
v 0.110098 0.123670 0.045964
v 0.106324 0.130206 0.045964
v 0.108971 0.123020 0.045964
v 0.101717 0.127546 0.045964
v 0.098823 0.126347 0.045964
v 0.103424 0.120722 0.045964
v 0.106273 0.121689 0.045964
v -0.095786 0.125938 0.045964
v -0.098892 0.126347 0.045964
v -0.110167 0.123670 0.045964
v -0.101786 0.127546 0.045964
v -0.106394 0.130206 0.045964
v 0.124584 0.075938 0.045964
v 0.039965 0.075938 0.045964
v 0.036257 0.076526 0.045964
v 0.002465 0.093608 0.045964
v -0.097540 0.119938 0.045964
v 0.039965 0.119938 0.045964
v 0.095717 0.125938 0.045964
v 0.097471 0.119938 0.045964
v 0.100473 0.120135 0.045964
v -0.109040 0.123020 0.045964
v -0.106342 0.121689 0.045964
v -0.100542 0.120135 0.045964
v -0.103493 0.120722 0.045964
v 0.031480 0.079453 0.023964
v 0.033965 0.077546 0.023964
v 0.002465 0.093608 0.023964
v -0.004365 0.095438 0.023964
v -0.002535 0.093608 0.023964
v -0.031549 0.079453 0.023964
v -0.034035 0.077546 0.023964
v -0.000035 0.092938 0.023964
v -0.029642 0.081938 0.023964
v -0.028443 0.084832 0.023964
v -0.005035 0.097938 0.023964
v -0.028035 0.087938 0.023964
v -0.004365 0.100438 0.023964
v -0.028035 0.107938 0.023964
v -0.002535 0.102268 0.023964
v -0.028443 0.111044 0.023964
v -0.029642 0.113938 0.023964
v 0.027965 0.087938 0.023964
v 0.028374 0.084832 0.023964
v 0.029573 0.081938 0.023964
v -0.110167 0.123670 0.023964
v -0.106394 0.130206 0.023964
v -0.109040 0.123020 0.023964
v -0.101786 0.127546 0.023964
v -0.098892 0.126347 0.023964
v -0.103493 0.120722 0.023964
v -0.106342 0.121689 0.023964
v -0.139035 0.073670 0.023964
v -0.135261 0.080206 0.023964
v -0.137908 0.073020 0.023964
v -0.130653 0.077546 0.023964
v -0.126408 0.069938 0.023964
v -0.129410 0.070135 0.023964
v -0.127759 0.076347 0.023964
v -0.132360 0.070722 0.023964
v -0.135209 0.071689 0.023964
v 0.036860 0.076347 0.023964
v 0.039965 0.075938 0.023964
v 0.129341 0.070135 0.023964
v 0.126339 0.069938 0.023964
v 0.124584 0.075938 0.023964
v 0.127690 0.076347 0.023964
v 0.132291 0.070722 0.023964
v 0.130584 0.077546 0.023964
v 0.135140 0.071689 0.023964
v 0.137839 0.073020 0.023964
v 0.004296 0.095438 0.023964
v 0.004965 0.097938 0.023964
v 0.027965 0.107938 0.023964
v 0.004296 0.100438 0.023964
v 0.028374 0.111044 0.023964
v 0.036860 0.119529 0.023964
v -0.095786 0.125938 0.023964
v 0.039965 0.119938 0.023964
v 0.095717 0.125938 0.023964
v 0.097471 0.119938 0.023964
v 0.100473 0.120135 0.023964
v 0.098823 0.126347 0.023964
v 0.103424 0.120722 0.023964
v 0.101717 0.127546 0.023964
v 0.106273 0.121689 0.023964
v 0.108971 0.123020 0.023964
v 0.106324 0.130206 0.023964
v 0.110098 0.123670 0.023964
v -0.034035 0.118331 0.023964
v 0.033965 0.118331 0.023964
v -0.124653 0.075938 0.023964
v -0.040035 0.075938 0.023964
v -0.036929 0.076347 0.023964
v -0.031549 0.116424 0.023964
v -0.000035 0.102938 0.023964
v 0.002465 0.102268 0.023964
v 0.031480 0.116424 0.023964
v 0.029573 0.113938 0.023964
v -0.036929 0.119529 0.023964
v -0.040035 0.119938 0.023964
v -0.097540 0.119938 0.023964
v -0.100542 0.120135 0.023964
v 0.103941 0.118790 0.033067
v 0.098824 0.128185 0.032196
v 0.098612 0.128063 0.032983
v 0.103713 0.118730 0.034960
v 0.104777 0.119030 0.030964
v 0.099324 0.128474 0.030964
v 0.099316 0.128469 0.030981
v 0.098396 0.127938 0.034931
v 0.103941 0.118790 0.036861
v 0.098396 0.127938 0.034996
v 0.098612 0.128063 0.036945
v 0.098824 0.128185 0.037732
v 0.104777 0.119030 0.038964
v 0.099324 0.128474 0.038964
v 0.106008 0.119441 0.040621
v 0.100270 0.129020 0.040436
v 0.107561 0.120065 0.041892
v 0.109971 0.121288 0.042857
v 0.111098 0.121938 0.042964
v 0.114562 0.123938 0.041892
v 0.117098 0.125402 0.038964
v 0.118026 0.125938 0.034964
v 0.117098 0.125402 0.030964
v 0.114562 0.123938 0.028036
v 0.111098 0.121938 0.026964
v 0.109971 0.121288 0.027070
v 0.107561 0.120065 0.028036
v 0.106008 0.119441 0.029307
v 0.100270 0.129020 0.029492
v 0.099642 0.128657 0.030387
v 0.108183 0.131279 0.045753
v 0.113042 0.125370 0.045426
v 0.109970 0.132311 0.045127
v 0.111617 0.133262 0.044110
v 0.115697 0.126903 0.043863
v 0.113061 0.134095 0.042742
v 0.116834 0.127559 0.042742
v 0.114245 0.134779 0.041075
v 0.117805 0.128120 0.041430
v 0.115126 0.135288 0.039173
v 0.119158 0.128901 0.038363
v 0.115668 0.135601 0.037110
v 0.119624 0.129170 0.034964
v 0.115851 0.135706 0.034964
v 0.108183 0.131279 0.024175
v 0.113042 0.125370 0.024502
v 0.109970 0.132311 0.024801
v 0.115697 0.126903 0.026065
v 0.111617 0.133262 0.025818
v 0.116834 0.127559 0.027186
v 0.113061 0.134095 0.027186
v 0.117805 0.128120 0.028498
v 0.114245 0.134779 0.028853
v 0.119158 0.128901 0.031565
v 0.115668 0.135601 0.032818
v 0.115126 0.135288 0.030754
v 0.129584 0.079278 0.043964
v 0.138522 0.084438 0.027481
v 0.137175 0.083660 0.026649
v 0.138522 0.084438 0.042447
v 0.139703 0.085120 0.041328
v 0.135713 0.082816 0.026137
v 0.134192 0.081938 0.025964
v 0.129584 0.079278 0.025964
v 0.139703 0.085120 0.028600
v 0.140673 0.085680 0.029964
v 0.140673 0.085680 0.039964
v 0.141393 0.086096 0.038408
v 0.141836 0.086352 0.036720
v 0.134192 0.081938 0.043964
v 0.135713 0.082816 0.043791
v 0.137175 0.083660 0.043279
v 0.141986 0.086438 0.034964
v 0.141836 0.086352 0.033208
v 0.141393 0.086096 0.031520
v 0.117404 0.125579 0.040254
v 0.115679 0.124583 0.027683
v 0.117404 0.125579 0.029674
v 0.118511 0.126218 0.032183
v 0.118892 0.126438 0.034964
v 0.118511 0.126218 0.037745
v 0.109971 0.121288 0.025964
v 0.111098 0.121938 0.025964
v 0.113506 0.123329 0.026404
v 0.109971 0.121288 0.043964
v 0.111098 0.121938 0.043964
v 0.113506 0.123329 0.043523
v 0.115679 0.124583 0.042245
v 0.124645 0.077938 0.039903
v 0.039965 0.077938 0.043964
v 0.124584 0.077938 0.040938
v 0.124584 0.077938 0.043964
v 0.125842 0.077938 0.033403
v 0.126258 0.077938 0.035953
v 0.126258 0.077938 0.033974
v 0.127248 0.077938 0.034976
v 0.127248 0.077938 0.034952
v 0.125842 0.077938 0.036525
v 0.124947 0.077938 0.038456
v 0.125219 0.077938 0.037703
v 0.125219 0.077938 0.032225
v 0.124947 0.077938 0.031472
v 0.124645 0.077938 0.030025
v 0.039965 0.077938 0.025964
v 0.124584 0.077938 0.028990
v 0.124584 0.077938 0.025964
v 0.029965 0.107938 0.025964
v 0.029965 0.107938 0.043964
v 0.029965 0.087938 0.025964
v 0.029965 0.087938 0.043964
v 0.097471 0.117938 0.025964
v 0.097471 0.117938 0.043964
v 0.039965 0.117938 0.025964
v 0.039965 0.117938 0.043964
v 0.127172 0.078279 0.040938
v 0.127172 0.078279 0.043964
v 0.126955 0.078213 0.040177
v 0.127256 0.077938 0.034986
v 0.126871 0.077969 0.036451
v 0.126772 0.078000 0.037132
v 0.126721 0.078072 0.038333
v 0.126761 0.078120 0.039008
v 0.127172 0.078279 0.025964
v 0.098305 0.128279 0.025964
v 0.098305 0.128279 0.028990
v 0.098087 0.128213 0.040177
v 0.098305 0.128279 0.040938
v 0.098388 0.127938 0.034986
v 0.098003 0.127969 0.036451
v 0.097905 0.128000 0.037132
v 0.097854 0.128072 0.038333
v 0.097894 0.128120 0.039008
v 0.098305 0.128279 0.043964
v 0.100734 0.118152 0.043964
v 0.107038 0.119841 0.043964
v 0.103941 0.118790 0.043964
v 0.100734 0.118152 0.025964
v 0.103941 0.118790 0.025964
v 0.107038 0.119841 0.025964
v 0.129602 0.068152 0.043964
v 0.135906 0.069841 0.043964
v 0.132809 0.068790 0.043964
v 0.129602 0.068152 0.025964
v 0.132809 0.068790 0.025964
v 0.135906 0.069841 0.025964
v 0.031305 0.082938 0.025964
v 0.031875 0.082060 0.043964
v 0.032894 0.080867 0.025964
v 0.034088 0.079848 0.043964
v 0.034965 0.079278 0.025964
v 0.034965 0.079278 0.043964
v 0.037377 0.078279 0.025964
v 0.036875 0.078428 0.043964
v 0.030306 0.085350 0.025964
v 0.030455 0.084848 0.043964
v 0.031305 0.082938 0.043964
v 0.034965 0.116599 0.025964
v 0.034088 0.116028 0.043964
v 0.032894 0.115009 0.025964
v 0.031875 0.113816 0.043964
v 0.031305 0.112938 0.025964
v 0.031305 0.112938 0.043964
v 0.030306 0.110526 0.025964
v 0.030455 0.111028 0.043964
v 0.037377 0.117598 0.025964
v 0.036875 0.117449 0.043964
v 0.034965 0.116599 0.043964
v -0.126408 0.068938 0.045696
v 0.126339 0.068938 0.045696
v -0.126408 0.068206 0.044964
v 0.126339 0.068206 0.044964
v 0.138705 0.071520 0.044964
v 0.135803 0.070089 0.044964
v 0.138339 0.072154 0.045696
v 0.135523 0.070765 0.045696
v 0.132550 0.069756 0.045696
v 0.129471 0.069144 0.045696
v 0.132740 0.069049 0.044964
v 0.129567 0.068418 0.044964
v 0.139465 0.072804 0.045696
v 0.139831 0.072170 0.044964
v 0.148492 0.077170 0.034964
v 0.148325 0.077074 0.036915
v 0.148760 0.078170 0.034964
v 0.148581 0.078067 0.037058
v 0.148052 0.077762 0.039071
v 0.147193 0.077266 0.040926
v 0.146037 0.076599 0.042553
v 0.144629 0.075786 0.043887
v 0.143022 0.074858 0.044879
v 0.141279 0.073851 0.045490
v 0.147832 0.076790 0.038791
v 0.147032 0.076328 0.040520
v 0.145955 0.075706 0.042035
v 0.144643 0.074948 0.043279
v 0.143146 0.074084 0.044203
v 0.141521 0.073146 0.044772
v 0.139831 0.072170 0.024964
v 0.141521 0.073146 0.025156
v 0.139465 0.072804 0.024232
v 0.141279 0.073851 0.024438
v 0.143022 0.074858 0.025049
v 0.144629 0.075786 0.026041
v 0.146037 0.076599 0.027375
v 0.147193 0.077266 0.029001
v 0.148052 0.077762 0.030857
v 0.148581 0.078067 0.032870
v 0.143146 0.074084 0.025725
v 0.144643 0.074948 0.026649
v 0.145955 0.075706 0.027893
v 0.147032 0.076328 0.029408
v 0.147832 0.076790 0.031137
v 0.148325 0.077074 0.033013
v 0.138339 0.072154 0.024232
v 0.138705 0.071520 0.024964
v 0.135523 0.070765 0.024232
v 0.135803 0.070089 0.024964
v 0.132740 0.069049 0.024964
v 0.129567 0.068418 0.024964
v 0.126339 0.068206 0.024964
v 0.132550 0.069756 0.024232
v 0.129471 0.069144 0.024232
v 0.126339 0.068938 0.024232
v -0.126408 0.068938 0.024232
v -0.126408 0.068206 0.024964
v 0.127431 0.077313 0.024232
v 0.130084 0.078412 0.024232
v 0.130202 0.078209 0.024116
v 0.127242 0.078020 0.024964
v 0.129660 0.079146 0.025199
v 0.129718 0.079046 0.024964
v 0.129877 0.078771 0.024550
v 0.124584 0.076938 0.024232
v 0.124584 0.077670 0.024964
v 0.134268 0.081806 0.025199
v 0.134326 0.081706 0.024964
v 0.134485 0.081431 0.024550
v 0.134692 0.081072 0.024232
v 0.134809 0.080869 0.024116
v 0.039965 0.077670 0.024964
v 0.039965 0.076938 0.024232
v 0.142986 0.086706 0.034964
v 0.142820 0.086610 0.033013
v 0.143986 0.086438 0.034964
v 0.143808 0.086335 0.032870
v 0.143279 0.086030 0.030857
v 0.142327 0.086326 0.031137
v 0.142420 0.085534 0.029001
v 0.141527 0.085864 0.029408
v 0.141264 0.084867 0.027375
v 0.140450 0.085242 0.027893
v 0.139856 0.084053 0.026041
v 0.139137 0.084484 0.026649
v 0.138249 0.083126 0.025049
v 0.137640 0.083620 0.025725
v 0.136505 0.082119 0.024438
v 0.136015 0.082682 0.025156
v 0.037308 0.078020 0.024964
v 0.037118 0.077313 0.024232
v 0.034465 0.078412 0.024232
v 0.032187 0.080160 0.024232
v 0.030439 0.082438 0.024232
v 0.029340 0.085091 0.024232
v 0.028965 0.087938 0.024232
v 0.034831 0.079046 0.024964
v 0.032705 0.080678 0.024964
v 0.031073 0.082804 0.024964
v 0.030047 0.085281 0.024964
v 0.029697 0.087938 0.024964
v 0.134326 0.081706 0.044964
v 0.136015 0.082682 0.044772
v 0.134692 0.081072 0.045696
v 0.136505 0.082119 0.045490
v 0.138249 0.083126 0.044879
v 0.139856 0.084053 0.043887
v 0.141264 0.084867 0.042553
v 0.142420 0.085534 0.040926
v 0.143279 0.086030 0.039071
v 0.143808 0.086335 0.037058
v 0.137640 0.083620 0.044203
v 0.139137 0.084484 0.043279
v 0.140450 0.085242 0.042035
v 0.141527 0.085864 0.040520
v 0.142327 0.086326 0.038791
v 0.142820 0.086610 0.036915
v 0.029697 0.107938 0.024964
v 0.028965 0.107938 0.024232
v 0.129718 0.079046 0.044964
v 0.130084 0.078412 0.045696
v 0.030047 0.110596 0.024964
v 0.029340 0.110785 0.024232
v 0.030439 0.113438 0.024232
v 0.032187 0.115716 0.024232
v 0.034465 0.117465 0.024232
v 0.037118 0.118563 0.024232
v 0.039965 0.118938 0.024232
v 0.031073 0.113072 0.024964
v 0.032705 0.115199 0.024964
v 0.034831 0.116831 0.024964
v 0.037308 0.117856 0.024964
v 0.039965 0.118206 0.024964
v 0.127242 0.078020 0.044964
v 0.127431 0.077313 0.045696
v 0.124584 0.077670 0.044964
v 0.124584 0.076938 0.045696
v 0.097471 0.118206 0.024964
v 0.097471 0.118938 0.024232
v 0.039965 0.077670 0.044964
v 0.039965 0.076938 0.045696
v 0.109471 0.122154 0.024232
v 0.106655 0.120765 0.024232
v 0.109837 0.121520 0.024964
v 0.106936 0.120089 0.024964
v 0.103872 0.119049 0.024964
v 0.100699 0.118418 0.024964
v 0.103683 0.119756 0.024232
v 0.100604 0.119144 0.024232
v 0.036566 0.077477 0.045696
v 0.036792 0.078173 0.044964
v 0.033930 0.079631 0.044964
v 0.031658 0.081903 0.044964
v 0.030200 0.084765 0.044964
v 0.029697 0.087938 0.044964
v 0.033500 0.079039 0.045696
v 0.031066 0.081473 0.045696
v 0.029504 0.084539 0.045696
v 0.028965 0.087938 0.045696
v 0.111022 0.122070 0.025199
v 0.110964 0.122170 0.024964
v 0.110805 0.122446 0.024550
v 0.110598 0.122804 0.024232
v 0.110481 0.123007 0.024116
v 0.029697 0.107938 0.044964
v 0.028965 0.107938 0.045696
v 0.113384 0.124684 0.024647
v 0.118081 0.127395 0.028588
v 0.116003 0.126196 0.026188
v 0.119415 0.128166 0.031612
v 0.119875 0.128431 0.034964
v 0.113592 0.124055 0.025059
v 0.116106 0.125506 0.026539
v 0.118102 0.126658 0.028843
v 0.119383 0.127398 0.031746
v 0.119824 0.127653 0.034964
v 0.113635 0.123579 0.025676
v 0.115993 0.124940 0.027064
v 0.117864 0.126020 0.029224
v 0.119065 0.126714 0.031946
v 0.119479 0.126953 0.034964
v 0.029504 0.111337 0.045696
v 0.030200 0.111111 0.044964
v 0.031658 0.113974 0.044964
v 0.033930 0.116245 0.044964
v 0.036792 0.117704 0.044964
v 0.039965 0.118206 0.044964
v 0.031066 0.114404 0.045696
v 0.033500 0.116837 0.045696
v 0.036566 0.118400 0.045696
v 0.039965 0.118938 0.045696
v 0.119065 0.126714 0.037982
v 0.119383 0.127398 0.038182
v 0.119415 0.128166 0.038316
v 0.116003 0.126196 0.043740
v 0.118081 0.127395 0.041340
v 0.113384 0.124684 0.045281
v 0.110481 0.123007 0.045812
v 0.118102 0.126658 0.041085
v 0.116106 0.125506 0.043389
v 0.113592 0.124055 0.044868
v 0.110805 0.122446 0.045378
v 0.117864 0.126020 0.040704
v 0.115993 0.124940 0.042864
v 0.113635 0.123579 0.044251
v 0.111022 0.122070 0.044729
v 0.097471 0.118206 0.044964
v 0.097471 0.118938 0.045696
v 0.109837 0.121520 0.044964
v 0.109678 0.121795 0.045378
v 0.109471 0.122154 0.045696
v 0.106655 0.120765 0.045696
v 0.106936 0.120089 0.044964
v 0.103683 0.119756 0.045696
v 0.100604 0.119144 0.045696
v 0.103872 0.119049 0.044964
v 0.100699 0.118418 0.044964
v 0.095717 0.126938 0.045696
v -0.095786 0.126938 0.045696
v 0.095717 0.127670 0.044964
v -0.095786 0.127670 0.044964
v 0.100851 0.129046 0.044964
v 0.098374 0.128020 0.044964
v 0.101217 0.128412 0.045696
v 0.098564 0.127313 0.045696
v 0.105824 0.131072 0.045696
v 0.105458 0.131706 0.044964
v 0.107148 0.132682 0.044772
v 0.107638 0.132119 0.045490
v 0.109381 0.133126 0.044879
v 0.110988 0.134053 0.043887
v 0.112396 0.134867 0.042553
v 0.113552 0.135534 0.040926
v 0.114411 0.136030 0.039071
v 0.114940 0.136335 0.037058
v 0.115119 0.136438 0.034964
v 0.108773 0.133620 0.044203
v 0.110270 0.134484 0.043279
v 0.111582 0.135242 0.042035
v 0.112659 0.135864 0.040520
v 0.113459 0.136326 0.038791
v 0.113952 0.136610 0.036915
v 0.114119 0.136706 0.034964
v 0.113952 0.136610 0.033013
v 0.114940 0.136335 0.032870
v 0.114411 0.136030 0.030857
v 0.113459 0.136326 0.031137
v 0.113552 0.135534 0.029001
v 0.112659 0.135864 0.029408
v 0.112396 0.134867 0.027375
v 0.111582 0.135242 0.027893
v 0.110988 0.134053 0.026041
v 0.110270 0.134484 0.026649
v 0.109381 0.133126 0.025049
v 0.108773 0.133620 0.025725
v 0.107638 0.132119 0.024438
v 0.107148 0.132682 0.025156
v 0.105942 0.130869 0.024116
v 0.105824 0.131072 0.024232
v 0.105617 0.131431 0.024550
v 0.105458 0.131706 0.024964
v 0.105401 0.131806 0.025199
v 0.101334 0.128209 0.024116
v 0.101217 0.128412 0.024232
v 0.101010 0.128771 0.024550
v 0.100851 0.129046 0.024964
v 0.100793 0.129146 0.025199
v 0.098564 0.127313 0.024232
v 0.098374 0.128020 0.024964
v 0.095717 0.126938 0.024232
v 0.095717 0.127670 0.024964
v -0.095786 0.126938 0.024232
v -0.095786 0.127670 0.024964
v -0.132878 0.068790 0.036861
v -0.127761 0.078185 0.037732
v -0.127549 0.078063 0.036945
v -0.132649 0.068730 0.034964
v -0.127333 0.077938 0.034996
v -0.127333 0.077938 0.034964
v -0.132878 0.068790 0.033067
v -0.127333 0.077938 0.034931
v -0.127549 0.078063 0.032983
v -0.127761 0.078185 0.032196
v -0.128253 0.078469 0.030981
v -0.133714 0.069030 0.030964
v -0.128261 0.078474 0.030964
v -0.134944 0.069441 0.029307
v -0.129207 0.079020 0.029492
v -0.129653 0.079278 0.028990
v -0.136497 0.070065 0.028036
v -0.130797 0.079938 0.028036
v -0.138908 0.071288 0.027070
v -0.134261 0.081938 0.026964
v -0.140035 0.071938 0.026964
v -0.143499 0.073938 0.028036
v -0.137725 0.083938 0.028036
v -0.146035 0.075402 0.030964
v -0.140261 0.085402 0.030964
v -0.146963 0.075938 0.034964
v -0.141189 0.085938 0.034964
v -0.146035 0.075402 0.038964
v -0.140261 0.085402 0.038964
v -0.143499 0.073938 0.041892
v -0.137725 0.083938 0.041892
v -0.140035 0.071938 0.042964
v -0.134261 0.081938 0.042964
v -0.138908 0.071288 0.042857
v -0.130797 0.079938 0.041892
v -0.136497 0.070065 0.041892
v -0.129653 0.079278 0.040938
v -0.134944 0.069441 0.040621
v -0.129207 0.079020 0.040436
v -0.133714 0.069030 0.038964
v -0.128261 0.078474 0.038964
v -0.128253 0.078469 0.038947
v -0.144787 0.085706 0.034964
v -0.148561 0.079170 0.034964
v -0.144604 0.085601 0.037110
v -0.148378 0.079065 0.037110
v -0.144062 0.085288 0.039173
v -0.147836 0.078752 0.039173
v -0.143182 0.084779 0.041075
v -0.146955 0.078243 0.041075
v -0.141997 0.084095 0.042742
v -0.145771 0.077559 0.042742
v -0.140554 0.083262 0.044110
v -0.144327 0.076726 0.044110
v -0.138907 0.082311 0.045127
v -0.142680 0.075775 0.045127
v -0.137120 0.081279 0.045753
v -0.140893 0.074743 0.045753
v -0.148378 0.079065 0.032818
v -0.144604 0.085601 0.032818
v -0.147836 0.078752 0.030754
v -0.144062 0.085288 0.030754
v -0.146955 0.078243 0.028853
v -0.143182 0.084779 0.028853
v -0.145771 0.077559 0.027186
v -0.141997 0.084095 0.027186
v -0.144327 0.076726 0.025818
v -0.140554 0.083262 0.025818
v -0.142680 0.075775 0.024801
v -0.138907 0.082311 0.024801
v -0.140893 0.074743 0.024175
v -0.137120 0.081279 0.024175
v -0.138908 0.071288 0.043964
v -0.147829 0.076438 0.034964
v -0.147679 0.076352 0.033208
v -0.138908 0.071288 0.025964
v -0.140035 0.071938 0.025964
v -0.146515 0.075680 0.029964
v -0.145546 0.075120 0.028600
v -0.147235 0.076096 0.031520
v -0.144365 0.074438 0.042447
v -0.145546 0.075120 0.041328
v -0.146515 0.075680 0.039964
v -0.147235 0.076096 0.038408
v -0.147679 0.076352 0.036720
v -0.140035 0.071938 0.043964
v -0.141555 0.072816 0.043791
v -0.143017 0.073660 0.043279
v -0.144365 0.074438 0.027481
v -0.143017 0.073660 0.026649
v -0.141555 0.072816 0.026137
v -0.101929 0.129938 0.028036
v -0.100786 0.129278 0.028990
v -0.100786 0.129278 0.025964
v -0.108858 0.133938 0.028036
v -0.109724 0.134438 0.027481
v -0.110905 0.135120 0.028600
v -0.105394 0.131938 0.026964
v -0.105394 0.131938 0.042964
v -0.105394 0.131938 0.043964
v -0.101929 0.129938 0.041892
v -0.100786 0.129278 0.043964
v -0.100786 0.129278 0.040938
v -0.111394 0.135402 0.030964
v -0.112594 0.136096 0.038408
v -0.111874 0.135680 0.039964
v -0.111394 0.135402 0.038964
v -0.110905 0.135120 0.041328
v -0.108858 0.133938 0.041892
v -0.113038 0.136352 0.036720
v -0.112322 0.135938 0.034964
v -0.113188 0.136438 0.034964
v -0.111874 0.135680 0.029964
v -0.112594 0.136096 0.031520
v -0.113038 0.136352 0.033208
v -0.105394 0.131938 0.025964
v -0.106914 0.132816 0.026137
v -0.108376 0.133660 0.026649
v -0.109724 0.134438 0.042447
v -0.108376 0.133660 0.043279
v -0.106914 0.132816 0.043791
v -0.104011 0.118790 0.036861
v -0.098893 0.128185 0.037732
v -0.098681 0.128063 0.036945
v -0.103782 0.118730 0.034960
v -0.098465 0.127938 0.034996
v -0.104011 0.118790 0.033067
v -0.098465 0.127938 0.034931
v -0.098681 0.128063 0.032983
v -0.098893 0.128185 0.032196
v -0.099385 0.128469 0.030981
v -0.104846 0.119030 0.030964
v -0.099394 0.128474 0.030964
v -0.106077 0.119441 0.029307
v -0.100339 0.129020 0.029492
v -0.107630 0.120065 0.028036
v -0.110040 0.121288 0.027070
v -0.111167 0.121938 0.026964
v -0.114631 0.123938 0.028036
v -0.117167 0.125402 0.030964
v -0.118095 0.125938 0.034964
v -0.117167 0.125402 0.038964
v -0.114631 0.123938 0.041892
v -0.111167 0.121938 0.042964
v -0.110040 0.121288 0.042857
v -0.107630 0.120065 0.041892
v -0.106077 0.119441 0.040621
v -0.100339 0.129020 0.040436
v -0.104846 0.119030 0.038964
v -0.099394 0.128474 0.038964
v -0.099385 0.128469 0.038947
v -0.115920 0.135706 0.034964
v -0.119693 0.129170 0.034964
v -0.115737 0.135601 0.037110
v -0.119227 0.128901 0.038363
v -0.115195 0.135288 0.039173
v -0.114314 0.134779 0.041075
v -0.117874 0.128120 0.041430
v -0.113130 0.134095 0.042742
v -0.116903 0.127559 0.042742
v -0.111686 0.133262 0.044110
v -0.115766 0.126903 0.043863
v -0.110039 0.132311 0.045127
v -0.113111 0.125370 0.045426
v -0.108252 0.131279 0.045753
v -0.115737 0.135601 0.032818
v -0.119227 0.128901 0.031565
v -0.115195 0.135288 0.030754
v -0.117874 0.128120 0.028498
v -0.114314 0.134779 0.028853
v -0.116903 0.127559 0.027186
v -0.113130 0.134095 0.027186
v -0.115766 0.126903 0.026065
v -0.111686 0.133262 0.025818
v -0.113111 0.125370 0.024502
v -0.108252 0.131279 0.024175
v -0.110039 0.132311 0.024801
v -0.129653 0.079278 0.025964
v -0.134261 0.081938 0.043964
v -0.129653 0.079278 0.043964
v -0.141462 0.086096 0.038408
v -0.140742 0.085680 0.039964
v -0.139772 0.085120 0.041328
v -0.138591 0.084438 0.027481
v -0.139772 0.085120 0.028600
v -0.138591 0.084438 0.042447
v -0.137244 0.083660 0.043279
v -0.135782 0.082816 0.043791
v -0.134261 0.081938 0.025964
v -0.135782 0.082816 0.026137
v -0.137244 0.083660 0.026649
v -0.141906 0.086352 0.036720
v -0.142055 0.086438 0.034964
v -0.140742 0.085680 0.029964
v -0.141462 0.086096 0.031520
v -0.141906 0.086352 0.033208
v -0.115748 0.124583 0.042245
v -0.117473 0.125579 0.029674
v -0.110040 0.121288 0.043964
v -0.111167 0.121938 0.043964
v -0.113576 0.123329 0.043523
v -0.110040 0.121288 0.025964
v -0.111167 0.121938 0.025964
v -0.113576 0.123329 0.026404
v -0.115748 0.124583 0.027683
v -0.117473 0.125579 0.040254
v -0.118580 0.126218 0.037745
v -0.118961 0.126438 0.034964
v -0.118580 0.126218 0.032183
v -0.124653 0.077938 0.040938
v -0.124653 0.077938 0.043964
v -0.040035 0.077938 0.043964
v -0.040035 0.077938 0.025964
v -0.124653 0.077938 0.025964
v -0.124653 0.077938 0.028990
v -0.125911 0.077938 0.036525
v -0.126327 0.077938 0.033974
v -0.126327 0.077938 0.035953
v -0.127317 0.077938 0.034952
v -0.127317 0.077938 0.034976
v -0.125016 0.077938 0.031472
v -0.125288 0.077938 0.032225
v -0.125911 0.077938 0.033403
v -0.124714 0.077938 0.030025
v -0.125288 0.077938 0.037703
v -0.125016 0.077938 0.038456
v -0.124714 0.077938 0.039903
v -0.030035 0.107938 0.043964
v -0.030035 0.107938 0.025964
v -0.030035 0.087938 0.043964
v -0.030035 0.087938 0.025964
v -0.097540 0.117938 0.043964
v -0.097540 0.117938 0.025964
v -0.040035 0.117938 0.043964
v -0.040035 0.117938 0.025964
v -0.127242 0.078279 0.040938
v -0.127242 0.078279 0.043964
v -0.127325 0.077938 0.034986
v -0.126940 0.077969 0.036451
v -0.126842 0.078000 0.037132
v -0.126790 0.078072 0.038333
v -0.126830 0.078120 0.039008
v -0.127024 0.078213 0.040177
v -0.127242 0.078279 0.025964
v -0.098374 0.128279 0.025964
v -0.098374 0.128279 0.028990
v -0.098457 0.127938 0.034986
v -0.098072 0.127969 0.036451
v -0.097974 0.128000 0.037132
v -0.097923 0.128072 0.038333
v -0.097963 0.128120 0.039008
v -0.098156 0.128213 0.040177
v -0.098374 0.128279 0.040938
v -0.098374 0.128279 0.043964
v -0.104011 0.118790 0.043964
v -0.107107 0.119841 0.025964
v -0.104011 0.118790 0.025964
v -0.100803 0.118152 0.043964
v -0.100803 0.118152 0.025964
v -0.107107 0.119841 0.043964
v -0.132878 0.068790 0.043964
v -0.135975 0.069841 0.025964
v -0.132878 0.068790 0.025964
v -0.129671 0.068152 0.043964
v -0.129671 0.068152 0.025964
v -0.135975 0.069841 0.043964
v -0.035035 0.079278 0.025964
v -0.034157 0.079848 0.043964
v -0.032963 0.080867 0.025964
v -0.031944 0.082060 0.043964
v -0.031374 0.082938 0.025964
v -0.031374 0.082938 0.043964
v -0.030375 0.085350 0.025964
v -0.030524 0.084848 0.043964
v -0.037446 0.078279 0.025964
v -0.036944 0.078428 0.043964
v -0.035035 0.079278 0.043964
v -0.031374 0.112938 0.025964
v -0.031944 0.113816 0.043964
v -0.032963 0.115009 0.025964
v -0.034157 0.116028 0.043964
v -0.035035 0.116599 0.025964
v -0.035035 0.116599 0.043964
v -0.037446 0.117598 0.025964
v -0.036944 0.117449 0.043964
v -0.030375 0.110526 0.025964
v -0.030524 0.111028 0.043964
v -0.031374 0.112938 0.043964
v -0.129636 0.068418 0.044964
v -0.129540 0.069144 0.045696
v -0.132619 0.069756 0.045696
v -0.135592 0.070765 0.045696
v -0.138408 0.072154 0.045696
v -0.132809 0.069049 0.044964
v -0.135872 0.070089 0.044964
v -0.138774 0.071520 0.044964
v -0.139901 0.072170 0.044964
v -0.139535 0.072804 0.045696
v -0.141590 0.073146 0.044772
v -0.141348 0.073851 0.045490
v -0.143091 0.074858 0.044879
v -0.144698 0.075786 0.043887
v -0.146107 0.076599 0.042553
v -0.147262 0.077266 0.040926
v -0.148121 0.077762 0.039071
v -0.148650 0.078067 0.037058
v -0.148829 0.078170 0.034964
v -0.143215 0.074084 0.044203
v -0.144712 0.074948 0.043279
v -0.146024 0.075706 0.042035
v -0.147101 0.076328 0.040520
v -0.147902 0.076790 0.038791
v -0.148394 0.077074 0.036915
v -0.148561 0.077170 0.034964
v -0.148394 0.077074 0.033013
v -0.148650 0.078067 0.032870
v -0.148121 0.077762 0.030857
v -0.147262 0.077266 0.029001
v -0.146107 0.076599 0.027375
v -0.144698 0.075786 0.026041
v -0.143091 0.074858 0.025049
v -0.141348 0.073851 0.024438
v -0.139535 0.072804 0.024232
v -0.147902 0.076790 0.031137
v -0.147101 0.076328 0.029408
v -0.146024 0.075706 0.027893
v -0.144712 0.074948 0.026649
v -0.143215 0.074084 0.025725
v -0.141590 0.073146 0.025156
v -0.139901 0.072170 0.024964
v -0.138774 0.071520 0.024964
v -0.138408 0.072154 0.024232
v -0.129540 0.069144 0.024232
v -0.129636 0.068418 0.024964
v -0.132809 0.069049 0.024964
v -0.135872 0.070089 0.024964
v -0.132619 0.069756 0.024232
v -0.135592 0.070765 0.024232
v -0.124653 0.077670 0.024964
v -0.124653 0.076938 0.024232
v -0.127500 0.077313 0.024232
v -0.127311 0.078020 0.024964
v -0.130271 0.078209 0.024116
v -0.130153 0.078412 0.024232
v -0.129946 0.078771 0.024550
v -0.129729 0.079146 0.025199
v -0.129787 0.079046 0.024964
v -0.134878 0.080869 0.024116
v -0.134761 0.081072 0.024232
v -0.134554 0.081431 0.024550
v -0.134395 0.081706 0.024964
v -0.134337 0.081806 0.025199
v -0.040035 0.076938 0.024232
v -0.040035 0.077670 0.024964
v -0.136574 0.082119 0.024438
v -0.136085 0.082682 0.025156
v -0.138318 0.083126 0.025049
v -0.139925 0.084053 0.026041
v -0.141333 0.084867 0.027375
v -0.142489 0.085534 0.029001
v -0.143348 0.086030 0.030857
v -0.143877 0.086335 0.032870
v -0.144055 0.086438 0.034964
v -0.137709 0.083620 0.025725
v -0.139206 0.084484 0.026649
v -0.140519 0.085242 0.027893
v -0.141596 0.085864 0.029408
v -0.142396 0.086326 0.031137
v -0.142889 0.086610 0.033013
v -0.143055 0.086706 0.034964
v -0.029767 0.087938 0.024964
v -0.030116 0.085281 0.024964
v -0.029035 0.087938 0.024232
v -0.029409 0.085091 0.024232
v -0.030508 0.082438 0.024232
v -0.032256 0.080160 0.024232
v -0.034535 0.078412 0.024232
v -0.037188 0.077313 0.024232
v -0.031142 0.082804 0.024964
v -0.032774 0.080678 0.024964
v -0.034901 0.079046 0.024964
v -0.037377 0.078020 0.024964
v -0.142889 0.086610 0.036915
v -0.143877 0.086335 0.037058
v -0.143348 0.086030 0.039071
v -0.142489 0.085534 0.040926
v -0.141333 0.084867 0.042553
v -0.139925 0.084053 0.043887
v -0.138318 0.083126 0.044879
v -0.136574 0.082119 0.045490
v -0.134761 0.081072 0.045696
v -0.142396 0.086326 0.038791
v -0.141596 0.085864 0.040520
v -0.140519 0.085242 0.042035
v -0.139206 0.084484 0.043279
v -0.137709 0.083620 0.044203
v -0.136085 0.082682 0.044772
v -0.134395 0.081706 0.044964
v -0.029035 0.107938 0.024232
v -0.029767 0.107938 0.024964
v -0.130153 0.078412 0.045696
v -0.129787 0.079046 0.044964
v -0.040035 0.118206 0.024964
v -0.037377 0.117856 0.024964
v -0.040035 0.118938 0.024232
v -0.037188 0.118563 0.024232
v -0.034535 0.117465 0.024232
v -0.032256 0.115716 0.024232
v -0.030508 0.113438 0.024232
v -0.029409 0.110785 0.024232
v -0.034901 0.116831 0.024964
v -0.032774 0.115199 0.024964
v -0.031142 0.113072 0.024964
v -0.030116 0.110596 0.024964
v -0.124653 0.077670 0.044964
v -0.127311 0.078020 0.044964
v -0.124653 0.076938 0.045696
v -0.127500 0.077313 0.045696
v -0.097540 0.118938 0.024232
v -0.097540 0.118206 0.024964
v -0.040035 0.076938 0.045696
v -0.040035 0.077670 0.044964
v -0.100673 0.119144 0.024232
v -0.100768 0.118418 0.024964
v -0.103941 0.119049 0.024964
v -0.107005 0.120089 0.024964
v -0.109906 0.121520 0.024964
v -0.103752 0.119756 0.024232
v -0.106725 0.120765 0.024232
v -0.109540 0.122154 0.024232
v -0.029035 0.087938 0.045696
v -0.029573 0.084539 0.045696
v -0.029767 0.087938 0.044964
v -0.030269 0.084765 0.044964
v -0.031728 0.081903 0.044964
v -0.033999 0.079631 0.044964
v -0.036862 0.078173 0.044964
v -0.031135 0.081473 0.045696
v -0.033569 0.079039 0.045696
v -0.036635 0.077477 0.045696
v -0.110550 0.123007 0.024116
v -0.110667 0.122804 0.024232
v -0.110874 0.122446 0.024550
v -0.111033 0.122170 0.024964
v -0.111091 0.122070 0.025199
v -0.029035 0.107938 0.045696
v -0.029767 0.107938 0.044964
v -0.119548 0.126953 0.034964
v -0.119134 0.126714 0.031946
v -0.119893 0.127653 0.034964
v -0.119452 0.127398 0.031746
v -0.119944 0.128431 0.034964
v -0.119484 0.128166 0.031612
v -0.118150 0.127395 0.028588
v -0.116072 0.126196 0.026188
v -0.113453 0.124684 0.024647
v -0.118171 0.126658 0.028843
v -0.116175 0.125506 0.026539
v -0.113661 0.124055 0.025059
v -0.117933 0.126020 0.029224
v -0.116062 0.124940 0.027064
v -0.113704 0.123579 0.025676
v -0.040035 0.118938 0.045696
v -0.036635 0.118400 0.045696
v -0.040035 0.118206 0.044964
v -0.036862 0.117704 0.044964
v -0.033999 0.116245 0.044964
v -0.031728 0.113974 0.044964
v -0.030269 0.111111 0.044964
v -0.033569 0.116837 0.045696
v -0.031135 0.114404 0.045696
v -0.029573 0.111337 0.045696
v -0.111091 0.122070 0.044729
v -0.113704 0.123579 0.044251
v -0.110874 0.122446 0.045378
v -0.113661 0.124055 0.044868
v -0.110550 0.123007 0.045812
v -0.113453 0.124684 0.045281
v -0.116072 0.126196 0.043740
v -0.118150 0.127395 0.041340
v -0.119484 0.128166 0.038316
v -0.116175 0.125506 0.043389
v -0.118171 0.126658 0.041085
v -0.119452 0.127398 0.038182
v -0.116062 0.124940 0.042864
v -0.117933 0.126020 0.040704
v -0.119134 0.126714 0.037982
v -0.097540 0.118938 0.045696
v -0.097540 0.118206 0.044964
v -0.109540 0.122154 0.045696
v -0.109747 0.121795 0.045378
v -0.109906 0.121520 0.044964
v -0.100768 0.118418 0.044964
v -0.100673 0.119144 0.045696
v -0.103752 0.119756 0.045696
v -0.106725 0.120765 0.045696
v -0.103941 0.119049 0.044964
v -0.107005 0.120089 0.044964
v -0.098443 0.128020 0.044964
v -0.098633 0.127313 0.045696
v -0.100920 0.129046 0.044964
v -0.101286 0.128412 0.045696
v -0.105528 0.131706 0.044964
v -0.105894 0.131072 0.045696
v -0.114188 0.136706 0.034964
v -0.114021 0.136610 0.036915
v -0.115188 0.136438 0.034964
v -0.115009 0.136335 0.037058
v -0.114480 0.136030 0.039071
v -0.113621 0.135534 0.040926
v -0.112466 0.134867 0.042553
v -0.111057 0.134053 0.043887
v -0.109450 0.133126 0.044879
v -0.107707 0.132119 0.045490
v -0.113529 0.136326 0.038791
v -0.112728 0.135864 0.040520
v -0.111651 0.135242 0.042035
v -0.110339 0.134484 0.043279
v -0.108842 0.133620 0.044203
v -0.107217 0.132682 0.044772
v -0.106011 0.130869 0.024116
v -0.105686 0.131431 0.024550
v -0.105894 0.131072 0.024232
v -0.107707 0.132119 0.024438
v -0.105470 0.131806 0.025199
v -0.105528 0.131706 0.024964
v -0.107217 0.132682 0.025156
v -0.109450 0.133126 0.025049
v -0.111057 0.134053 0.026041
v -0.112466 0.134867 0.027375
v -0.113621 0.135534 0.029001
v -0.114480 0.136030 0.030857
v -0.115009 0.136335 0.032870
v -0.108842 0.133620 0.025725
v -0.110339 0.134484 0.026649
v -0.111651 0.135242 0.027893
v -0.112728 0.135864 0.029408
v -0.113529 0.136326 0.031137
v -0.114021 0.136610 0.033013
v -0.100862 0.129146 0.025199
v -0.100920 0.129046 0.024964
v -0.101079 0.128771 0.024550
v -0.101286 0.128412 0.024232
v -0.101403 0.128209 0.024116
v -0.098633 0.127313 0.024232
v -0.098443 0.128020 0.024964
v -0.020035 -0.000000 -0.059349
v -0.020035 0.002787 -0.056755
v -0.020035 0.006489 -0.055865
v -0.020035 -0.040309 -0.061117
v -0.020035 -0.047228 -0.059514
v -0.020035 -0.045282 -0.058375
v -0.020035 -0.045303 -0.058363
v -0.020035 0.006335 -0.061363
v -0.020035 0.005335 -0.061631
v -0.020035 -0.001148 -0.062863
v -0.020035 0.004603 -0.062363
v -0.020035 0.004335 -0.063363
v -0.020035 -0.054665 -0.065095
v -0.020035 -0.053665 -0.065363
v -0.020035 -0.059310 -0.068301
v -0.020035 -0.000639 -0.066122
v -0.020035 -0.077011 -0.086002
v -0.020035 -0.074670 -0.089840
v -0.020035 -0.076548 -0.096851
v -0.020035 -0.074673 -0.093464
v -0.020035 -0.055397 -0.064363
v -0.020035 -0.060916 -0.065280
v -0.020035 -0.055665 -0.063363
v -0.020035 -0.060981 -0.061714
v -0.020035 -0.055397 -0.062363
v -0.020035 -0.059392 -0.058521
v -0.020035 -0.054665 -0.061631
v -0.020035 -0.056507 -0.056423
v -0.020035 -0.053665 -0.061363
v -0.020035 -0.052980 -0.055894
v -0.020035 -0.052665 -0.061631
v -0.020035 -0.049607 -0.057055
v -0.020035 -0.051933 -0.062363
v -0.020035 -0.051665 -0.063363
v -0.020035 -0.051933 -0.064363
v -0.020035 -0.052665 -0.065095
v -0.020035 -0.037948 -0.062307
v -0.020035 0.007335 -0.061631
v -0.020035 0.010151 -0.056907
v -0.020035 0.008067 -0.062363
v -0.020035 0.012772 -0.059514
v -0.020035 0.008335 -0.063363
v -0.020035 0.013810 -0.062755
v -0.020035 0.008067 -0.064363
v -0.020035 0.013253 -0.066260
v -0.020035 0.007335 -0.065095
v -0.020035 0.011148 -0.069116
v -0.020035 0.006335 -0.065363
v -0.020035 -0.037047 -0.062646
v -0.020035 -0.036103 -0.062837
v -0.020035 -0.035610 -0.062863
v -0.020035 -0.080949 -0.089915
v -0.020035 -0.080234 -0.084346
v -0.020035 -0.081949 -0.089647
v -0.020035 -0.084104 -0.084463
v -0.020035 -0.082949 -0.089915
v -0.020035 -0.087399 -0.086495
v -0.020035 -0.083681 -0.090647
v -0.020035 -0.089242 -0.089899
v -0.020035 -0.083949 -0.091647
v -0.020035 -0.089143 -0.093768
v -0.020035 -0.083681 -0.092647
v -0.020035 -0.087127 -0.097073
v -0.020035 -0.082949 -0.093379
v -0.020035 -0.083732 -0.098932
v -0.020035 -0.081949 -0.093647
v -0.020035 -0.079862 -0.098851
v -0.020035 -0.080949 -0.093379
v -0.020035 -0.080217 -0.092647
v -0.020035 -0.079949 -0.091647
v -0.020035 -0.080217 -0.090647
v -0.020035 0.007965 -0.070684
v -0.020035 0.004417 -0.070614
v -0.020035 0.005335 -0.065095
v -0.020035 0.001299 -0.068921
v -0.020035 0.004603 -0.064363
v 0.019965 0.127288 0.006964
v 0.019965 0.123944 0.006964
v 0.019965 0.120851 0.005115
v 0.019965 0.110873 0.010747
v 0.019965 0.074517 0.006964
v 0.019965 0.112944 0.009158
v 0.019965 0.115356 0.008159
v 0.019965 0.117944 0.007818
v 0.019965 0.119876 0.007818
v 0.019965 0.126288 0.007232
v 0.019965 0.125556 0.007964
v 0.019965 0.125288 0.008964
v 0.019965 0.120143 0.011242
v 0.019965 0.125556 0.009964
v 0.019965 0.122095 0.014375
v 0.019965 0.126288 0.010696
v 0.019965 0.123242 0.002649
v 0.019965 0.126745 0.001484
v 0.019965 0.128288 0.007232
v 0.019965 0.130380 0.002131
v 0.019965 0.129020 0.007964
v 0.019965 0.133265 0.004433
v 0.019965 0.129288 0.008964
v 0.019965 0.134703 0.007834
v 0.019965 0.129020 0.009964
v 0.019965 0.134343 0.011508
v 0.019965 0.128288 0.010696
v 0.019965 0.132275 0.014566
v 0.019965 0.127288 0.010964
v 0.019965 0.128998 0.016266
v 0.019965 0.125306 0.016197
v 0.019965 0.077932 0.007818
v 0.019965 0.080521 0.008159
v 0.019965 0.082932 0.009158
v 0.019965 0.085003 0.010747
v 0.019965 0.069288 0.008964
v 0.019965 0.074700 0.007818
v 0.019965 0.069020 0.009964
v 0.019965 0.074434 0.011242
v 0.019965 0.068288 0.010696
v 0.019965 0.109284 0.012818
v 0.019965 0.087592 0.015230
v 0.019965 0.086593 0.012818
v 0.019965 0.072887 0.003973
v 0.019965 0.069020 0.007964
v 0.019965 0.070004 0.001973
v 0.019965 0.068288 0.007232
v 0.019965 0.066528 0.001503
v 0.019965 0.067288 0.006964
v 0.019965 0.063218 0.002665
v 0.019965 0.066288 0.007232
v 0.019965 0.060851 0.005115
v 0.019965 0.065556 0.007964
v 0.019965 0.059811 0.008387
v 0.019965 0.065288 0.008964
v 0.019965 0.060404 0.011940
v 0.019965 0.065556 0.009964
v 0.019965 0.062585 0.014806
v 0.019965 0.066288 0.010696
v 0.019965 0.065851 0.016325
v 0.019965 0.067288 0.010964
v 0.019965 0.069449 0.016146
v 0.019965 0.072548 0.014311
v 0.019965 0.107944 0.017818
v 0.019965 0.107944 0.023964
v 0.019965 0.087932 0.023964
v 0.019965 0.108285 0.015230
v 0.019965 0.087932 0.017818
v 0.004965 -0.308071 0.069826
v 0.004965 -0.304468 0.069256
v 0.004965 -0.311935 0.073569
v 0.004965 -0.056507 -0.056423
v 0.004965 -0.056115 -0.056275
v 0.004965 -0.297816 0.078374
v 0.004965 -0.380418 0.062764
v 0.004965 -0.380099 0.061158
v 0.004965 -0.374363 0.064393
v 0.004965 -0.059392 -0.058521
v 0.004965 -0.298581 0.073076
v 0.004965 -0.060217 -0.059713
v 0.004965 -0.326516 0.051380
v 0.004965 -0.375897 0.059520
v 0.004965 -0.373845 0.062960
v 0.004965 -0.377521 0.059308
v 0.004965 -0.379047 0.059903
v 0.004965 -0.379926 0.064326
v 0.004965 -0.378744 0.065459
v 0.004965 -0.377163 0.065884
v 0.004965 -0.375572 0.065497
v 0.004965 -0.374575 0.060487
v 0.004965 -0.373905 0.061854
v 0.004965 -0.362876 0.062960
v 0.004965 -0.357149 0.061854
v 0.004965 -0.348335 0.063997
v 0.004965 -0.349847 0.060636
v 0.004965 -0.334088 0.067086
v 0.004965 -0.343335 0.057114
v 0.004965 -0.338843 0.053620
v 0.004965 -0.333417 0.050442
v 0.004965 -0.332417 0.050174
v 0.004965 -0.331685 0.049442
v 0.004965 -0.325929 0.048025
v 0.004965 -0.331417 0.048442
v 0.004965 -0.326865 0.044792
v 0.004965 -0.331685 0.047442
v 0.004965 -0.329232 0.042219
v 0.004965 -0.332417 0.046710
v 0.004965 -0.332660 0.040980
v 0.004965 -0.333417 0.046442
v 0.004965 -0.336266 0.041505
v 0.004965 -0.334417 0.046710
v 0.004965 -0.339200 0.043667
v 0.004965 -0.335149 0.047442
v 0.004965 -0.340768 0.046957
v 0.004965 -0.335417 0.048442
v 0.004965 -0.340600 0.050598
v 0.004965 -0.335149 0.049442
v 0.004965 -0.334417 0.050174
v 0.004965 -0.304133 0.074994
v 0.004965 -0.305133 0.074726
v 0.004965 -0.306133 0.074994
v 0.004965 -0.306865 0.075726
v 0.004965 -0.312620 0.077158
v 0.004965 -0.307133 0.076726
v 0.004965 -0.311430 0.080801
v 0.004965 -0.306865 0.077726
v 0.004965 -0.308595 0.083379
v 0.004965 -0.306133 0.078458
v 0.004965 -0.304857 0.084221
v 0.004965 -0.305133 0.078726
v 0.004965 -0.301190 0.083107
v 0.004965 -0.304133 0.078458
v 0.004965 -0.298553 0.080326
v 0.004965 -0.303401 0.077726
v 0.004965 -0.303133 0.076726
v 0.004965 -0.303401 0.075726
v 0.004965 -0.301022 0.070453
v -0.005035 -0.373905 0.061854
v -0.005035 -0.374575 0.060487
v -0.005035 -0.375897 0.059520
v -0.005035 -0.335149 0.049442
v -0.005035 -0.335417 0.048442
v -0.005035 -0.338843 0.053620
v -0.005035 -0.379047 0.059903
v -0.005035 -0.380099 0.061158
v -0.005035 -0.374363 0.064393
v -0.005035 -0.380418 0.062764
v -0.005035 -0.311935 0.073569
v -0.005035 -0.304468 0.069256
v -0.005035 -0.308071 0.069826
v -0.005035 -0.377163 0.065884
v -0.005035 -0.375572 0.065497
v -0.005035 -0.378744 0.065459
v -0.005035 -0.379926 0.064326
v -0.005035 -0.334088 0.067086
v -0.005035 -0.326516 0.051380
v -0.005035 -0.343335 0.057114
v -0.005035 -0.348335 0.063997
v -0.005035 -0.349847 0.060636
v -0.005035 -0.357149 0.061854
v -0.005035 -0.362876 0.062960
v -0.005035 -0.373845 0.062960
v -0.005035 -0.377521 0.059308
v -0.005035 -0.340600 0.050598
v -0.005035 -0.340768 0.046957
v -0.005035 -0.339200 0.043667
v -0.005035 -0.335149 0.047442
v -0.005035 -0.336266 0.041505
v -0.005035 -0.334417 0.046710
v -0.005035 -0.332660 0.040980
v -0.005035 -0.333417 0.046442
v -0.005035 -0.329232 0.042219
v -0.005035 -0.332417 0.046710
v -0.005035 -0.326865 0.044792
v -0.005035 -0.331685 0.047442
v -0.005035 -0.325929 0.048025
v -0.005035 -0.331417 0.048442
v -0.005035 -0.306865 0.075726
v -0.005035 -0.306133 0.074994
v -0.005035 -0.305133 0.074726
v -0.005035 -0.301022 0.070453
v -0.005035 -0.304133 0.074994
v -0.005035 -0.298581 0.073076
v -0.005035 -0.303401 0.075726
v -0.005035 -0.297634 0.076606
v -0.005035 -0.303133 0.076726
v -0.005035 -0.298553 0.080326
v -0.005035 -0.303401 0.077726
v -0.005035 -0.301190 0.083107
v -0.005035 -0.304133 0.078458
v -0.005035 -0.304857 0.084221
v -0.005035 -0.305133 0.078726
v -0.005035 -0.308595 0.083379
v -0.005035 -0.306133 0.078458
v -0.005035 -0.311430 0.080801
v -0.005035 -0.306865 0.077726
v -0.005035 -0.312620 0.077158
v -0.005035 -0.307133 0.076726
v -0.005035 -0.331685 0.049442
v -0.005035 -0.332417 0.050174
v -0.005035 -0.333417 0.050442
v -0.005035 -0.334417 0.050174
v -0.004654 -0.297866 0.074869
v -0.003570 -0.297634 0.076596
v -0.001948 -0.297723 0.077886
v -0.000035 -0.297816 0.078374
v 0.002465 -0.312595 0.075980
v 0.003422 -0.312574 0.075788
v -0.004950 -0.312183 0.074168
v -0.004700 -0.312366 0.074745
v -0.004302 -0.312486 0.075250
v -0.002535 -0.312595 0.075980
v -0.003785 -0.312554 0.075643
v -0.003184 -0.312586 0.075894
v 0.004233 -0.312486 0.075249
v 0.004775 -0.312283 0.074464
v -0.002535 -0.334790 0.069485
v 0.002465 -0.334790 0.069485
v 0.002063 -0.370419 0.065460
v 0.002465 -0.370587 0.065460
v 0.002465 -0.362876 0.065460
v -0.002535 -0.370587 0.065460
v -0.001666 -0.370286 0.065460
v -0.002535 -0.362876 0.065460
v -0.000835 -0.370196 0.065460
v 0.000765 -0.370196 0.065460
v 0.000765 -0.370849 0.066694
v -0.000835 -0.370849 0.066694
v 0.000765 -0.372394 0.068405
v -0.000835 -0.372394 0.068405
v 0.000765 -0.373597 0.069204
v -0.000835 -0.373597 0.069204
v 0.000765 -0.375726 0.069953
v -0.000835 -0.375726 0.069953
v 0.000765 -0.377213 0.070084
v -0.000835 -0.377213 0.070084
v 0.000765 -0.379394 0.069732
v -0.000835 -0.379394 0.069732
v 0.000765 -0.380807 0.069117
v -0.000835 -0.380807 0.069117
v 0.000765 -0.382516 0.067796
v -0.000835 -0.382516 0.067796
v 0.000765 -0.383494 0.066542
v -0.000835 -0.383494 0.066542
v 0.000765 -0.384345 0.064609
v -0.000835 -0.384345 0.064609
v 0.000765 -0.384612 0.062993
v -0.000835 -0.384612 0.062993
v 0.000765 -0.384440 0.060936
v -0.000835 -0.384440 0.060936
v 0.000765 -0.383886 0.059343
v -0.000835 -0.383886 0.059343
v 0.000765 -0.382779 0.057658
v -0.000835 -0.382779 0.057658
v 0.000765 -0.381495 0.056491
v -0.000835 -0.381495 0.056491
v 0.000765 -0.379760 0.055563
v -0.000835 -0.379760 0.055563
v 0.000765 -0.378028 0.055139
v -0.000835 -0.378028 0.055139
v 0.000765 -0.376109 0.055153
v -0.000835 -0.376109 0.055153
v 0.000765 -0.374338 0.055621
v -0.000835 -0.374338 0.055621
v 0.000765 -0.372701 0.056527
v -0.000835 -0.372701 0.056527
v 0.000765 -0.371333 0.057817
v -0.000835 -0.371333 0.057817
v 0.000765 -0.370354 0.059354
v -0.000835 -0.370354 0.059354
v -0.002107 -0.370574 0.059354
v -0.002535 -0.370755 0.059354
v -0.002535 -0.357149 0.059354
v 0.002465 -0.370755 0.059354
v 0.001490 -0.370424 0.059354
v 0.002465 -0.357149 0.059354
v 0.002465 -0.344870 0.055141
v -0.002535 -0.344870 0.055141
v 0.002465 -0.340245 0.051544
v -0.002535 -0.340245 0.051544
v 0.004791 -0.327603 0.043705
v -0.003491 -0.340162 0.051721
v 0.004775 -0.339458 0.052887
v 0.004233 -0.339904 0.052206
v 0.003422 -0.340162 0.051721
v -0.004302 -0.339904 0.052206
v -0.004844 -0.339458 0.052887
v 0.004296 -0.328456 0.042817
v -0.001353 -0.330747 0.041434
v -0.000035 -0.330967 0.041354
v 0.001279 -0.330748 0.041433
v 0.002465 -0.330175 0.041679
v 0.003544 -0.329318 0.042162
v -0.004860 -0.327602 0.043705
v -0.004356 -0.328468 0.042807
v -0.003701 -0.329232 0.042219
v -0.002535 -0.330175 0.041679
v 0.019965 -0.074670 -0.089840
v 0.019965 -0.074673 -0.093464
v 0.019808 -0.074476 -0.091017
v 0.019363 -0.074465 -0.092137
v -0.018343 -0.074692 -0.093539
v -0.017785 -0.074821 -0.093981
v -0.016722 -0.075017 -0.094509
v -0.015535 -0.075100 -0.094703
v 0.015465 -0.075100 -0.094703
v 0.019965 -0.076548 -0.096851
v 0.016648 -0.075017 -0.094511
v 0.017726 -0.074819 -0.093974
v 0.018354 -0.074673 -0.093464
v -0.019877 -0.074476 -0.091016
v -0.019432 -0.074465 -0.092137
v -0.019877 -0.077969 -0.085291
v -0.019432 -0.078960 -0.084769
v 0.015465 -0.081532 -0.084159
v -0.015535 -0.081532 -0.084159
v -0.016718 -0.081323 -0.084174
v -0.017795 -0.080755 -0.084243
v -0.018423 -0.080234 -0.084346
v 0.017188 -0.081086 -0.084197
v 0.019965 -0.084104 -0.084463
v 0.018354 -0.080234 -0.084346
v 0.019965 -0.080234 -0.084346
v 0.019623 -0.078455 -0.085011
v 0.019965 -0.077011 -0.086002
v 0.019965 -0.089242 -0.089899
v 0.004539 -0.089242 -0.089899
v 0.019965 -0.089143 -0.093768
v 0.004296 -0.089343 -0.090390
v 0.002465 -0.089406 -0.092450
v 0.001283 -0.089314 -0.093066
v -0.000035 -0.089266 -0.093295
v -0.001348 -0.089314 -0.093067
v -0.002535 -0.089406 -0.092450
v -0.004365 -0.089343 -0.090390
v -0.004608 -0.089242 -0.089899
v -0.005035 -0.088501 -0.087997
v -0.004654 -0.087353 -0.086447
v -0.003570 -0.086007 -0.085340
v -0.001948 -0.084863 -0.084736
v -0.000035 -0.084399 -0.084559
v 0.001879 -0.084863 -0.084736
v 0.003501 -0.086007 -0.085340
v 0.019965 -0.087399 -0.086495
v 0.004611 -0.087399 -0.086495
v 0.004965 -0.088501 -0.087997
v 0.019965 -0.079862 -0.098851
v 0.019965 -0.083732 -0.098932
v 0.019965 -0.087127 -0.097073
v -0.015535 0.002537 -0.069830
v 0.015465 0.002537 -0.069830
v -0.019877 -0.000113 -0.067193
v 0.019791 0.013345 -0.060697
v 0.019965 0.012772 -0.059514
v 0.019965 0.013810 -0.062755
v 0.019296 0.013687 -0.061880
v -0.016353 0.013740 -0.064555
v -0.015035 0.013699 -0.064785
v 0.014965 0.013699 -0.064785
v 0.019965 0.013253 -0.066260
v 0.016279 0.013740 -0.064557
v 0.017465 0.013813 -0.063937
v 0.018626 0.013818 -0.062856
v -0.019860 0.013345 -0.060696
v -0.019357 0.013690 -0.061893
v -0.018778 0.013810 -0.062755
v -0.017535 0.013813 -0.063937
v -0.019432 0.000529 -0.068111
v 0.019965 0.004417 -0.070614
v 0.019965 0.001299 -0.068921
v 0.018488 0.001366 -0.068981
v 0.017715 0.001891 -0.069404
v 0.016653 0.002356 -0.069721
v -0.016718 0.002358 -0.069722
v -0.017798 0.001883 -0.069399
v -0.018641 0.001299 -0.068921
v 0.019965 -0.000639 -0.066122
v 0.019808 -0.000114 -0.067193
v 0.019363 0.000529 -0.068111
v 0.019965 0.011148 -0.069116
v 0.019965 0.007965 -0.070684
v -0.015035 0.125057 0.001804
v 0.014965 0.125057 0.001804
v -0.019860 0.121622 0.004050
v -0.020035 0.120851 0.005115
v -0.020035 0.123242 0.002649
v 0.019794 0.119790 0.009117
v 0.019296 0.119912 0.010318
v -0.015035 0.120855 0.012818
v 0.014965 0.120855 0.012818
v -0.020035 0.122095 0.014375
v -0.016335 0.120754 0.012646
v 0.016268 0.120754 0.012646
v 0.017465 0.120498 0.012148
v 0.018507 0.120177 0.011348
v -0.020035 0.120143 0.011242
v -0.020035 0.119876 0.007818
v -0.019864 0.119790 0.009113
v -0.019365 0.119912 0.010318
v -0.018576 0.120177 0.011348
v -0.017535 0.120498 0.012148
v -0.019365 0.122503 0.003189
v 0.016283 0.124834 0.001877
v -0.016348 0.124836 0.001876
v -0.020035 0.126745 0.001484
v -0.017535 0.124255 0.002105
v -0.018669 0.123328 0.002595
v 0.019791 0.121621 0.004051
v 0.019288 0.122513 0.003180
v 0.018684 0.123242 0.002649
v 0.017465 0.124255 0.002105
v -0.020035 0.125306 0.016197
v -0.020035 0.128998 0.016266
v -0.020035 0.132275 0.014566
v -0.020035 0.134343 0.011508
v -0.020035 0.134703 0.007834
v -0.020035 0.133265 0.004433
v -0.020035 0.130380 0.002131
v 0.014965 0.117944 0.012818
v -0.015035 0.117944 0.012818
v -0.015035 0.112944 0.023964
v 0.014965 0.112944 0.023964
v -0.015035 0.112944 0.017818
v 0.014965 0.112944 0.017818
v -0.000035 0.092938 0.023964
v 0.014965 0.082932 0.023964
v -0.015035 0.082932 0.023964
v -0.017535 0.083602 0.023964
v -0.019365 0.085432 0.023964
v -0.020035 0.087932 0.023964
v -0.020035 0.107944 0.023964
v -0.019365 0.110444 0.023964
v -0.017535 0.112274 0.023964
v 0.017465 0.112274 0.023964
v 0.019296 0.110444 0.023964
v 0.019296 0.085432 0.023964
v 0.017465 0.083602 0.023964
v -0.015035 0.082932 0.017818
v 0.014965 0.082932 0.017818
v -0.015035 0.077932 0.012818
v -0.015035 0.073722 0.012818
v 0.014965 0.077932 0.012818
v 0.014965 0.073722 0.012818
v -0.019863 0.074787 0.009117
v -0.020035 0.074700 0.007818
v -0.020035 0.074434 0.011242
v 0.019791 0.060278 0.006297
v 0.019296 0.059936 0.007481
v -0.015035 0.059924 0.010386
v 0.014965 0.059924 0.010386
v 0.016279 0.059884 0.010157
v 0.017465 0.059810 0.009537
v 0.018600 0.059803 0.008489
v -0.020035 0.060851 0.005115
v -0.019654 0.060082 0.006884
v -0.020035 0.059811 0.008387
v -0.018570 0.059797 0.008604
v -0.020035 0.060404 0.011940
v -0.016948 0.059846 0.009896
v -0.019365 0.074665 0.010318
v 0.016266 0.073822 0.012646
v -0.016337 0.073822 0.012646
v -0.020035 0.072548 0.014311
v -0.017535 0.074079 0.012148
v -0.018576 0.074399 0.011348
v 0.019795 0.074787 0.009113
v 0.019296 0.074665 0.010318
v 0.018507 0.074399 0.011348
v 0.017465 0.074079 0.012148
v -0.020035 0.062585 0.014806
v -0.020035 0.065851 0.016325
v -0.020035 0.069449 0.016146
v -0.015035 -0.051433 -0.056203
v 0.014965 -0.051433 -0.056203
v -0.019654 -0.048423 -0.057999
v -0.015535 -0.061153 -0.063780
v -0.003023 -0.061153 -0.063780
v -0.004563 -0.060981 -0.061714
v 0.019965 -0.056507 -0.056423
v 0.019623 -0.060301 -0.066857
v 0.019965 -0.059310 -0.068301
v 0.019965 -0.060916 -0.065280
v 0.004494 -0.060981 -0.061714
v 0.019965 -0.060981 -0.061714
v 0.002954 -0.061153 -0.063780
v 0.015465 -0.061153 -0.063780
v 0.017188 -0.061115 -0.064227
v 0.018647 -0.060889 -0.065380
v 0.019965 -0.059392 -0.058521
v -0.001795 -0.056507 -0.056423
v 0.019965 -0.052980 -0.055894
v -0.000035 -0.056115 -0.056275
v -0.004654 -0.059069 -0.058162
v -0.003570 -0.057722 -0.057056
v -0.018540 -0.060938 -0.065193
v -0.017785 -0.061070 -0.064550
v -0.016722 -0.061139 -0.063991
v -0.005035 -0.060217 -0.059713
v -0.019877 -0.060021 -0.067344
v -0.019432 -0.060543 -0.066353
v 0.016283 -0.051211 -0.056276
v -0.016948 -0.050965 -0.056366
v -0.018763 -0.049607 -0.057055
v 0.019965 -0.049607 -0.057055
v 0.019965 -0.047228 -0.059514
v 0.019791 -0.047998 -0.058450
v 0.019288 -0.048890 -0.057580
v 0.018694 -0.049607 -0.057055
v 0.017465 -0.050631 -0.056504
v -0.001948 -0.061602 -0.064229
v -0.000035 -0.061882 -0.064509
v 0.001879 -0.061602 -0.064229
v 0.004585 -0.299729 0.071526
v 0.003556 -0.301022 0.070453
v 0.001879 -0.302219 0.069815
v -0.000035 -0.302683 0.069638
v -0.004654 -0.299729 0.071526
v -0.003570 -0.301075 0.070419
v -0.001948 -0.302219 0.069815
v -0.004654 -0.326151 0.046584
v -0.000035 -0.326100 0.050090
v -0.001948 -0.326007 0.049602
v -0.003808 -0.325929 0.048025
v 0.004585 -0.326151 0.046584
v 0.003501 -0.325918 0.048312
v 0.001879 -0.326007 0.049602
v -0.020035 0.074517 0.006964
v -0.020035 0.072887 0.003973
v -0.020035 0.070004 0.001973
v -0.020035 0.081759 0.008580
v -0.020035 0.085003 0.010747
v -0.020035 0.123944 0.006964
v -0.020035 0.125288 0.008964
v -0.020035 0.125556 0.007964
v -0.020035 0.126288 0.007232
v -0.020035 0.126288 0.010696
v -0.020035 0.125556 0.009964
v -0.020035 0.077932 0.007818
v -0.020035 0.068288 0.007232
v -0.020035 0.117944 0.007818
v -0.020035 0.127288 0.006964
v -0.020035 0.128288 0.007232
v -0.020035 0.129020 0.007964
v -0.020035 0.129288 0.008964
v -0.020035 0.129020 0.009964
v -0.020035 0.128288 0.010696
v -0.020035 0.127288 0.010964
v -0.020035 0.067288 0.006964
v -0.020035 0.066528 0.001503
v -0.020035 0.066288 0.007232
v -0.020035 0.063218 0.002665
v -0.020035 0.065556 0.007964
v -0.020035 0.065288 0.008964
v -0.020035 0.065556 0.009964
v -0.020035 0.066288 0.010696
v -0.020035 0.067288 0.010964
v -0.020035 0.068288 0.010696
v -0.020035 0.087932 0.017818
v -0.020035 0.069020 0.007964
v -0.020035 0.069288 0.008964
v -0.020035 0.069020 0.009964
v -0.020035 0.107944 0.017818
v -0.020035 0.108705 0.013991
v -0.020035 0.087171 0.013991
v -0.020035 0.110873 0.010747
v -0.020035 0.114117 0.008580
v 0.014965 -0.035561 -0.058363
v 0.015465 -0.035610 -0.058363
v 0.015465 0.000745 -0.058363
v -0.015035 -0.035561 -0.058363
v -0.015535 0.000745 -0.058363
v -0.015535 -0.035610 -0.058363
v 0.019965 -0.001148 -0.062863
v 0.019965 -0.000000 -0.059349
v 0.019808 -0.000974 -0.061683
v 0.019363 -0.000643 -0.060613
v -0.018269 0.000038 -0.059290
v -0.017785 0.000259 -0.058966
v -0.016722 0.000606 -0.058523
v 0.019965 0.002787 -0.056755
v 0.016648 0.000607 -0.058521
v 0.017724 0.000256 -0.058971
v 0.018276 -0.000000 -0.059349
v -0.019877 -0.000974 -0.061684
v -0.019432 -0.000643 -0.060613
v -0.019654 0.011577 -0.057999
v -0.018570 0.010197 -0.056934
v 0.019965 0.006489 -0.055865
v 0.019965 0.010151 -0.056907
v 0.018359 0.010064 -0.056855
v 0.017465 0.009369 -0.056504
v 0.016283 0.008789 -0.056276
v 0.014965 0.008567 -0.056203
v -0.016948 0.009035 -0.056366
v -0.015035 0.008567 -0.056203
v 0.019791 0.012002 -0.058450
v 0.019296 0.011121 -0.057588
v -0.015035 0.109184 0.003964
v 0.014965 0.109184 0.003964
v 0.015987 0.109390 0.003964
v 0.016965 0.109998 0.003964
v 0.016965 0.072878 0.003964
v -0.017035 0.072878 0.003964
v -0.017035 0.109998 0.003964
v -0.016948 0.109926 0.003964
v -0.016010 0.109371 0.003964
v 0.019564 0.073922 0.005464
v 0.018465 0.073213 0.004366
v 0.017200 0.072887 0.003973
v 0.017866 0.072999 0.004102
v -0.019633 0.073922 0.005464
v -0.018535 0.073213 0.004366
v -0.017937 0.073000 0.004103
v -0.018693 0.063303 0.002610
v -0.019365 0.062503 0.003189
v -0.019860 0.061622 0.004050
v 0.016283 0.064834 0.001877
v 0.014965 0.065057 0.001804
v -0.015035 0.065057 0.001804
v -0.017535 0.064255 0.002105
v -0.016348 0.064836 0.001876
v 0.019791 0.061621 0.004051
v 0.019288 0.062513 0.003181
v 0.018707 0.063218 0.002665
v 0.017465 0.064255 0.002105
v 0.019965 0.004335 -0.063363
v 0.019965 0.004603 -0.062363
v 0.019965 0.005335 -0.061631
v 0.019965 0.006335 -0.061363
v 0.019965 0.007335 -0.061631
v 0.019965 0.008067 -0.062363
v 0.019965 0.008335 -0.063363
v 0.019965 0.008067 -0.064363
v 0.019965 0.007335 -0.065095
v 0.019965 0.006335 -0.065363
v 0.019965 0.005335 -0.065095
v 0.019965 0.004603 -0.064363
v 0.019965 -0.083949 -0.091647
v 0.019965 -0.083681 -0.090647
v 0.019965 -0.082949 -0.089915
v 0.019965 -0.081949 -0.089647
v 0.019965 -0.080949 -0.089915
v 0.019965 -0.080217 -0.090647
v 0.019965 -0.079949 -0.091647
v 0.019965 -0.080217 -0.092647
v 0.019965 -0.080949 -0.093379
v 0.019965 -0.081949 -0.093647
v 0.019965 -0.082949 -0.093379
v 0.019965 -0.083681 -0.092647
v 0.019965 -0.055665 -0.063363
v 0.019965 -0.055397 -0.062363
v 0.019965 -0.054665 -0.061631
v 0.019965 -0.053665 -0.061363
v 0.019965 -0.052665 -0.061631
v 0.019965 -0.051933 -0.062363
v 0.019965 -0.051665 -0.063363
v 0.019965 -0.051933 -0.064363
v 0.019965 -0.052665 -0.065095
v 0.019965 -0.053665 -0.065363
v 0.019965 -0.054665 -0.065095
v 0.019965 -0.055397 -0.064363
v 0.019965 -0.036102 -0.062837
v 0.019965 -0.037046 -0.062646
v 0.019965 -0.035610 -0.062863
v 0.019965 -0.045303 -0.058363
v 0.019965 -0.045282 -0.058375
v 0.019965 -0.040307 -0.061119
v 0.019965 -0.037947 -0.062307
v 0.002465 0.102268 0.043964
v 0.004296 0.100438 0.043964
v 0.004965 0.097938 0.043964
v 0.004296 0.095438 0.043964
v 0.002465 0.093608 0.043964
v -0.000035 0.092938 0.043964
v -0.002535 0.093608 0.043964
v -0.004365 0.095438 0.043964
v -0.005035 0.097938 0.043964
v -0.004365 0.100438 0.043964
v -0.002535 0.102268 0.043964
v -0.000035 0.102938 0.043964
v -0.000035 0.097938 0.043964
v -0.002535 -0.348690 0.066472
v 0.002465 -0.348690 0.066472
v -0.002535 -0.350658 0.058272
v 0.002465 -0.350658 0.058272
v -0.005035 -0.373835 0.062969
v -0.003791 -0.371544 0.059693
v -0.003445 -0.371285 0.059526
v -0.002935 -0.371768 0.058175
v -0.002932 -0.370966 0.059386
v -0.004748 -0.372685 0.060692
v -0.004701 -0.372596 0.060607
v -0.004472 -0.372954 0.059152
v -0.004476 -0.372247 0.060279
v -0.004183 -0.371904 0.059975
v -0.005035 -0.373895 0.061845
v -0.004728 -0.372510 0.064160
v -0.003434 -0.371106 0.065293
v -0.003791 -0.371375 0.065121
v -0.004472 -0.372606 0.065543
v -0.004163 -0.371720 0.064857
v -0.004477 -0.372096 0.064534
v -0.002935 -0.371320 0.066386
v -0.002933 -0.370795 0.065428
v -0.002935 -0.374547 0.056143
v -0.002935 -0.377960 0.055698
v -0.002935 -0.381167 0.056948
v -0.002935 -0.383379 0.059586
v -0.002935 -0.384050 0.062962
v -0.002935 -0.383016 0.066245
v -0.002935 -0.380531 0.068627
v -0.002935 -0.377206 0.069521
v -0.002935 -0.373862 0.068707
v -0.004472 -0.374584 0.067350
v -0.004472 -0.377188 0.067984
v -0.004472 -0.379775 0.067288
v -0.004472 -0.381710 0.065434
v -0.004472 -0.382515 0.062878
v -0.004472 -0.381993 0.060250
v -0.004472 -0.380271 0.058197
v -0.004472 -0.377774 0.057224
v -0.004472 -0.375118 0.057571
v 0.002373 -0.377209 0.069764
v 0.002373 -0.380650 0.068839
v 0.002373 -0.383222 0.066373
v 0.002373 -0.384293 0.062975
v 0.002373 -0.383598 0.059481
v 0.002373 -0.381309 0.056750
v 0.002373 -0.377989 0.055456
v 0.003735 -0.372283 0.058599
v 0.004646 -0.373335 0.059465
v 0.004646 -0.375301 0.058028
v 0.004646 -0.374816 0.066915
v 0.004646 -0.377182 0.067491
v 0.004646 -0.379533 0.066859
v 0.004646 -0.381291 0.065174
v 0.004646 -0.382023 0.062851
v 0.004646 -0.381548 0.060463
v 0.004646 -0.379984 0.058597
v 0.004659 -0.372510 0.064160
v 0.004094 -0.371720 0.064857
v 0.003735 -0.371878 0.066020
v 0.003722 -0.371375 0.065121
v 0.003365 -0.371106 0.065293
v 0.004679 -0.372685 0.060692
v 0.004965 -0.373895 0.061845
v 0.003376 -0.371285 0.059526
v 0.003721 -0.371544 0.059693
v 0.004114 -0.371904 0.059975
v 0.004647 -0.372623 0.060633
v 0.002373 -0.371580 0.058020
v 0.003735 -0.374794 0.056763
v 0.004646 -0.377715 0.057713
v 0.002373 -0.373747 0.068922
v 0.002373 -0.371117 0.066519
v 0.002373 -0.374456 0.055918
v 0.003735 -0.377879 0.056360
v 0.003735 -0.380778 0.057490
v 0.003735 -0.382777 0.059874
v 0.003735 -0.383384 0.062926
v 0.003735 -0.382449 0.065893
v 0.003735 -0.380203 0.068046
v 0.003735 -0.377198 0.068854
v 0.004965 -0.373835 0.062969
v 0.004646 -0.373018 0.065273
v 0.003735 -0.374175 0.068118
v -0.003785 -0.344664 0.055405
v -0.004302 -0.344420 0.055719
v -0.004700 -0.344102 0.056128
v -0.004700 -0.350252 0.059454
v -0.004700 -0.357149 0.060604
v -0.003785 -0.357149 0.059689
v -0.003785 -0.350549 0.058588
v -0.004700 -0.334439 0.068286
v -0.003785 -0.334696 0.069164
v -0.004700 -0.348512 0.065234
v -0.003785 -0.348642 0.066140
v -0.004700 -0.362876 0.064210
v -0.003785 -0.362876 0.065125
v 0.004631 -0.344102 0.056128
v 0.004233 -0.344420 0.055719
v 0.003715 -0.344664 0.055405
v 0.003715 -0.350549 0.058588
v 0.004631 -0.350252 0.059454
v 0.003715 -0.357149 0.059689
v 0.004631 -0.357149 0.060604
v 0.004631 -0.362876 0.064210
v 0.003715 -0.362876 0.065125
v 0.003715 -0.334696 0.069164
v 0.003715 -0.348642 0.066140
v 0.004233 -0.334585 0.068782
v 0.004631 -0.348512 0.065234
v 0.004631 -0.334439 0.068286
v 0.017465 0.117944 0.012148
v 0.019296 0.117944 0.010318
v 0.019296 0.077932 0.010318
v 0.017465 0.077932 0.012148
v -0.017535 0.077932 0.012148
v -0.019365 0.077932 0.010318
v -0.019365 0.117944 0.010318
v -0.017535 0.117944 0.012148
v -0.019365 -0.040432 -0.058363
v -0.018772 -0.038833 -0.058363
v -0.015647 -0.035634 -0.058363
v -0.016055 -0.035766 -0.058363
v -0.016569 -0.036031 -0.058363
v -0.016839 -0.036218 -0.058363
v -0.017535 -0.036866 -0.058363
v -0.020035 -0.045276 -0.058363
v -0.019674 0.117930 0.005539
v -0.020035 0.123922 0.006959
v -0.019913 0.120402 0.006120
v -0.017811 0.110995 0.004066
v -0.018603 0.112842 0.004406
v -0.019030 0.114340 0.004724
v 0.018961 0.114340 0.004724
v 0.018534 0.112842 0.004406
v 0.017742 0.110995 0.004066
v 0.017494 0.110601 0.004011
v 0.019591 0.117818 0.005513
v 0.019965 0.123922 0.006959
v 0.019309 0.115985 0.005091
v 0.019965 -0.045276 -0.058363
v 0.019296 -0.040432 -0.058363
v 0.018702 -0.038830 -0.058363
v 0.017465 -0.036866 -0.058363
v 0.016500 -0.036031 -0.058363
v 0.015985 -0.035766 -0.058363
v 0.015578 -0.035634 -0.058363
v -0.019432 -0.035610 -0.060613
v -0.017785 -0.035610 -0.058966
v -0.019458 -0.039268 -0.059175
v -0.018501 -0.036588 -0.059208
v -0.018078 -0.035983 -0.059089
v -0.017849 -0.035701 -0.058999
v -0.020035 -0.045278 -0.058367
v -0.020035 -0.045280 -0.058371
v -0.019888 -0.039771 -0.060114
v -0.019633 -0.037202 -0.060606
v -0.019516 -0.036445 -0.060636
v -0.019450 -0.035872 -0.060632
v 0.017715 -0.035610 -0.058966
v 0.019363 -0.035610 -0.060613
v 0.019965 -0.045278 -0.058367
v 0.019388 -0.039265 -0.059175
v 0.019965 -0.045280 -0.058371
v 0.019819 -0.039768 -0.060114
v 0.019564 -0.037201 -0.060606
v 0.019446 -0.036445 -0.060636
v 0.019381 -0.035872 -0.060632
v 0.018431 -0.036588 -0.059208
v 0.018009 -0.035983 -0.059089
v 0.017780 -0.035701 -0.058999
v -0.019365 0.085432 0.017818
v -0.017535 0.083602 0.017818
v -0.015035 0.082263 0.015318
v -0.015035 0.082552 0.015905
v -0.017535 0.083171 0.015649
v -0.019365 0.084861 0.014948
v -0.019365 0.083236 0.012515
v -0.019365 0.080802 0.010889
v -0.017535 0.081942 0.013809
v -0.017535 0.080102 0.012580
v -0.015035 0.081468 0.014283
v -0.015035 0.080432 0.013488
v -0.015035 0.079846 0.013199
v 0.014965 0.082762 0.016524
v 0.014965 0.082263 0.015318
v 0.014965 0.081468 0.014283
v 0.014965 0.080432 0.013488
v 0.014965 0.079226 0.012989
v 0.019296 0.085432 0.017818
v 0.017465 0.083602 0.017818
v 0.019296 0.085177 0.015877
v 0.017465 0.083409 0.016351
v 0.017465 0.082843 0.014983
v 0.017465 0.081942 0.013809
v 0.017465 0.080767 0.012908
v 0.017465 0.079400 0.012342
v 0.019296 0.084428 0.014068
v 0.019296 0.083236 0.012515
v 0.019296 0.081682 0.011323
v 0.019296 0.079874 0.010574
v -0.019365 0.110444 0.017818
v -0.017535 0.112274 0.017818
v -0.015035 0.115444 0.013488
v -0.015035 0.116031 0.013199
v -0.017535 0.115774 0.012580
v -0.019365 0.115074 0.010889
v -0.019365 0.112641 0.012515
v -0.019365 0.111015 0.014948
v -0.017535 0.113935 0.013809
v -0.017535 0.112706 0.015649
v -0.015035 0.114409 0.014283
v -0.015035 0.113614 0.015318
v -0.015035 0.113325 0.015905
v 0.019296 0.110444 0.017818
v 0.017465 0.112274 0.017818
v 0.014965 0.116650 0.012989
v 0.014965 0.115444 0.013488
v 0.014965 0.114409 0.014283
v 0.014965 0.113614 0.015318
v 0.014965 0.113115 0.016524
v 0.019296 0.116003 0.010574
v 0.017465 0.116477 0.012342
v 0.017465 0.115109 0.012908
v 0.017465 0.113935 0.013809
v 0.017465 0.113034 0.014983
v 0.017465 0.112468 0.016351
v 0.019296 0.114194 0.011323
v 0.019296 0.112641 0.012515
v 0.019296 0.111449 0.014068
v 0.019296 0.110700 0.015877
vn 0.8267 0.4778 0.2972
vn 0.8603 0.4955 0.1197
vn 0.6847 0.4016 0.6082
vn 0.7308 0.4219 0.5365
vn 0.8038 0.4640 0.3723
vn 0.7351 0.4589 0.4990
vn 0.7785 0.4633 0.4234
vn 0.8589 0.4963 0.1268
vn 0.8660 0.5000 0.0020
vn 0.8598 0.4965 -0.1192
vn 0.8553 0.5181 -0.0021
vn 0.8595 0.4951 -0.1268
vn 0.8267 0.4778 -0.2972
vn 0.8004 0.4704 -0.3717
vn 0.7841 0.4527 -0.4246
vn 0.6871 0.3967 -0.6088
vn 0.6940 0.4041 -0.5959
vn 0.6048 0.3484 -0.7161
vn 0.5254 0.3082 -0.7931
vn 0.5071 0.2928 -0.8106
vn 0.2917 0.1684 -0.9416
vn 0.2342 0.1118 -0.9657
vn 0.0707 0.0408 -0.9967
vn -0.2241 -0.1294 -0.9659
vn -0.6124 -0.3536 -0.7071
vn -0.8365 -0.4830 -0.2588
vn -0.8365 -0.4830 0.2588
vn -0.6124 -0.3536 0.7071
vn -0.2241 -0.1294 0.9659
vn 0.0707 0.0408 0.9967
vn 0.2342 0.1118 0.9657
vn 0.2917 0.1684 0.9416
vn 0.5071 0.2928 0.8106
vn 0.5254 0.3082 0.7930
vn 0.6048 0.3484 0.7161
vn 0.6718 0.3902 0.6296
vn 0.8619 0.4976 0.0980
vn 0.8287 0.4785 0.2903
vn 0.7638 0.4410 0.4714
vn 0.6694 0.3865 0.6344
vn 0.5494 0.3172 0.7730
vn 0.4082 0.2357 0.8819
vn 0.2514 0.1451 0.9569
vn 0.0849 0.0490 0.9952
vn 0.0849 0.0490 -0.9952
vn 0.2514 0.1451 -0.9569
vn 0.4082 0.2357 -0.8819
vn 0.5494 0.3172 -0.7730
vn 0.6694 0.3865 -0.6344
vn 0.7638 0.4410 -0.4714
vn 0.8287 0.4785 -0.2903
vn 0.8619 0.4976 -0.0980
vn 0.5000 -0.8660 0.0000
vn -0.5000 0.8660 0.0000
vn 0.0000 1.0000 0.0000
vn 0.0000 1.0000 0.0001
vn 0.0000 -1.0000 0.0000
vn 0.0000 0.0000 1.0000
vn 0.0000 0.0000 -1.0000
vn 0.7350 0.4589 0.4992
vn 0.8554 0.5180 -0.0020
vn 0.2916 0.1684 0.9416
vn 0.6859 0.3991 0.6085
vn 0.6692 0.3946 0.6296
vn 0.1439 0.0636 0.9875
vn 0.2480 0.1510 0.9569
vn 0.4160 0.2221 0.8818
vn 0.3971 0.2202 0.8910
vn 0.5471 0.3211 0.7730
vn 0.5624 0.3247 0.7604
vn 0.6557 0.3851 0.6494
vn 0.7671 0.4351 0.4714
vn 0.7783 0.4338 0.4539
vn 0.8253 0.4843 0.2903
vn 0.8637 0.4792 0.1564
vn 0.1439 0.0636 -0.9875
vn 0.2480 0.1510 -0.9569
vn 0.3999 0.2153 -0.8909
vn 0.4116 0.2299 -0.8819
vn 0.5596 0.3296 -0.7604
vn 0.6585 0.3802 -0.6495
vn 0.6672 0.3904 -0.6344
vn 0.7755 0.4387 -0.4540
vn 0.8637 0.4792 -0.1564
vn 0.8253 0.4843 -0.2903
vn 0.7715 0.4273 -0.4713
vn 1.0000 0.0000 0.0000
vn -0.1305 0.9914 0.0000
vn -0.3827 0.9239 0.0000
vn -0.3297 0.9344 -0.1348
vn -0.3488 0.9370 0.0179
vn -0.3793 0.9157 -0.1327
vn -0.0026 1.0000 -0.0009
vn 0.0176 0.9997 -0.0168
vn -0.1107 0.9925 -0.0512
vn -0.1038 0.9928 -0.0597
vn -0.1194 0.9854 -0.1212
vn -0.1558 0.9856 -0.0655
vn -0.2028 0.9685 -0.1447
vn -0.2417 0.9688 -0.0543
vn -0.2414 0.9697 -0.0370
vn -0.0277 0.9992 -0.0286
vn -0.0320 0.9992 -0.0233
vn -0.0339 0.9982 -0.0499
vn -0.0494 0.9984 -0.0261
vn -0.0625 0.9961 -0.0621
vn -0.0770 0.9966 -0.0278
vn -0.0795 0.9947 -0.0657
vn -0.0936 0.9954 -0.0195
vn -0.1106 0.9920 -0.0605
vn -0.1171 0.9931 -0.0069
vn -0.1304 0.9902 -0.0492
vn -0.2285 0.9724 0.0477
vn -0.1874 0.9316 0.3113
vn -0.2588 0.9658 0.0152
vn -0.1262 0.9684 0.2152
vn -0.1216 0.9633 0.2392
vn -0.0942 0.9439 0.3164
vn -0.1535 0.9866 0.0553
vn -0.1446 0.9865 0.0765
vn 0.0250 0.9712 0.2371
vn -0.0900 0.9938 0.0655
vn 0.0307 0.9863 0.1618
vn -0.0558 0.9968 0.0565
vn 0.0924 0.9930 0.0735
vn -0.0007 1.0000 0.0009
vn -0.2588 0.9659 0.0000
vn -0.3735 0.9017 -0.2179
vn -0.1305 0.9914 0.0077
vn -0.3238 0.7816 -0.5331
vn -0.1216 0.9633 0.2393
vn -0.1535 0.9866 0.0554
vn 0.0251 0.9712 0.2371
vn 0.0925 0.9930 0.0737
vn -0.0007 1.0000 0.0018
vn 0.0176 0.9997 -0.0164
vn -0.1037 0.9928 -0.0598
vn -0.1193 0.9854 -0.1212
vn -0.1557 0.9856 -0.0655
vn 0.0000 1.0000 -0.0009
vn -0.0277 0.9992 -0.0285
vn -0.0319 0.9992 -0.0233
vn -0.0338 0.9982 -0.0500
vn -0.0770 0.9966 -0.0277
vn -0.0936 0.9954 -0.0196
vn -0.1106 0.9920 -0.0604
vn 0.0654 -0.9979 0.0000
vn 0.4525 -0.8918 0.0000
vn 0.4422 -0.8968 0.0148
vn 0.3763 -0.9265 -0.0050
vn 0.3214 -0.9468 0.0143
vn 0.0653 -0.9970 0.0424
vn 0.2078 -0.9782 -0.0060
vn 0.1951 -0.9808 0.0000
vn 0.2756 -0.9613 0.0000
vn 0.1469 -0.9890 -0.0149
vn 0.2078 -0.9782 0.0060
vn 0.3095 -0.9509 0.0062
vn 0.4423 -0.8969 0.0000
vn 0.4472 -0.8943 -0.0164
vn 0.3214 -0.9467 0.0210
vn 0.3489 -0.9366 -0.0333
vn 0.3095 -0.9509 -0.0062
vn 0.3214 -0.9467 0.0211
vn 0.7933 0.6088 0.0046
vn 0.7071 0.7071 -0.0068
vn 0.6088 0.7933 0.0046
vn 0.5446 0.8387 0.0000
vn 0.3827 0.9239 0.0000
vn 0.4067 0.9135 0.0038
vn 0.1305 0.9914 -0.0046
vn 0.1564 0.9877 0.0000
vn 0.9914 0.1305 0.0000
vn 0.9877 0.1564 -0.0038
vn 0.9239 0.3827 0.0030
vn 0.9135 0.4067 0.0000
vn 0.8387 0.5446 0.0000
vn 0.6088 -0.7933 0.0046
vn 0.7071 -0.7071 -0.0068
vn 0.7933 -0.6088 0.0046
vn 0.8387 -0.5446 0.0000
vn 0.9239 -0.3827 0.0000
vn 0.9135 -0.4067 0.0038
vn 0.9914 -0.1305 -0.0045
vn 0.9877 -0.1564 0.0000
vn 0.1305 -0.9914 0.0000
vn 0.1564 -0.9877 -0.0038
vn 0.3827 -0.9239 0.0030
vn 0.4067 -0.9135 0.0000
vn 0.5446 -0.8387 0.0000
vn 0.0000 -0.2588 0.9659
vn 0.0000 -0.7071 0.7071
vn 0.0000 -0.9659 0.2588
vn 0.4273 -0.8664 0.2583
vn 0.3131 -0.6349 0.7064
vn 0.1147 -0.2326 0.9658
vn 0.0834 -0.2456 0.9658
vn 0.0506 -0.2544 0.9658
vn 0.0170 -0.2588 0.9658
vn 0.2275 -0.6703 0.7064
vn 0.1381 -0.6942 0.7064
vn 0.1381 -0.6943 0.7063
vn 0.0463 -0.7063 0.7063
vn 0.0463 -0.7063 0.7064
vn 0.3105 -0.9148 0.2583
vn 0.1885 -0.9475 0.2583
vn 0.0632 -0.9640 0.2583
vn 0.1294 -0.2241 0.9659
vn 0.3535 -0.6124 0.7071
vn 0.3536 -0.6124 0.7071
vn 0.4830 -0.8365 0.2588
vn 0.4829 -0.8365 0.2588
vn 0.7069 -0.7069 0.0255
vn 0.9636 -0.2582 0.0695
vn 0.9616 0.2577 0.0947
vn 0.9296 0.2392 0.2805
vn 0.8668 0.2030 0.4555
vn 0.8668 0.2029 0.4555
vn 0.7757 0.1503 0.6130
vn 0.6597 0.0833 0.7469
vn 0.5233 0.0046 0.8521
vn 0.3717 -0.0829 0.9246
vn 0.2108 -0.1758 0.9616
vn 0.9401 -0.2717 0.2058
vn 0.8941 -0.2983 0.3341
vn 0.8272 -0.3369 0.4497
vn 0.8272 -0.3370 0.4497
vn 0.7421 -0.3861 0.5479
vn 0.6421 -0.4438 0.6251
vn 0.5309 -0.5080 0.6783
vn 0.4129 -0.5761 0.7054
vn 0.4129 -0.5762 0.7054
vn 0.6983 -0.7119 0.0755
vn 0.6983 -0.7118 0.0755
vn 0.6814 -0.7216 0.1225
vn 0.6814 -0.7216 0.1226
vn 0.6569 -0.7358 0.1649
vn 0.6568 -0.7358 0.1649
vn 0.6257 -0.7538 0.2010
vn 0.6256 -0.7538 0.2010
vn 0.5889 -0.7750 0.2293
vn 0.5482 -0.7985 0.2488
vn 0.5049 -0.8235 0.2587
vn 0.5049 -0.8235 -0.2588
vn 0.4129 -0.5762 -0.7054
vn 0.2108 -0.1758 -0.9616
vn 0.3717 -0.0829 -0.9246
vn 0.5233 0.0046 -0.8521
vn 0.6597 0.0833 -0.7469
vn 0.7757 0.1503 -0.6130
vn 0.8668 0.2029 -0.4555
vn 0.8668 0.2030 -0.4555
vn 0.9296 0.2392 -0.2805
vn 0.9616 0.2577 -0.0947
vn 0.4128 -0.5761 -0.7054
vn 0.5309 -0.5080 -0.6783
vn 0.6421 -0.4438 -0.6251
vn 0.7421 -0.3861 -0.5479
vn 0.8272 -0.3369 -0.4497
vn 0.8941 -0.2983 -0.3341
vn 0.9401 -0.2717 -0.2058
vn 0.9636 -0.2582 -0.0695
vn 0.5049 -0.8235 -0.2587
vn 0.5482 -0.7985 -0.2488
vn 0.5889 -0.7750 -0.2293
vn 0.6257 -0.7538 -0.2010
vn 0.6256 -0.7538 -0.2010
vn 0.6569 -0.7358 -0.1650
vn 0.6568 -0.7358 -0.1649
vn 0.6814 -0.7216 -0.1226
vn 0.6814 -0.7216 -0.1225
vn 0.6983 -0.7119 -0.0755
vn 0.6982 -0.7119 -0.0755
vn 0.7069 -0.7069 -0.0255
vn 0.1294 -0.2241 -0.9659
vn 0.3535 -0.6124 -0.7071
vn 0.3536 -0.6123 -0.7071
vn 0.4830 -0.8365 -0.2588
vn 0.1147 -0.2326 -0.9658
vn 0.3131 -0.6349 -0.7064
vn 0.4273 -0.8664 -0.2583
vn 0.3105 -0.9148 -0.2583
vn 0.1885 -0.9475 -0.2583
vn 0.0632 -0.9640 -0.2583
vn 0.2275 -0.6703 -0.7064
vn 0.1381 -0.6942 -0.7064
vn 0.1381 -0.6943 -0.7063
vn 0.0463 -0.7064 -0.7063
vn 0.0463 -0.7063 -0.7064
vn 0.0834 -0.2456 -0.9658
vn 0.0506 -0.2544 -0.9658
vn 0.0170 -0.2588 -0.9658
vn 0.0000 -0.2588 -0.9659
vn 0.0000 -0.7071 -0.7071
vn 0.0000 -0.9659 -0.2588
vn -0.0998 0.2410 -0.9654
vn -0.2271 0.3797 -0.8968
vn -0.0753 0.1817 -0.9805
vn -0.3699 0.8929 -0.2567
vn -0.3985 0.8964 -0.1940
vn -0.3438 0.8300 -0.4392
vn -0.2718 0.6561 -0.7041
vn -0.3468 0.7144 -0.6078
vn -0.2342 0.5654 -0.7909
vn -0.0341 0.2587 -0.9654
vn -0.0927 0.7040 -0.7041
vn -0.0927 0.7041 -0.7041
vn -0.1262 0.9582 -0.2567
vn -0.1261 0.9582 -0.2568
vn -0.4904 0.8494 -0.1951
vn -0.4485 0.7767 -0.4422
vn -0.4484 0.7767 -0.4424
vn -0.3967 0.6871 -0.6087
vn -0.3044 0.5272 -0.7934
vn -0.2212 0.3831 -0.8968
vn -0.2212 0.3831 -0.8969
vn -0.0975 0.1689 -0.9808
vn 0.0000 0.9659 -0.2588
vn 0.0000 0.7071 -0.7071
vn 0.0000 0.2588 -0.9659
vn -0.2587 0.9656 -0.0255
vn 0.2582 0.9636 -0.0695
vn 0.2347 0.9500 -0.2058
vn 0.1887 0.9234 -0.3341
vn 0.1218 0.8848 -0.4497
vn 0.1218 0.8849 -0.4497
vn 0.0367 0.8357 -0.5479
vn 0.0368 0.8357 -0.5479
vn -0.0633 0.7779 -0.6251
vn -0.0633 0.7780 -0.6251
vn -0.1745 0.7138 -0.6783
vn -0.0138 0.2162 -0.9762
vn -0.0265 0.2828 -0.9588
vn 0.1141 0.3634 -0.9246
vn 0.2656 0.4509 -0.8521
vn 0.4020 0.5296 -0.7469
vn 0.5180 0.5966 -0.6130
vn 0.6092 0.6492 -0.4555
vn 0.6719 0.6855 -0.2805
vn 0.6719 0.6854 -0.2805
vn 0.7039 0.7039 -0.0947
vn -0.1441 0.4256 -0.8934
vn -0.2360 0.5645 -0.7910
vn -0.2646 0.6632 -0.7001
vn -0.3441 0.7158 -0.6077
vn -0.4103 0.7977 -0.4420
vn -0.2588 0.9656 -0.0255
vn -0.2674 0.9606 -0.0755
vn -0.2673 0.9606 -0.0755
vn -0.2842 0.9509 -0.1226
vn -0.2843 0.9509 -0.1226
vn -0.3088 0.9367 -0.1649
vn -0.3400 0.9187 -0.2010
vn -0.3767 0.8975 -0.2293
vn -0.4174 0.8740 -0.2488
vn -0.4381 0.8624 -0.2536
vn -0.4737 0.8588 -0.1951
vn 0.1262 0.9582 -0.2568
vn 0.0927 0.7041 -0.7041
vn 0.0341 0.2587 -0.9654
vn 0.0998 0.2410 -0.9654
vn 0.1588 0.2070 -0.9654
vn 0.2070 0.1588 -0.9654
vn 0.2410 0.0998 -0.9654
vn 0.2587 0.0341 -0.9654
vn 0.0927 0.7040 -0.7041
vn 0.2718 0.6561 -0.7041
vn 0.4323 0.5634 -0.7041
vn 0.5634 0.4323 -0.7041
vn 0.6561 0.2718 -0.7041
vn 0.7041 0.0927 -0.7041
vn 0.7040 0.0927 -0.7041
vn 0.1261 0.9582 -0.2567
vn 0.3699 0.8929 -0.2567
vn 0.3699 0.8929 -0.2568
vn 0.5884 0.7668 -0.2568
vn 0.7668 0.5884 -0.2568
vn 0.7668 0.5884 -0.2567
vn 0.8929 0.3699 -0.2567
vn 0.9582 0.1262 -0.2567
vn 0.9582 0.1261 -0.2568
vn -0.4607 0.8490 0.2587
vn -0.2925 0.6456 0.7054
vn -0.0468 0.2705 0.9616
vn 0.1141 0.3634 0.9246
vn 0.2656 0.4509 0.8521
vn 0.4020 0.5296 0.7469
vn 0.5180 0.5966 0.6130
vn 0.6092 0.6492 0.4555
vn 0.6719 0.6855 0.2805
vn 0.6719 0.6854 0.2805
vn 0.7039 0.7039 0.0947
vn -0.1745 0.7138 0.6783
vn -0.0633 0.7780 0.6251
vn 0.0367 0.8357 0.5479
vn 0.1218 0.8849 0.4497
vn 0.1887 0.9234 0.3341
vn 0.2347 0.9500 0.2058
vn 0.2582 0.9636 0.0695
vn -0.4174 0.8740 0.2488
vn -0.3767 0.8975 0.2293
vn -0.3400 0.9187 0.2010
vn -0.3088 0.9367 0.1649
vn -0.2842 0.9509 0.1225
vn -0.2842 0.9509 0.1226
vn -0.2673 0.9606 0.0755
vn -0.2674 0.9606 0.0755
vn -0.2588 0.9656 0.0255
vn -0.2587 0.9656 0.0255
vn 0.9659 0.0000 -0.2588
vn 0.7071 0.0000 -0.7071
vn 0.2588 0.0000 -0.9659
vn -0.4830 0.8365 0.2588
vn -0.3535 0.6124 0.7071
vn -0.3536 0.6124 0.7071
vn -0.1294 0.2241 0.9659
vn 0.9582 -0.1262 -0.2568
vn 0.7041 -0.0927 -0.7041
vn 0.2587 -0.0341 -0.9654
vn 0.2410 -0.0998 -0.9654
vn 0.2070 -0.1588 -0.9654
vn 0.1588 -0.2070 -0.9654
vn 0.0998 -0.2410 -0.9654
vn 0.0341 -0.2587 -0.9654
vn 0.7040 -0.0927 -0.7041
vn 0.6561 -0.2718 -0.7041
vn 0.5634 -0.4323 -0.7041
vn 0.4323 -0.5634 -0.7041
vn 0.2718 -0.6561 -0.7041
vn 0.2717 -0.6561 -0.7041
vn 0.0927 -0.7040 -0.7041
vn 0.0927 -0.7041 -0.7041
vn 0.9582 -0.1261 -0.2567
vn 0.8929 -0.3699 -0.2567
vn 0.8929 -0.3699 -0.2568
vn 0.7668 -0.5884 -0.2568
vn 0.7668 -0.5884 -0.2567
vn 0.5884 -0.7668 -0.2567
vn 0.5883 -0.7668 -0.2568
vn 0.3699 -0.8929 -0.2567
vn 0.1262 -0.9582 -0.2567
vn 0.1261 -0.9582 -0.2567
vn -0.3699 0.8929 0.2567
vn -0.2718 0.6561 0.7041
vn -0.0998 0.2410 0.9654
vn -0.1261 0.9582 0.2567
vn -0.1262 0.9582 0.2568
vn -0.0927 0.7040 0.7041
vn -0.0927 0.7041 0.7041
vn -0.0341 0.2587 0.9654
vn 0.0000 0.9659 0.2588
vn 0.0000 0.7071 0.7071
vn 0.0000 0.2588 0.9659
vn 0.3131 -0.6349 -0.7063
vn 0.1381 -0.6943 -0.7064
vn 0.0506 -0.2543 -0.9658
vn 0.0410 0.2586 0.9651
vn 0.1512 0.9548 0.2558
vn 0.1113 0.7027 0.7027
vn 0.4389 0.8614 0.2558
vn 0.4048 0.9092 0.0979
vn 0.5261 0.8102 0.2585
vn 0.6836 0.6836 0.2558
vn 0.8102 0.5261 0.2585
vn 0.8805 0.4486 0.1534
vn 0.8827 0.3930 0.2575
vn 0.9548 0.1512 0.2558
vn 0.3230 0.6339 0.7027
vn 0.5031 0.5031 0.7027
vn 0.6339 0.3230 0.7027
vn 0.7027 0.1113 0.7027
vn 0.1189 0.2333 0.9651
vn 0.1851 0.1851 0.9651
vn 0.2333 0.1189 0.9651
vn 0.2586 0.0410 0.9651
vn 0.4904 -0.8494 -0.1951
vn 0.4486 -0.8555 -0.2586
vn 0.4484 -0.7767 -0.4423
vn 0.3967 -0.6871 -0.6088
vn 0.3078 -0.6377 -0.7061
vn 0.3044 -0.5272 -0.7934
vn 0.2212 -0.3831 -0.8969
vn 0.0954 -0.2436 -0.9652
vn 0.0975 -0.1689 -0.9808
vn 0.9659 0.0000 0.2588
vn 0.7071 0.0000 0.7071
vn 0.2588 0.0000 0.9659
vn 0.4822 0.0558 -0.8743
vn 0.2293 -0.0902 -0.9692
vn 0.3408 -0.3090 -0.8879
vn 0.7333 -0.1302 -0.6673
vn 0.6973 0.1800 -0.6938
vn 0.7432 0.2045 -0.6370
vn 0.8536 0.2702 -0.4455
vn 0.8535 0.2702 -0.4455
vn 0.9357 0.3177 -0.1535
vn 0.9357 0.3176 -0.1535
vn 0.4780 -0.6359 -0.6059
vn 0.4100 -0.4607 -0.7872
vn 0.3974 -0.4074 -0.8223
vn 0.6036 -0.2876 -0.7437
vn 0.7865 -0.1819 -0.5902
vn 0.9194 -0.1052 -0.3789
vn 0.9893 -0.0649 -0.1306
vn 0.5169 -0.8335 -0.1950
vn 0.5079 -0.7399 -0.4412
vn 0.4996 -0.6688 -0.5505
vn 0.6344 -0.5901 -0.4993
vn 0.7573 -0.5192 -0.3962
vn 0.8465 -0.4677 -0.2544
vn 0.8934 -0.4406 -0.0876
vn 0.8934 -0.4406 -0.0877
vn 0.5678 -0.8042 -0.1759
vn 0.6111 -0.7792 -0.1396
vn 0.6425 -0.7610 -0.0896
vn 0.6590 -0.7515 -0.0309
vn 0.2586 -0.0410 0.9651
vn 0.9548 -0.1512 0.2558
vn 0.7027 -0.1113 0.7027
vn 0.8614 -0.4389 0.2558
vn 0.9092 -0.4048 0.0979
vn 0.8102 -0.5261 0.2585
vn 0.6836 -0.6836 0.2558
vn 0.6836 -0.6836 0.2559
vn 0.5261 -0.8102 0.2585
vn 0.4486 -0.8805 0.1534
vn 0.3930 -0.8827 0.2575
vn 0.1512 -0.9548 0.2558
vn 0.6339 -0.3230 0.7027
vn 0.5031 -0.5031 0.7027
vn 0.3230 -0.6339 0.7027
vn 0.1113 -0.7027 0.7027
vn 0.2333 -0.1189 0.9651
vn 0.1851 -0.1851 0.9651
vn 0.1189 -0.2333 0.9651
vn 0.0410 -0.2586 0.9651
vn 0.6590 -0.7515 0.0309
vn 0.8934 -0.4406 0.0876
vn 0.8535 0.2702 0.4455
vn 0.9357 0.3176 0.1535
vn 0.9357 0.3177 0.1535
vn 0.9893 -0.0649 0.1306
vn 0.8176 -0.0815 0.5700
vn 0.6973 0.1800 0.6938
vn 0.6490 0.1501 0.7459
vn 0.4822 0.0558 0.8743
vn 0.2293 -0.0902 0.9692
vn 0.9893 -0.0648 0.1306
vn 0.9194 -0.1052 0.3789
vn 0.7865 -0.1819 0.5902
vn 0.6036 -0.2876 0.7437
vn 0.6036 -0.2876 0.7436
vn 0.3885 -0.4118 0.8243
vn 0.8934 -0.4406 0.0877
vn 0.8465 -0.4677 0.2544
vn 0.7573 -0.5192 0.3962
vn 0.6344 -0.5901 0.4993
vn 0.4900 -0.6735 0.5534
vn 0.6425 -0.7610 0.0896
vn 0.6111 -0.7792 0.1396
vn 0.5678 -0.8042 0.1759
vn 0.5169 -0.8335 0.1950
vn 0.4904 -0.8494 0.1951
vn 0.4486 -0.8555 0.2586
vn 0.4383 -0.7067 0.5554
vn 0.3967 -0.6871 0.6088
vn 0.2778 -0.4812 0.8315
vn 0.3381 -0.5072 0.7927
vn 0.0524 -0.1947 0.9795
vn 0.2696 -0.5467 0.7927
vn 0.3512 -0.7121 0.6080
vn 0.2936 -0.6435 0.7069
vn 0.1381 -0.6943 0.7064
vn -0.3699 0.8929 0.2568
vn -0.1261 0.9582 0.2568
vn 0.2656 0.4509 0.8522
vn 0.6091 0.6492 0.4555
vn 0.1218 0.8848 0.4497
vn 0.1218 0.8849 0.4496
vn 0.1887 0.9235 0.3341
vn -0.4175 0.8740 0.2488
vn -0.3087 0.9367 0.1649
vn 0.1887 0.9235 -0.3341
vn 0.1886 0.9235 -0.3341
vn 0.6091 0.6492 -0.4555
vn -0.4103 0.7977 -0.4418
vn -0.3087 0.9367 -0.1649
vn -0.4175 0.8740 -0.2488
vn -0.4737 0.8588 -0.1950
vn -0.3967 0.6871 -0.6088
vn -0.4484 0.7767 -0.4423
vn -0.3699 0.8929 -0.2568
vn -0.3985 0.8964 -0.1941
vn -0.1261 0.9582 -0.2567
vn -0.8267 0.4778 -0.2972
vn -0.8603 0.4955 -0.1195
vn -0.8588 0.4963 -0.1268
vn -0.8660 0.5000 -0.0021
vn -0.8598 0.4964 0.1194
vn -0.8554 0.5180 0.0021
vn -0.8595 0.4951 0.1268
vn -0.8267 0.4778 0.2972
vn -0.7785 0.4633 0.4234
vn -0.8036 0.4643 0.3723
vn -0.7504 0.4332 0.4992
vn -0.6871 0.3967 0.6087
vn -0.6940 0.4041 0.5959
vn -0.6048 0.3484 0.7161
vn -0.5254 0.3082 0.7930
vn -0.5071 0.2928 0.8106
vn -0.2917 0.1684 0.9416
vn -0.2342 0.1118 0.9657
vn -0.0707 0.0408 0.9967
vn 0.2241 -0.1294 0.9659
vn 0.6124 -0.3536 0.7071
vn 0.8365 -0.4830 0.2588
vn 0.8365 -0.4830 -0.2588
vn 0.6124 -0.3536 -0.7071
vn 0.2241 -0.1294 -0.9659
vn -0.0707 0.0408 -0.9967
vn -0.2342 0.1118 -0.9657
vn -0.2917 0.1684 -0.9416
vn -0.5071 0.2928 -0.8106
vn -0.5254 0.3082 -0.7931
vn -0.6048 0.3484 -0.7161
vn -0.6859 0.3991 -0.6085
vn -0.6955 0.4015 -0.5959
vn -0.8038 0.4640 -0.3723
vn -0.7352 0.4588 -0.4990
vn -0.7785 0.4633 -0.4234
vn -0.8619 0.4976 0.0980
vn -0.8287 0.4785 0.2903
vn -0.7638 0.4410 0.4714
vn -0.6694 0.3865 0.6344
vn -0.5494 0.3172 0.7730
vn -0.4082 0.2357 0.8819
vn -0.2514 0.1451 0.9569
vn -0.0849 0.0490 0.9952
vn -0.8619 0.4976 -0.0980
vn -0.8287 0.4785 -0.2903
vn -0.7638 0.4410 -0.4714
vn -0.6694 0.3865 -0.6344
vn -0.5494 0.3172 -0.7730
vn -0.4082 0.2357 -0.8819
vn -0.2514 0.1451 -0.9569
vn -0.0849 0.0490 -0.9952
vn -0.5000 -0.8660 0.0000
vn 0.5000 0.8660 0.0000
vn -0.8603 0.4956 -0.1193
vn -0.8660 0.5000 -0.0019
vn -0.8598 0.4964 0.1197
vn -0.8554 0.5180 0.0019
vn -0.7505 0.4332 0.4991
vn -0.8038 0.4641 -0.3723
vn -0.7350 0.4589 -0.4992
vn -0.8637 0.4792 0.1564
vn -0.8253 0.4843 0.2903
vn -0.7715 0.4273 0.4713
vn -0.7755 0.4387 0.4540
vn -0.6672 0.3904 0.6344
vn -0.6585 0.3802 0.6494
vn -0.5596 0.3296 0.7604
vn -0.4116 0.2299 0.8819
vn -0.3999 0.2153 0.8909
vn -0.2480 0.1510 0.9569
vn -0.1439 0.0636 0.9875
vn -0.8637 0.4792 -0.1564
vn -0.8253 0.4843 -0.2903
vn -0.7783 0.4338 -0.4539
vn -0.7671 0.4351 -0.4714
vn -0.6557 0.3851 -0.6494
vn -0.5624 0.3247 -0.7604
vn -0.5471 0.3211 -0.7730
vn -0.3971 0.2202 -0.8910
vn -0.1439 0.0636 -0.9875
vn -0.2480 0.1510 -0.9569
vn -0.4160 0.2221 -0.8818
vn -1.0000 0.0000 0.0000
vn 0.1305 0.9914 0.0000
vn -0.0204 0.9997 -0.0161
vn 0.0279 0.9992 -0.0283
vn 0.0128 0.9988 -0.0469
vn 0.0450 0.9984 -0.0328
vn 0.0268 0.9978 -0.0607
vn 0.0725 0.9966 -0.0384
vn 0.0605 0.9959 -0.0670
vn 0.0897 0.9954 -0.0323
vn 0.0794 0.9947 -0.0658
vn 0.1151 0.9931 -0.0240
vn 0.1113 0.9923 -0.0548
vn 0.1305 0.9914 -0.0077
vn 0.0026 1.0000 -0.0009
vn -0.0904 0.9932 -0.0735
vn 0.1113 0.9925 -0.0504
vn 0.0342 0.9889 -0.1447
vn 0.1549 0.9857 -0.0668
vn 0.0649 0.9772 -0.2021
vn 0.2350 0.9696 -0.0679
vn 0.1842 0.9652 -0.1856
vn 0.2417 0.9688 -0.0543
vn 0.2415 0.9501 -0.1973
vn 0.3451 0.9384 -0.0174
vn 0.3206 0.9277 -0.1910
vn 0.3825 0.9235 0.0287
vn 0.0007 1.0000 0.0009
vn 0.0008 1.0000 0.0008
vn 0.0549 0.9968 0.0577
vn 0.0639 0.9969 0.0465
vn 0.0384 0.9889 0.1436
vn 0.0987 0.9938 0.0522
vn 0.0954 0.9772 0.1898
vn 0.1535 0.9866 0.0553
vn 0.1261 0.9684 0.2151
vn 0.1578 0.9869 0.0329
vn 0.2031 0.9534 0.2232
vn 0.2326 0.9725 0.0137
vn 0.2502 0.9336 0.2566
vn 0.2572 0.9599 -0.1119
vn 0.1305 0.9914 0.0077
vn 0.0549 0.9968 0.0576
vn 0.0639 0.9969 0.0466
vn 0.1261 0.9682 0.2162
vn 0.1578 0.9869 0.0330
vn 0.2578 0.9079 -0.3306
vn 0.3793 0.9157 0.1327
vn -0.0204 0.9997 -0.0159
vn 0.0127 0.9988 -0.0469
vn 0.0605 0.9959 -0.0669
vn -0.0905 0.9932 -0.0734
vn 0.1842 0.9652 -0.1857
vn 0.2415 0.9501 -0.1974
vn 0.3206 0.9277 -0.1911
vn -0.2756 -0.9613 0.0000
vn -0.4525 -0.8918 0.0000
vn -0.4422 -0.8968 -0.0148
vn -0.3763 -0.9265 0.0050
vn -0.3214 -0.9468 -0.0143
vn -0.0654 -0.9979 0.0000
vn -0.1951 -0.9808 0.0000
vn -0.1587 -0.9872 -0.0170
vn -0.0978 -0.9950 0.0197
vn -0.0653 -0.9970 0.0424
vn -0.2078 -0.9782 -0.0060
vn -0.3095 -0.9509 -0.0062
vn -0.4423 -0.8969 0.0000
vn -0.4472 -0.8943 0.0164
vn -0.3214 -0.9467 -0.0210
vn -0.3489 -0.9366 0.0333
vn -0.3095 -0.9509 0.0062
vn -0.0977 -0.9950 0.0198
vn -0.3214 -0.9467 -0.0211
vn -0.6088 0.7933 0.0046
vn -0.7071 0.7071 -0.0068
vn -0.7933 0.6088 0.0046
vn -0.8387 0.5446 0.0000
vn -0.9239 0.3827 0.0000
vn -0.9135 0.4067 0.0038
vn -0.9914 0.1305 -0.0046
vn -0.9877 0.1564 0.0000
vn -0.1564 0.9877 -0.0038
vn -0.3827 0.9239 0.0030
vn -0.4067 0.9135 0.0000
vn -0.5446 0.8387 0.0000
vn -0.7933 -0.6088 0.0046
vn -0.7071 -0.7071 -0.0068
vn -0.6088 -0.7933 0.0046
vn -0.5446 -0.8387 0.0000
vn -0.3827 -0.9239 0.0000
vn -0.4067 -0.9135 0.0038
vn -0.1305 -0.9914 -0.0045
vn -0.1564 -0.9877 0.0000
vn -0.9914 -0.1305 0.0000
vn -0.9877 -0.1564 -0.0038
vn -0.9239 -0.3827 0.0030
vn -0.9135 -0.4067 0.0000
vn -0.8387 -0.5446 0.0000
vn -0.0632 -0.9640 0.2583
vn -0.0463 -0.7063 0.7064
vn -0.0170 -0.2588 0.9658
vn -0.0506 -0.2544 0.9658
vn -0.0834 -0.2456 0.9658
vn -0.1147 -0.2326 0.9658
vn -0.1381 -0.6943 0.7063
vn -0.1381 -0.6942 0.7064
vn -0.2275 -0.6703 0.7064
vn -0.3131 -0.6349 0.7064
vn -0.1885 -0.9475 0.2583
vn -0.3105 -0.9148 0.2583
vn -0.4273 -0.8664 0.2583
vn -0.4830 -0.8365 0.2588
vn -0.3535 -0.6124 0.7071
vn -0.1294 -0.2241 0.9659
vn -0.5049 -0.8235 0.2588
vn -0.4129 -0.5762 0.7054
vn -0.2108 -0.1758 0.9616
vn -0.3717 -0.0829 0.9246
vn -0.5233 0.0046 0.8521
vn -0.6597 0.0834 0.7469
vn -0.6597 0.0833 0.7469
vn -0.7757 0.1503 0.6130
vn -0.8668 0.2030 0.4555
vn -0.8668 0.2029 0.4555
vn -0.9296 0.2392 0.2805
vn -0.9616 0.2577 0.0947
vn -0.9616 0.2576 0.0947
vn -0.5309 -0.5080 0.6783
vn -0.6421 -0.4438 0.6251
vn -0.7421 -0.3861 0.5479
vn -0.8272 -0.3369 0.4497
vn -0.8941 -0.2983 0.3341
vn -0.9401 -0.2717 0.2058
vn -0.9636 -0.2582 0.0695
vn -0.5049 -0.8235 0.2587
vn -0.5482 -0.7985 0.2488
vn -0.5889 -0.7750 0.2293
vn -0.6256 -0.7538 0.2010
vn -0.6257 -0.7538 0.2010
vn -0.6569 -0.7358 0.1650
vn -0.6569 -0.7358 0.1649
vn -0.6814 -0.7216 0.1226
vn -0.6814 -0.7216 0.1225
vn -0.6982 -0.7119 0.0755
vn -0.6983 -0.7119 0.0755
vn -0.7069 -0.7069 0.0255
vn -0.7069 -0.7069 -0.0255
vn -0.9636 -0.2582 -0.0695
vn -0.9616 0.2577 -0.0947
vn -0.9616 0.2576 -0.0947
vn -0.9296 0.2392 -0.2805
vn -0.8668 0.2029 -0.4555
vn -0.7757 0.1503 -0.6130
vn -0.6597 0.0834 -0.7469
vn -0.6597 0.0833 -0.7469
vn -0.5233 0.0046 -0.8521
vn -0.3717 -0.0829 -0.9246
vn -0.2108 -0.1758 -0.9616
vn -0.9401 -0.2717 -0.2058
vn -0.8941 -0.2983 -0.3341
vn -0.8272 -0.3369 -0.4497
vn -0.7421 -0.3861 -0.5479
vn -0.6421 -0.4438 -0.6251
vn -0.5309 -0.5080 -0.6783
vn -0.4129 -0.5761 -0.7054
vn -0.4129 -0.5762 -0.7054
vn -0.6982 -0.7119 -0.0755
vn -0.6983 -0.7118 -0.0755
vn -0.6814 -0.7216 -0.1226
vn -0.6568 -0.7358 -0.1649
vn -0.6569 -0.7357 -0.1649
vn -0.6257 -0.7538 -0.2010
vn -0.6256 -0.7538 -0.2010
vn -0.5890 -0.7750 -0.2293
vn -0.5889 -0.7750 -0.2293
vn -0.5482 -0.7985 -0.2488
vn -0.5049 -0.8235 -0.2587
vn -0.5049 -0.8235 -0.2588
vn -0.4830 -0.8365 -0.2588
vn -0.3536 -0.6124 -0.7071
vn -0.3535 -0.6124 -0.7071
vn -0.1294 -0.2241 -0.9659
vn -0.0170 -0.2588 -0.9658
vn -0.0463 -0.7063 -0.7064
vn -0.0632 -0.9640 -0.2583
vn -0.1885 -0.9475 -0.2583
vn -0.3105 -0.9148 -0.2583
vn -0.4273 -0.8664 -0.2583
vn -0.1381 -0.6943 -0.7064
vn -0.1381 -0.6942 -0.7064
vn -0.2275 -0.6703 -0.7064
vn -0.3131 -0.6349 -0.7064
vn -0.0506 -0.2544 -0.9658
vn -0.0834 -0.2456 -0.9658
vn -0.1147 -0.2326 -0.9658
vn 0.0753 0.1817 -0.9805
vn 0.1167 0.2363 -0.9646
vn 0.1704 0.4115 -0.8953
vn 0.2342 0.5654 -0.7908
vn 0.2949 0.6480 -0.7022
vn 0.3754 0.9064 -0.1935
vn 0.3875 0.8856 -0.2561
vn 0.3438 0.8300 -0.4392
vn 0.3046 0.7353 -0.6055
vn 0.0975 0.1689 -0.9808
vn 0.2212 0.3831 -0.8968
vn 0.2212 0.3831 -0.8969
vn 0.3044 0.5272 -0.7934
vn 0.3967 0.6871 -0.6088
vn 0.3967 0.6871 -0.6087
vn 0.4484 0.7767 -0.4423
vn 0.4904 0.8494 -0.1951
vn 0.0138 0.2162 -0.9762
vn 0.2360 0.5645 -0.7910
vn 0.1441 0.4256 -0.8934
vn 0.4103 0.7977 -0.4419
vn 0.3441 0.7158 -0.6077
vn 0.4737 0.8588 -0.1951
vn 0.0265 0.2828 -0.9588
vn -0.1141 0.3634 -0.9246
vn -0.2656 0.4509 -0.8521
vn -0.4020 0.5296 -0.7469
vn -0.5180 0.5966 -0.6130
vn -0.6092 0.6492 -0.4555
vn -0.6719 0.6855 -0.2805
vn -0.6719 0.6854 -0.2805
vn -0.7040 0.7039 -0.0947
vn -0.7039 0.7039 -0.0947
vn 0.2646 0.6632 -0.7001
vn 0.1745 0.7138 -0.6783
vn 0.0633 0.7780 -0.6251
vn 0.0633 0.7779 -0.6251
vn -0.0367 0.8357 -0.5479
vn -0.1218 0.8849 -0.4497
vn -0.1218 0.8848 -0.4497
vn -0.1887 0.9234 -0.3341
vn -0.1887 0.9235 -0.3341
vn -0.2347 0.9500 -0.2058
vn -0.2582 0.9636 -0.0695
vn 0.4381 0.8624 -0.2536
vn 0.4175 0.8740 -0.2488
vn 0.4174 0.8740 -0.2488
vn 0.3767 0.8975 -0.2293
vn 0.3400 0.9187 -0.2010
vn 0.3088 0.9367 -0.1649
vn 0.2843 0.9509 -0.1226
vn 0.2842 0.9509 -0.1226
vn 0.2674 0.9606 -0.0755
vn 0.2587 0.9656 -0.0255
vn -0.9582 0.1261 -0.2568
vn -0.7041 0.0927 -0.7041
vn -0.2587 0.0341 -0.9654
vn -0.2410 0.0998 -0.9654
vn -0.2070 0.1588 -0.9654
vn -0.1588 0.2070 -0.9654
vn -0.6561 0.2718 -0.7041
vn -0.5634 0.4323 -0.7041
vn -0.4323 0.5634 -0.7041
vn -0.8929 0.3699 -0.2568
vn -0.8929 0.3699 -0.2567
vn -0.7668 0.5884 -0.2568
vn -0.5884 0.7668 -0.2568
vn -0.5884 0.7668 -0.2567
vn 0.2587 0.9656 0.0255
vn -0.2582 0.9636 0.0695
vn -0.7039 0.7039 0.0947
vn -0.6719 0.6855 0.2805
vn -0.6719 0.6854 0.2805
vn -0.6092 0.6492 0.4555
vn -0.5180 0.5966 0.6130
vn -0.4020 0.5296 0.7469
vn -0.2656 0.4509 0.8521
vn -0.1141 0.3634 0.9246
vn 0.0468 0.2705 0.9616
vn -0.2347 0.9500 0.2058
vn -0.1887 0.9234 0.3341
vn -0.1887 0.9235 0.3341
vn -0.1218 0.8848 0.4497
vn -0.1218 0.8849 0.4497
vn -0.0367 0.8357 0.5479
vn 0.0633 0.7780 0.6251
vn 0.1745 0.7138 0.6783
vn 0.2925 0.6456 0.7054
vn 0.2588 0.9656 0.0255
vn 0.2674 0.9606 0.0755
vn 0.2842 0.9509 0.1226
vn 0.2843 0.9509 0.1226
vn 0.3088 0.9367 0.1649
vn 0.3400 0.9187 0.2010
vn 0.3767 0.8975 0.2293
vn 0.4174 0.8740 0.2488
vn 0.4175 0.8740 0.2488
vn 0.4607 0.8490 0.2587
vn -0.2588 0.0000 -0.9659
vn -0.7071 0.0000 -0.7071
vn -0.9659 0.0000 -0.2588
vn 0.1294 0.2241 0.9659
vn 0.3535 0.6124 0.7071
vn 0.3536 0.6124 0.7071
vn 0.4830 0.8365 0.2588
vn -0.1262 -0.9582 -0.2567
vn -0.0927 -0.7040 -0.7041
vn -0.0341 -0.2587 -0.9654
vn -0.0998 -0.2410 -0.9654
vn -0.1588 -0.2070 -0.9654
vn -0.2070 -0.1588 -0.9654
vn -0.2410 -0.0998 -0.9654
vn -0.2587 -0.0341 -0.9654
vn -0.2718 -0.6561 -0.7041
vn -0.4323 -0.5634 -0.7041
vn -0.5634 -0.4323 -0.7041
vn -0.6561 -0.2718 -0.7041
vn -0.7041 -0.0927 -0.7041
vn -0.1261 -0.9582 -0.2567
vn -0.3699 -0.8929 -0.2567
vn -0.3699 -0.8929 -0.2568
vn -0.5884 -0.7668 -0.2567
vn -0.5884 -0.7668 -0.2568
vn -0.7668 -0.5884 -0.2567
vn -0.7668 -0.5884 -0.2568
vn -0.8929 -0.3698 -0.2568
vn -0.8929 -0.3699 -0.2568
vn -0.9582 -0.1262 -0.2568
vn -0.9582 -0.1261 -0.2568
vn 0.1261 0.9582 0.2568
vn 0.1262 0.9582 0.2567
vn 0.0927 0.7041 0.7041
vn 0.0341 0.2587 0.9654
vn 0.3699 0.8929 0.2567
vn 0.2718 0.6561 0.7041
vn 0.0998 0.2410 0.9654
vn -0.0463 -0.7064 -0.7063
vn -0.1381 -0.6943 -0.7063
vn -0.3131 -0.6349 -0.7063
vn -0.2586 0.0410 0.9651
vn -0.9548 0.1512 0.2558
vn -0.7027 0.1113 0.7027
vn -0.8614 0.4389 0.2558
vn -0.9092 0.4048 0.0979
vn -0.8102 0.5261 0.2585
vn -0.6836 0.6836 0.2558
vn -0.5261 0.8102 0.2585
vn -0.4486 0.8805 0.1534
vn -0.3930 0.8827 0.2575
vn -0.1512 0.9548 0.2558
vn -0.6339 0.3230 0.7027
vn -0.5031 0.5031 0.7027
vn -0.3230 0.6339 0.7027
vn -0.1113 0.7027 0.7027
vn -0.2333 0.1189 0.9651
vn -0.1851 0.1851 0.9651
vn -0.1189 0.2333 0.9651
vn -0.0410 0.2586 0.9651
vn -0.0975 -0.1689 -0.9808
vn -0.0954 -0.2436 -0.9652
vn -0.2212 -0.3831 -0.8968
vn -0.3044 -0.5272 -0.7934
vn -0.3078 -0.6377 -0.7061
vn -0.3967 -0.6871 -0.6088
vn -0.4484 -0.7767 -0.4423
vn -0.4486 -0.8555 -0.2586
vn -0.4904 -0.8494 -0.1951
vn -0.2588 0.0000 0.9659
vn -0.7071 0.0000 0.7071
vn -0.9659 0.0000 0.2588
vn -0.6590 -0.7515 -0.0309
vn -0.8934 -0.4406 -0.0877
vn -0.9893 -0.0649 -0.1306
vn -0.9357 0.3176 -0.1535
vn -0.8535 0.2702 -0.4455
vn -0.8536 0.2702 -0.4455
vn -0.7432 0.2045 -0.6370
vn -0.7486 0.0283 -0.6624
vn -0.2293 -0.0902 -0.9692
vn -0.4822 0.0558 -0.8743
vn -0.6489 0.1501 -0.7459
vn -0.9893 -0.0648 -0.1306
vn -0.9194 -0.1052 -0.3789
vn -0.7865 -0.1820 -0.5901
vn -0.7865 -0.1819 -0.5902
vn -0.6036 -0.2876 -0.7437
vn -0.6036 -0.2875 -0.7437
vn -0.3408 -0.3090 -0.8879
vn -0.3974 -0.4074 -0.8223
vn -0.4100 -0.4607 -0.7872
vn -0.4780 -0.6359 -0.6060
vn -0.8465 -0.4677 -0.2544
vn -0.7573 -0.5192 -0.3962
vn -0.6344 -0.5901 -0.4993
vn -0.6344 -0.5901 -0.4992
vn -0.4996 -0.6688 -0.5505
vn -0.5079 -0.7399 -0.4411
vn -0.6425 -0.7610 -0.0896
vn -0.6111 -0.7792 -0.1396
vn -0.6110 -0.7792 -0.1396
vn -0.5678 -0.8042 -0.1759
vn -0.5169 -0.8335 -0.1950
vn -0.0410 -0.2586 0.9651
vn -0.1512 -0.9548 0.2558
vn -0.1113 -0.7027 0.7027
vn -0.4389 -0.8614 0.2558
vn -0.4048 -0.9092 0.0979
vn -0.5261 -0.8102 0.2585
vn -0.6836 -0.6836 0.2558
vn -0.6836 -0.6836 0.2559
vn -0.8102 -0.5261 0.2585
vn -0.8805 -0.4486 0.1534
vn -0.8827 -0.3930 0.2575
vn -0.9548 -0.1512 0.2558
vn -0.3230 -0.6339 0.7027
vn -0.5031 -0.5031 0.7027
vn -0.6339 -0.3230 0.7027
vn -0.7027 -0.1113 0.7027
vn -0.1189 -0.2333 0.9651
vn -0.1851 -0.1851 0.9651
vn -0.2333 -0.1189 0.9651
vn -0.2586 -0.0410 0.9651
vn -0.5169 -0.8335 0.1950
vn -0.4900 -0.6735 0.5534
vn -0.3885 -0.4117 0.8243
vn -0.2293 -0.0902 0.9692
vn -0.4822 0.0558 0.8743
vn -0.6490 0.1501 0.7459
vn -0.7486 0.0283 0.6624
vn -0.7432 0.2045 0.6370
vn -0.8535 0.2702 0.4455
vn -0.9357 0.3176 0.1535
vn -0.6036 -0.2876 0.7437
vn -0.6035 -0.2876 0.7437
vn -0.7865 -0.1819 0.5902
vn -0.9194 -0.1052 0.3789
vn -0.9893 -0.0649 0.1306
vn -0.4901 -0.6735 0.5534
vn -0.6344 -0.5901 0.4992
vn -0.6344 -0.5901 0.4993
vn -0.7573 -0.5192 0.3962
vn -0.8465 -0.4677 0.2544
vn -0.8934 -0.4406 0.0877
vn -0.5678 -0.8042 0.1759
vn -0.6111 -0.7792 0.1396
vn -0.6425 -0.7610 0.0896
vn -0.6590 -0.7515 0.0309
vn -0.0975 -0.1689 0.9808
vn -0.0954 -0.2436 0.9652
vn -0.3004 -0.4679 0.8312
vn -0.3044 -0.5272 0.7933
vn -0.4157 -0.7201 0.5556
vn -0.4303 -0.6670 0.6083
vn -0.4447 -0.8742 0.1948
vn -0.2696 -0.5467 0.7927
vn -0.1381 -0.6943 0.7064
vn -0.2936 -0.6435 0.7069
vn -0.3512 -0.7121 0.6080
vn 0.3699 0.8929 0.2568
vn -0.6091 0.6492 0.4555
vn -0.1886 0.9235 0.3341
vn 0.2673 0.9606 0.0755
vn 0.3087 0.9367 0.1649
vn 0.4607 0.8490 0.2588
vn 0.3441 0.7158 -0.6076
vn 0.4737 0.8588 -0.1950
vn -0.2656 0.4509 -0.8522
vn -0.6091 0.6492 -0.4555
vn 0.3087 0.9367 -0.1650
vn 0.2673 0.9606 -0.0755
vn 0.4484 0.7768 -0.4422
vn 0.1261 0.9582 -0.2568
vn 0.3755 0.9064 -0.1935
vn -0.7071 0.7071 0.0000
vn -0.9659 0.2588 0.0000
vn -0.9659 -0.2588 0.0000
vn -0.7071 -0.7071 0.0000
vn -0.2588 -0.9659 0.0000
vn 0.2588 -0.9659 0.0000
vn 0.7071 -0.7071 0.0000
vn 0.9659 -0.2588 0.0000
vn 0.9659 0.2588 0.0000
vn 0.7071 0.7071 0.0000
vn 0.2588 0.9659 0.0000
vn -0.5096 0.8310 -0.2230
vn -0.0008 0.9911 -0.1330
vn 0.0006 0.9977 0.0681
vn -0.0713 0.9683 0.2393
vn -0.0276 0.9565 0.2905
vn 0.0129 -0.9987 -0.0485
vn -0.8394 -0.5338 -0.1019
vn -0.3443 -0.9275 -0.1455
vn -0.1397 -0.9825 -0.1229
vn 0.0000 -0.9998 -0.0210
vn -0.0602 -0.9938 -0.0931
vn -0.0263 -0.9975 -0.0654
vn -0.0088 -0.9992 -0.0398
vn 0.0489 -0.9948 -0.0888
vn 0.1705 -0.9762 -0.1342
vn 0.6744 -0.7252 -0.1384
vn 0.0000 -0.9505 0.3107
vn 0.0000 -0.6730 0.7397
vn 0.0000 -0.2197 0.9756
vn 0.0000 0.2909 0.9568
vn 0.0000 0.7256 0.6881
vn 0.0000 0.9355 0.3533
vn 0.0000 0.9355 0.3532
vn 0.0000 -0.2809 0.9598
vn 0.0000 0.8839 0.4677
vn 0.0000 0.7424 0.6700
vn 0.0000 0.5529 0.8332
vn 0.0000 0.3320 0.9433
vn 0.0000 0.0876 0.9962
vn 0.0000 -0.1591 0.9873
vn 0.0000 -0.3991 0.9169
vn 0.0000 -0.6115 0.7912
vn 0.0000 -0.7887 0.6148
vn 0.0000 -0.9153 0.4028
vn 0.0000 -0.9866 0.1632
vn 0.0000 -0.9965 -0.0835
vn 0.0000 -0.9447 -0.3281
vn 0.0000 -0.9446 -0.3281
vn 0.0000 -0.8355 -0.5495
vn 0.0000 -0.6731 -0.7396
vn 0.0000 -0.6730 -0.7396
vn 0.0000 -0.4714 -0.8819
vn 0.0000 -0.4713 -0.8819
vn 0.0000 -0.2378 -0.9713
vn 0.0000 0.0073 -1.0000
vn 0.0000 0.2552 -0.9669
vn 0.0000 0.4843 -0.8749
vn 0.0000 0.6862 -0.7274
vn 0.0000 0.8435 -0.5371
vn 0.0000 0.8435 -0.5372
vn 0.0000 -0.6140 -0.7893
vn 0.7422 0.4933 -0.4536
vn -0.0109 -0.9264 0.3763
vn 0.6512 -0.6560 0.3815
vn 0.1560 -0.8786 0.4514
vn 0.0425 -0.9096 0.4132
vn 0.0109 -0.9264 0.3763
vn -0.0425 -0.9096 0.4132
vn -0.1560 -0.8786 0.4515
vn -0.6512 -0.6560 0.3815
vn 0.1344 0.6757 -0.7249
vn -0.0154 0.2585 -0.9659
vn 0.0154 0.2583 -0.9659
vn 0.0457 0.3127 -0.9487
vn 0.0746 0.3387 -0.9379
vn 0.0057 0.4850 -0.8745
vn -0.0050 0.6083 -0.7937
vn -0.7427 0.4929 -0.4533
vn -0.1320 0.6758 -0.7252
vn 0.0000 0.6102 -0.7922
vn 0.0000 0.3397 -0.9405
vn -0.1190 0.3779 -0.9181
vn -0.0457 0.3128 -0.9487
vn 0.0000 0.2153 -0.9766
vn 0.0000 -0.1438 -0.9896
vn 0.0000 -0.5933 -0.8050
vn 0.0000 -0.9027 -0.4302
vn 0.0000 -0.9989 0.0461
vn 0.0000 -0.9363 0.3513
vn 0.7784 0.6278 -0.0004
vn 0.1904 0.9794 -0.0666
vn -0.0116 0.8748 -0.4844
vn -0.1340 0.8921 -0.4316
vn -0.0730 0.8789 -0.4715
vn -0.0254 0.8528 -0.5217
vn 0.0000 0.8292 -0.5590
vn 0.0253 0.8527 -0.5218
vn 0.0731 0.8790 -0.4712
vn 0.0529 0.8736 -0.4837
vn 0.0000 0.9611 -0.2764
vn 0.0000 0.9880 -0.1544
vn -0.7786 0.6275 -0.0004
vn -0.1905 0.9794 -0.0665
vn 0.0042 0.9877 -0.1563
vn -0.7783 0.2870 0.5584
vn -0.1905 0.3891 0.9013
vn 0.0000 -0.1176 0.9931
vn -0.0253 -0.0737 0.9970
vn -0.0731 -0.0167 0.9972
vn -0.0529 -0.0303 0.9981
vn 0.0000 0.1940 0.9810
vn 0.0000 0.3149 0.9491
vn 0.1140 0.0173 0.9933
vn 0.0000 -0.0303 0.9995
vn 0.0000 0.3501 0.9367
vn 0.5435 0.3836 0.7466
vn 0.0000 -0.9997 -0.0257
vn 0.0505 -0.9830 0.1763
vn 0.0162 -0.9997 0.0162
vn 0.0032 -0.9880 -0.1543
vn 0.0010 -0.9777 -0.2102
vn -0.0032 -0.9880 -0.1543
vn -0.0162 -0.9997 0.0162
vn -0.0072 -0.9996 -0.0257
vn 0.0000 -0.9797 0.2005
vn 0.0000 -0.8793 0.4762
vn -0.0329 -0.9336 0.3567
vn 0.0005 -0.8038 0.5949
vn -0.0011 -0.5247 0.8513
vn -0.0300 -0.6203 0.7838
vn -0.0059 -0.4599 0.8879
vn 0.0363 -0.0546 0.9978
vn 0.0000 -0.3070 0.9517
vn -0.0008 -0.3549 0.9349
vn 0.0008 -0.3549 0.9349
vn 0.0059 -0.4599 0.8879
vn 0.0153 -0.5246 0.8512
vn 0.0000 -0.6385 0.7696
vn 0.0360 -0.8018 0.5965
vn 0.0000 -0.9317 0.3633
vn 0.0000 0.5168 -0.8561
vn 0.0000 0.0210 -0.9998
vn 0.0000 -0.4803 -0.8771
vn 0.0000 -0.8537 -0.5207
vn 0.0000 -0.9679 -0.2514
vn -0.0010 -0.9776 -0.2103
vn 0.0000 0.3051 -0.9523
vn -0.7479 -0.5457 -0.3779
vn 0.7274 0.6535 0.2093
vn 0.1207 0.9660 0.2286
vn -0.0133 0.9687 -0.2477
vn 0.0000 0.9572 -0.2895
vn 0.0133 0.9687 -0.2478
vn 0.0401 0.9803 -0.1932
vn 0.0751 0.9848 -0.1566
vn 0.0065 0.9999 -0.0114
vn -0.0047 0.9907 0.1361
vn -0.7279 0.6530 0.2092
vn -0.1185 0.9663 0.2285
vn 0.0000 0.9903 0.1388
vn 0.0000 0.9876 -0.1570
vn -0.1128 0.9868 -0.1164
vn -0.0402 0.9804 -0.1931
vn -0.1572 -0.7716 -0.6164
vn 0.0141 -0.4771 -0.8787
vn 0.1183 -0.5125 -0.8505
vn 0.0557 -0.4710 -0.8804
vn 0.0192 -0.4233 -0.9058
vn -0.0191 -0.4232 -0.9058
vn -0.0559 -0.4714 -0.8802
vn -0.0631 -0.4762 -0.8771
vn 0.0000 -0.6333 -0.7739
vn 0.0000 -0.7248 -0.6889
vn 0.7482 -0.5454 -0.3777
vn 0.1572 -0.7716 -0.6164
vn -0.0048 -0.7230 -0.6908
vn 0.0000 0.8049 -0.5934
vn 0.0000 0.4420 -0.8970
vn 0.0000 -0.0198 -0.9998
vn 0.0000 -0.3846 -0.9231
vn 0.0000 0.5132 -0.8583
vn -0.7324 -0.4888 -0.4739
vn 0.7367 -0.6742 0.0525
vn 0.1279 -0.9800 0.1524
vn 0.0000 -0.7820 0.6232
vn -0.0162 -0.8066 0.5909
vn 0.0162 -0.8066 0.5909
vn 0.0478 -0.8363 0.5462
vn 0.0710 -0.8465 0.5276
vn 0.0054 -0.9258 0.3779
vn -0.0051 -0.9692 0.2461
vn -0.7386 -0.6722 0.0523
vn -0.1282 -0.9800 0.1522
vn 0.0051 -0.9692 0.2461
vn -0.0182 -0.8485 0.5288
vn -0.1128 -0.8630 0.4924
vn -0.0478 -0.8363 0.5462
vn -0.1252 -0.6567 -0.7436
vn 0.0152 -0.2296 -0.9732
vn -0.0152 -0.2295 -0.9732
vn -0.0452 -0.2843 -0.9577
vn -0.0785 -0.3147 -0.9459
vn -0.0062 -0.4614 -0.8872
vn 0.0048 -0.5871 -0.8095
vn 0.7329 -0.4885 -0.4736
vn 0.1230 -0.6568 -0.7439
vn 0.0000 -0.5892 -0.8080
vn 0.0000 -0.3157 -0.9489
vn 0.1211 -0.3530 -0.9278
vn 0.0453 -0.2844 -0.9576
vn 0.0000 -0.4935 0.8697
vn 0.0000 -0.0187 0.9998
vn 0.0000 0.4605 0.8876
vn 0.0000 0.8283 0.5604
vn 0.0000 0.9953 0.0973
vn 0.0000 0.9211 -0.3893
vn 0.0000 0.6237 -0.7816
vn 0.0000 0.1752 -0.9845
vn 0.0000 -0.1862 -0.9825
vn -0.7366 0.6743 0.0525
vn 0.7324 -0.6488 -0.2064
vn 0.1252 -0.9659 -0.2266
vn 0.0000 -0.9555 0.2950
vn 0.0142 -0.9674 0.2529
vn 0.0426 -0.9793 0.1978
vn 0.0757 -0.9835 0.1643
vn 0.0063 -0.9999 0.0134
vn -0.0048 -0.9910 -0.1341
vn -0.4587 -0.8468 -0.2693
vn 0.0166 -0.9846 -0.1739
vn -0.0335 -0.9858 0.1647
vn -0.0836 -0.9862 0.1428
vn -0.0204 -0.9719 0.2343
vn -0.1279 0.9800 0.1524
vn 0.0153 0.8100 0.5862
vn -0.0153 0.8100 0.5862
vn -0.0454 0.8393 0.5418
vn -0.0686 0.8499 0.5224
vn -0.0054 0.9258 0.3779
vn 0.0051 0.9692 0.2462
vn 0.7386 0.6721 0.0523
vn 0.1283 0.9800 0.1521
vn -0.0051 0.9692 0.2462
vn 0.0177 0.8518 0.5236
vn 0.1084 0.8661 0.4879
vn 0.0454 0.8393 0.5418
vn 0.0000 -0.7958 0.6056
vn 0.0000 -0.4217 0.9067
vn 0.0000 0.0497 0.9988
vn 0.0000 0.5096 0.8604
vn 0.0000 0.7859 0.6184
vn 0.0000 -0.5132 0.8583
vn -0.4556 0.6397 0.6191
vn 0.0000 -0.9966 0.0829
vn 0.0000 -0.5882 0.8087
vn 0.4998 -0.7648 -0.4065
vn 0.0000 -0.9341 0.3569
vn 0.0280 -0.9994 0.0223
vn 0.0646 -0.9977 -0.0183
vn -0.0051 -0.9800 -0.1988
vn 0.0085 -0.9311 -0.3646
vn 0.0339 -0.8220 0.5685
vn 0.0000 -0.8952 0.4456
vn 0.0000 -0.1481 0.9890
vn 0.0000 -0.3530 0.9356
vn 0.0059 -0.1481 0.9890
vn 0.0000 -0.1204 0.9927
vn -0.0065 -0.5882 0.8087
vn -0.0163 -0.6271 0.7788
vn 0.0000 -0.4619 0.8869
vn -0.0140 -0.9997 -0.0183
vn -0.1193 -0.9908 -0.0635
vn -0.0568 -0.9983 -0.0137
vn -0.0196 -0.9990 0.0405
vn -0.0235 -0.9357 0.3520
vn 0.0031 -0.8041 0.5945
vn -0.7509 -0.5832 -0.3100
vn -0.1599 -0.9012 -0.4028
vn 0.0048 -0.9455 -0.3256
vn 0.0137 0.2380 0.9712
vn 0.0000 0.1955 0.9807
vn -0.0227 -0.2620 0.9648
vn -0.0197 0.2563 0.9664
vn -0.0679 0.3247 0.9434
vn 0.0000 0.4529 0.8916
vn 0.0000 0.6231 0.7821
vn 0.7308 0.4905 0.4747
vn 0.1211 0.6576 0.7436
vn 0.0000 0.5899 0.8075
vn 0.0000 0.3255 0.9455
vn 0.1140 0.3615 0.9254
vn 0.0412 0.2919 0.9556
vn 0.0000 0.4867 0.8736
vn 0.4939 0.6365 -0.5924
vn 0.0000 0.6383 -0.7698
vn 0.0000 0.4702 -0.8826
vn 0.0677 0.3274 -0.9424
vn 0.0235 0.2716 -0.9621
vn -0.4938 0.6365 -0.5924
vn 0.0049 0.6374 -0.7705
vn -0.0103 0.3282 -0.9446
vn -0.0927 0.3584 -0.9289
vn -0.0235 0.2716 -0.9621
vn 0.0000 0.2092 -0.9779
vn 0.0000 -0.1562 -0.9877
vn -0.4420 0.8616 -0.2495
vn 0.0000 0.9517 0.3070
vn -0.0164 0.9684 0.2490
vn -0.0630 0.9830 0.1722
vn 0.0000 0.9988 0.0498
vn 0.0000 0.9883 -0.1523
vn 0.4420 0.8616 -0.2496
vn -0.0216 0.9889 -0.1467
vn 0.0408 0.9842 0.1725
vn 0.0715 0.9849 0.1579
vn 0.0164 0.9684 0.2490
vn 0.0000 0.9659 -0.2589
vn 0.0000 0.9659 0.2589
vn 0.7874 -0.5859 0.1914
vn 0.2015 -0.9087 0.3656
vn -0.0099 -0.6812 0.7321
vn -0.1306 -0.7160 0.6858
vn -0.0732 -0.6927 0.7175
vn -0.0255 -0.6525 0.7574
vn 0.0000 -0.6186 0.7857
vn 0.0254 -0.6524 0.7575
vn 0.0734 -0.6928 0.7174
vn 0.0456 -0.6805 0.7313
vn 0.0000 -0.8280 0.5607
vn 0.0000 -0.8915 0.4530
vn -0.7876 -0.5857 0.1913
vn -0.2016 -0.9087 0.3656
vn 0.0039 -0.8908 0.4545
vn -0.5189 0.6029 0.6060
vn -0.0043 0.6090 0.7932
vn 0.0156 0.2736 0.9617
vn 0.1239 0.3164 0.9405
vn 0.0568 0.2631 0.9631
vn 0.0195 0.2062 0.9783
vn 0.0029 0.4424 0.8968
vn -0.0693 0.2730 0.9595
vn -0.0279 0.2255 0.9738
vn 0.7713 0.4489 0.4512
vn 0.1644 0.6409 0.7498
vn -0.0052 0.5728 0.8197
vn 0.0000 -0.2339 0.9723
vn 0.0000 0.1606 0.9870
vn 0.4369 0.7898 -0.4305
vn 0.0321 0.8251 -0.5641
vn 0.0000 0.5694 -0.8220
vn 0.0118 0.5777 -0.8162
vn 0.0000 0.5701 -0.8216
vn 0.0000 0.7540 -0.6569
vn 0.0024 0.7732 -0.6341
vn -0.4369 0.7898 -0.4305
vn -0.0321 0.8251 -0.5641
vn -0.0024 0.7732 -0.6341
vn 0.0000 0.7537 -0.6573
vn -0.0010 0.5701 -0.8216
vn 0.0047 -0.5886 -0.8084
vn -0.1211 -0.6584 -0.7429
vn -0.7278 -0.4933 -0.4764
vn 0.0129 -0.2424 -0.9701
vn 0.0000 -0.2005 -0.9797
vn -0.0064 -0.4630 -0.8864
vn -0.0737 -0.3304 -0.9410
vn -0.0390 -0.2958 -0.9545
vn 0.7283 -0.4929 -0.4761
vn 0.1189 -0.6584 -0.7432
vn 0.0000 -0.5908 -0.8068
vn 0.0000 -0.3313 -0.9435
vn 0.1106 -0.3664 -0.9239
vn 0.0391 -0.2958 -0.9544
vn 0.0000 0.1341 -0.9910
vn -0.0129 -0.2423 -0.9701
vn 0.0000 -0.9659 -0.2589
vn 0.0000 -0.9659 0.2589
vn 0.9808 -0.0949 -0.1704
vn 0.9761 -0.1055 -0.1898
vn 0.8358 -0.2673 -0.4796
vn 0.7751 -0.3070 -0.5522
vn 0.5622 -0.4028 -0.7223
vn 0.4939 -0.4232 -0.7596
vn 0.1951 -0.4773 -0.8568
vn -0.1790 0.4788 0.8595
vn -0.1951 0.4772 0.8569
vn -0.5419 0.4091 0.7342
vn -0.5556 0.4046 0.7264
vn -0.8315 0.2704 0.4853
vn -0.9808 0.0949 0.1704
vn -0.5557 -0.4049 -0.7261
vn -0.8313 -0.2699 -0.4858
vn -0.7750 -0.3078 -0.5520
vn -0.9808 -0.0948 -0.1705
vn -0.9761 -0.1057 -0.1897
vn -0.4939 -0.4232 -0.7596
vn -0.1951 -0.4773 -0.8568
vn 0.9233 -0.1869 -0.3356
vn 0.1330 -0.4823 -0.8658
vn 0.1325 -0.4824 -0.8659
vn 0.3850 -0.4492 -0.8063
vn 0.3845 -0.4492 -0.8064
vn 0.7071 -0.3441 -0.6177
vn 0.7968 -0.2929 -0.5285
vn 0.6136 -0.3843 -0.6898
vn 0.9912 -0.0633 -0.1161
vn 0.8913 -0.2223 -0.3951
vn 0.9784 -0.1006 -0.1805
vn 0.9821 0.0916 0.1645
vn 0.9808 0.0949 0.1704
vn 0.8353 0.2676 0.4803
vn 0.8315 0.2704 0.4853
vn 0.5556 0.4046 0.7264
vn 0.1951 0.4773 0.8568
vn -0.9913 -0.0642 -0.1153
vn -0.9226 -0.1867 -0.3377
vn -0.9784 -0.1010 -0.1803
vn -0.8916 -0.2204 -0.3956
vn -0.8037 -0.2896 -0.5198
vn -0.7073 -0.3435 -0.6179
vn -0.6236 -0.3805 -0.6829
vn -0.3846 -0.4492 -0.8064
vn -0.3850 -0.4492 -0.8063
vn -0.1325 -0.4824 -0.8659
vn -0.1330 -0.4823 -0.8658
vn -0.8504 0.2561 0.4597
vn -0.8315 0.2705 0.4852
vn -0.5843 0.3947 0.7090
vn -0.5556 0.4047 0.7264
vn -0.1951 0.4773 0.8568
vn 0.0000 -0.0711 0.9975
vn 0.0000 -0.2119 0.9773
vn 0.0000 -0.4757 -0.8796
vn 0.0000 -0.1645 -0.9864
vn -1.0000 0.0012 0.0004
vn -0.1439 0.8347 -0.5316
vn -0.6636 0.5892 -0.4609
vn -0.5572 0.6928 -0.4577
vn -0.4371 0.7503 -0.4959
vn -0.9337 0.2846 -0.2172
vn -0.9018 0.3647 -0.2319
vn -0.8400 0.4584 -0.2905
vn -1.0000 0.0011 -0.0005
vn -0.9833 0.1706 0.0632
vn -0.6592 0.5429 0.5203
vn -0.7591 0.5429 0.3592
vn -0.8382 0.4852 0.2490
vn -0.9063 0.3754 0.1940
vn -0.2798 0.8078 0.5188
vn -0.4435 0.7860 0.4307
vn -0.5592 0.7271 0.3982
vn -0.3259 0.7691 -0.5498
vn -0.2587 0.7637 -0.5915
vn -0.2512 0.5712 -0.7814
vn -0.4256 0.6210 -0.6582
vn -0.2569 0.4680 -0.8455
vn -0.2570 0.2467 -0.9344
vn -0.3480 0.1213 -0.9296
vn -0.2568 0.0071 -0.9664
vn -0.2571 -0.2298 -0.9387
vn -0.3478 -0.3405 -0.8736
vn -0.2567 -0.4556 -0.8524
vn -0.2572 -0.6504 -0.7147
vn -0.3475 -0.7186 -0.6024
vn -0.2566 -0.8075 -0.5311
vn -0.2573 -0.9128 -0.3170
vn -0.3471 -0.9198 -0.1829
vn -0.2565 -0.9632 -0.0807
vn -0.2574 -0.9534 0.1577
vn -0.3465 -0.8947 0.2819
vn -0.2564 -0.8847 0.3894
vn -0.2575 -0.7621 0.5940
vn -0.3459 -0.6492 0.6774
vn -0.2563 -0.5911 0.7648
vn -0.2575 -0.3856 0.8860
vn -0.3451 -0.2438 0.9064
vn -0.2562 -0.1538 0.9543
vn -0.2576 0.0846 0.9625
vn -0.3441 0.2220 0.9123
vn -0.0953 0.8799 0.4656
vn -0.2588 0.8010 0.5398
vn -0.2559 0.7176 0.6477
vn -0.3431 0.6335 0.6935
vn -0.2577 0.5342 0.8051
vn -0.2561 0.3209 0.9118
vn -0.7060 0.5606 0.4327
vn -0.6958 0.4844 0.5303
vn -0.6958 0.1698 0.6979
vn -0.6958 -0.1865 0.6936
vn -0.6958 -0.4970 0.5185
vn -0.6958 -0.6851 0.2158
vn -0.6958 -0.7045 -0.1400
vn -0.6958 -0.7045 -0.1401
vn -0.6958 -0.5504 -0.4614
vn -0.6958 -0.2608 -0.6692
vn -0.6958 0.0930 -0.7122
vn -0.6958 0.0929 -0.7122
vn -0.6958 0.4238 -0.5799
vn -0.6958 0.4239 -0.5798
vn -0.7071 0.5462 -0.4490
vn -0.7537 0.4386 -0.4895
vn -0.9642 0.1835 0.1913
vn -0.9638 0.1798 0.1968
vn -0.9638 0.0630 0.2590
vn -0.9638 -0.0692 0.2574
vn -0.9638 -0.1845 0.1925
vn -0.9638 -0.2543 0.0801
vn -0.9638 -0.2615 -0.0520
vn -0.9638 -0.2043 -0.1713
vn -0.9638 -0.0968 -0.2484
vn -0.9638 0.0345 -0.2643
vn -0.9638 0.0345 -0.2644
vn -0.9638 0.1573 -0.2152
vn -0.9642 0.2370 -0.1187
vn -0.9811 0.0553 -0.1856
vn 0.1942 0.0859 0.9772
vn 0.1941 -0.3915 0.8995
vn 0.1940 -0.7737 0.6031
vn 0.1940 -0.9679 0.1601
vn 0.1939 -0.9267 -0.3219
vn 0.1938 -0.6603 -0.7256
vn 0.1938 -0.2333 -0.9529
vn 0.8232 0.3351 -0.4584
vn 0.9796 0.1356 0.1485
vn 0.9796 0.0476 0.1954
vn 0.9796 -0.0522 0.1942
vn 0.9796 -0.1392 0.1452
vn 0.9796 -0.1918 0.0604
vn 0.9796 -0.1973 -0.0392
vn 0.9796 -0.1541 -0.1292
vn 0.1502 0.8739 0.4624
vn 0.8812 0.3488 0.3192
vn 0.7558 0.5759 0.3115
vn 0.6657 0.6552 0.3572
vn 0.9854 0.1381 -0.0998
vn 0.6652 0.6227 -0.4121
vn 0.7575 0.5454 -0.3587
vn 0.8315 0.4330 -0.3481
vn 0.8737 0.4150 -0.2537
vn 0.9333 0.3062 -0.1874
vn 0.2744 0.8092 -0.5196
vn 0.1946 0.8014 -0.5656
vn 0.0811 0.8407 -0.5354
vn 0.9796 0.0260 -0.1994
vn 0.9796 0.1187 -0.1624
vn 0.9798 0.1788 -0.0895
vn 1.0000 0.0011 -0.0005
vn 0.5077 0.7164 -0.4785
vn 0.5552 0.6647 -0.4999
vn 0.5434 0.4954 -0.6777
vn 0.8232 0.0735 -0.5630
vn 0.9796 -0.0730 -0.1874
vn 0.5434 0.5662 0.6198
vn 0.5556 0.6954 0.4559
vn 0.5106 0.7502 0.4200
vn 0.1937 0.2504 -0.9486
vn 0.1936 0.4751 -0.8584
vn 0.8232 -0.2062 -0.5290
vn 0.5434 0.1086 -0.8324
vn 0.3207 0.5589 -0.7647
vn 0.1936 0.6732 -0.7136
vn 0.8232 -0.4351 -0.3648
vn 0.5434 -0.3049 -0.7822
vn 0.1892 0.1271 -0.9737
vn 0.4239 0.0067 -0.9057
vn 0.8232 -0.5569 -0.1107
vn 0.5434 -0.6433 -0.5393
vn 0.1892 -0.3566 -0.9149
vn 0.4185 -0.4281 -0.8010
vn 0.8232 -0.5415 0.1706
vn 0.5434 -0.8234 -0.1637
vn 0.1892 -0.7525 -0.6309
vn 0.4130 -0.7609 -0.5004
vn 0.8232 -0.3929 0.4099
vn 0.5434 -0.8007 0.2523
vn 0.1892 -0.9631 -0.1915
vn 0.4075 -0.9100 -0.0762
vn 0.8232 -0.1475 0.5483
vn 0.5434 -0.5809 0.6061
vn 0.1892 -0.9366 0.2951
vn 0.4020 -0.8381 0.3689
vn 0.8232 0.1342 0.5517
vn 0.5434 -0.2180 0.8107
vn 0.1892 -0.6794 0.7089
vn 0.3964 -0.5614 0.7264
vn 1.0000 0.0012 0.0004
vn 0.9798 0.1875 0.0695
vn 0.8232 0.3829 0.4192
vn 0.8232 0.1343 0.5517
vn 0.5434 0.1985 0.8157
vn 0.1892 -0.2550 0.9482
vn 0.3908 -0.1465 0.9088
vn 0.9847 0.1540 0.0820
vn 0.8291 0.5048 0.2403
vn 0.5434 0.5661 0.6198
vn 0.1892 0.2322 0.9541
vn 0.3851 0.3064 0.8705
vn 0.3449 0.8270 0.4439
vn 0.1949 0.8443 0.4992
vn 0.1892 0.6622 0.7250
vn 0.3794 0.6869 0.6199
vn 0.1942 0.5424 0.8174
vn -0.2588 -0.5930 -0.7624
vn -0.1944 -0.6137 -0.7652
vn -0.6087 -0.4784 -0.6329
vn -0.5556 -0.5105 -0.6563
vn -0.7934 -0.3738 -0.4805
vn -0.8317 -0.3349 -0.4428
vn -0.9659 -0.1678 -0.1974
vn -0.9808 -0.1198 -0.1540
vn -0.9650 -0.1247 -0.2306
vn -0.9650 -0.0431 -0.2586
vn -0.7022 -0.1171 -0.7022
vn -0.2555 -0.1591 -0.9536
vn -0.7893 -0.2921 -0.5401
vn -0.7011 -0.3500 -0.6212
vn -0.6035 -0.3793 -0.7014
vn -0.2555 -0.4599 -0.8504
vn -0.4345 -0.0000 -0.9007
vn -0.8242 -0.0000 -0.5664
vn -1.0000 0.0000 -0.0017
vn -0.9659 0.0001 -0.2588
vn -0.8841 0.0186 -0.4669
vn -0.9705 0.0001 -0.2409
vn -0.7071 0.0001 -0.7071
vn -0.5919 0.0137 -0.8059
vn -0.7229 0.0042 -0.6909
vn -0.0884 0.0164 -0.9959
vn -0.2659 0.0047 -0.9640
vn -0.9915 -0.0365 0.1248
vn -0.9241 -0.1143 0.3647
vn -0.9659 -0.0727 0.2484
vn -0.7933 -0.1710 0.5844
vn -0.7071 -0.2021 0.6776
vn -0.6087 -0.2228 0.7615
vn -0.3831 -0.2594 0.8865
vn -0.2588 -0.2748 0.9260
vn -0.1309 -0.2784 0.9515
vn -0.9658 -0.0550 0.2535
vn -0.7062 -0.1500 0.6919
vn -0.2582 -0.2047 0.9441
vn -0.2582 -0.2047 0.9442
vn -0.9658 -0.0184 0.2588
vn -0.7062 -0.0503 0.7062
vn -0.2582 -0.0687 0.9636
vn -0.0800 0.0000 0.9968
vn -0.2588 0.0091 0.9659
vn -0.2659 0.0083 0.9640
vn -0.8303 -0.0005 0.5573
vn -0.7210 0.0069 0.6929
vn -0.7071 0.0088 0.7071
vn -0.5794 0.0001 0.8150
vn -0.4326 -0.0001 0.9016
vn -0.9986 0.0350 -0.0399
vn -0.9689 0.0016 0.2476
vn 0.9659 -0.1589 -0.2043
vn 0.9808 -0.1313 -0.1443
vn 0.7933 -0.3648 -0.4874
vn 0.8315 -0.3411 -0.4385
vn 0.6088 -0.4871 -0.6262
vn 0.5562 -0.5044 -0.6605
vn 0.2588 -0.6017 -0.7557
vn 0.1951 -0.6022 -0.7742
vn 0.2555 -0.4599 -0.8504
vn 0.7022 -0.3387 -0.6262
vn 0.2555 -0.1591 -0.9536
vn 0.7023 -0.1171 -0.7022
vn 0.7022 -0.1171 -0.7022
vn 0.9650 -0.0431 -0.2586
vn 0.6052 -0.3997 -0.6884
vn 0.7893 -0.2921 -0.5401
vn 0.9650 -0.1247 -0.2306
vn 0.1852 0.0000 -0.9827
vn 0.2588 0.0049 -0.9659
vn 0.7071 0.0054 -0.7071
vn 0.5837 0.0000 -0.8120
vn 0.4345 -0.0000 -0.9007
vn 0.9995 0.0216 0.0221
vn 0.9709 0.0017 -0.2394
vn 0.8791 0.0000 -0.4766
vn 0.7770 -0.0003 -0.6295
vn 0.9659 0.0015 0.2588
vn 0.9685 0.0002 0.2490
vn 1.0000 0.0000 0.0018
vn 0.1897 0.0119 0.9818
vn 0.4325 -0.0001 0.9016
vn 0.7071 0.0002 0.7071
vn 0.5933 0.0229 0.8047
vn 0.7764 -0.0010 0.6302
vn 0.2582 -0.2047 0.9441
vn 0.2582 -0.2047 0.9442
vn 0.6078 -0.1683 0.7761
vn 0.7060 -0.1559 0.6909
vn 0.9658 -0.0550 0.2535
vn 0.7926 -0.1292 0.5959
vn 0.2582 -0.0687 0.9636
vn 0.7062 -0.0503 0.7062
vn 0.9658 -0.0184 0.2588
vn 0.2588 -0.2713 0.9270
vn 0.1950 -0.2790 0.9403
vn 0.6087 -0.2202 0.7622
vn 0.5555 -0.2335 0.7980
vn 0.7934 -0.1710 0.5843
vn 0.8315 -0.1542 0.5337
vn 0.9659 -0.0754 0.2476
vn 0.9808 -0.0548 0.1872
vn 0.1314 0.0000 0.9913
vn 0.2583 -0.0605 0.9642
vn 0.3835 0.0000 0.9236
vn 0.9753 -0.1876 0.1164
vn 0.9237 0.0000 0.3831
vn 0.7695 -0.1351 0.6242
vn 0.6095 0.0000 0.7928
vn 0.9914 0.0000 0.1305
vn 0.9645 0.0541 0.2584
vn 0.9239 0.0000 0.3827
vn 0.7939 0.0000 0.6081
vn 0.7063 0.0482 0.7063
vn 0.3833 0.0000 0.9236
vn 0.2586 0.0414 0.9651
vn 0.1312 0.0000 0.9914
vn -0.1314 0.0000 0.9913
vn -0.2586 0.0414 0.9651
vn -0.3835 0.0000 0.9236
vn -0.9864 0.1092 0.1231
vn -0.9237 0.0000 0.3831
vn -0.7795 0.0893 0.6201
vn -0.6095 0.0000 0.7928
vn -0.9914 0.0000 0.1305
vn -0.9618 -0.0919 0.2577
vn -0.9239 0.0000 0.3827
vn -0.7939 0.0000 0.6081
vn -0.7051 -0.0761 0.7051
vn -0.3833 0.0000 0.9236
vn -0.2583 -0.0605 0.9642
vn -0.1312 0.0000 0.9914
vn -0.9233 0.1971 -0.3297
vn -0.8110 0.3003 -0.5022
vn -0.1325 0.5087 -0.8507
vn -0.0501 0.5134 -0.8567
vn -0.3841 0.4726 -0.7932
vn -0.1120 0.5130 -0.8510
vn -0.1642 0.5086 -0.8452
vn -0.2564 0.4973 -0.8288
vn -0.3345 0.4842 -0.8085
vn -0.4318 0.4629 -0.7741
vn -0.6337 0.3989 -0.6628
vn -0.8034 0.3028 -0.5128
vn -0.6227 0.4016 -0.6715
vn -0.9912 0.0655 -0.1150
vn -0.9656 0.1335 -0.2233
vn -1.0000 0.0005 -0.0009
vn -0.9808 -0.1001 0.1674
vn -0.8468 -0.2730 0.4566
vn -0.8315 -0.2848 0.4769
vn -0.5788 -0.4189 0.6996
vn -0.5556 -0.4267 0.7136
vn -0.1951 -0.5034 0.8418
vn -0.8019 0.3067 -0.5127
vn -0.6199 0.4026 -0.6736
vn -0.6325 0.3975 -0.6648
vn -0.3845 0.4738 -0.7923
vn -0.3850 0.4737 -0.7921
vn -0.1330 0.5087 -0.8506
vn -0.9913 0.0677 -0.1133
vn -0.8106 0.3006 -0.5026
vn -0.9228 0.1978 -0.3308
vn -0.9912 0.0678 -0.1134
vn -0.8315 -0.2851 0.4769
vn -0.9818 -0.0974 0.1627
vn -0.9913 -0.1121 0.0692
vn -0.9939 -0.0567 0.0944
vn -0.6378 -0.3953 0.6611
vn -0.7580 -0.3347 0.5597
vn -0.8726 -0.2517 0.4186
vn -0.0983 -0.5121 0.8533
vn -0.2903 -0.4911 0.8213
vn -0.3933 -0.4745 0.7875
vn -0.4809 -0.4513 0.7517
vn 0.3848 -0.4733 0.7924
vn 0.1028 -0.5108 0.8535
vn 0.1330 -0.5087 0.8506
vn 0.7589 -0.3348 0.5586
vn 0.6410 -0.3960 0.6576
vn 0.7809 -0.3193 0.5369
vn 0.5315 -0.4353 0.7266
vn 0.5931 -0.4132 0.6910
vn 0.4537 -0.4573 0.7649
vn 0.3041 -0.4896 0.8172
vn 0.9812 -0.0994 0.1655
vn 0.8355 -0.2820 0.4715
vn 0.9233 -0.1971 0.3296
vn 0.8995 -0.2247 0.3746
vn 0.9912 -0.0669 0.1138
vn 0.9811 -0.0993 0.1660
vn 0.9913 0.0677 -0.1133
vn 0.9912 0.0678 -0.1134
vn 0.9233 0.1971 -0.3297
vn 0.9227 0.1978 -0.3308
vn 0.8083 0.3021 -0.5053
vn 0.8042 0.3049 -0.5101
vn 0.6230 0.4016 -0.6713
vn 0.6296 0.3987 -0.6668
vn 0.3845 0.4738 -0.7923
vn 0.3850 0.4737 -0.7921
vn 0.1325 0.5087 -0.8507
vn 0.1330 0.5087 -0.8506
vn 0.9913 -0.0677 0.1133
vn 0.8093 -0.3015 0.5042
vn 0.9228 -0.1978 0.3308
vn 0.9233 -0.1971 0.3297
vn 0.9912 -0.0678 0.1134
vn 0.8019 -0.3065 0.5128
vn 0.6199 -0.4029 0.6734
vn 0.6308 -0.3982 0.6660
vn 0.3845 -0.4738 0.7923
vn 0.3850 -0.4737 0.7921
vn 0.1325 -0.5087 0.8507
vn 0.0500 0.5126 -0.8572
vn 1.0000 0.0000 0.0028
vn 0.9650 0.1335 -0.2259
vn 0.9228 0.1978 -0.3308
vn 0.8109 0.3003 -0.5023
vn 0.8104 0.3007 -0.5028
vn 0.6317 0.3978 -0.6653
vn 0.6323 0.3976 -0.6649
vn 0.4057 0.4691 -0.7845
vn 0.3850 0.4738 -0.7920
vn 0.2557 0.4961 -0.8298
vn 0.1330 0.5089 -0.8505
vn 0.1636 0.5068 -0.8464
vn 0.1113 0.5103 -0.8528
vn -0.9897 -0.0000 -0.1428
vn -0.9311 -0.0042 -0.3647
vn -0.9660 -0.0005 -0.2586
vn -0.7837 0.0003 -0.6211
vn -0.7079 -0.0024 -0.7063
vn -0.5968 -0.0002 -0.8024
vn -0.3943 0.0003 -0.9190
vn -0.4026 0.0004 -0.9154
vn -0.1312 -0.0005 -0.9914
vn -0.1521 0.0000 -0.9884
vn 0.0392 0.0000 -0.9992
vn 0.0964 -0.0069 -0.9953
vn 0.4006 0.0063 -0.9162
vn 0.1903 0.0010 -0.9817
vn 0.2230 -0.0035 -0.9748
vn 0.3943 0.0003 -0.9190
vn 0.7073 -0.0005 -0.7069
vn 0.6085 -0.0055 -0.7935
vn 0.7294 -0.0017 -0.6840
vn 0.8310 0.0001 -0.5563
vn 0.9660 -0.0003 -0.2587
vn 0.9681 -0.0000 -0.2505
vn -0.1331 0.3024 -0.9438
vn -0.1326 0.3024 -0.9439
vn -0.3851 0.2816 -0.8789
vn -0.3862 0.2815 -0.8784
vn -0.6007 0.2439 -0.7614
vn -0.5635 0.2526 -0.7866
vn -0.7859 0.1878 -0.5891
vn -0.9912 0.0403 -0.1259
vn -0.7583 0.1989 -0.6209
vn -0.9232 0.1172 -0.3659
vn -0.9232 0.1173 -0.3660
vn -0.9912 0.0404 -0.1260
vn -0.9912 0.0000 0.1322
vn -0.9659 -0.0044 0.2588
vn -0.9232 0.0000 0.3842
vn -0.7514 0.0000 0.6598
vn -0.7071 -0.0032 0.7071
vn -0.5551 0.0000 0.8318
vn -0.3851 0.0000 0.9229
vn -0.2588 -0.0042 0.9659
vn -0.1331 0.0000 0.9911
vn -0.8021 0.2970 0.5180
vn -0.8022 0.2930 0.5202
vn -0.5573 0.3508 0.7526
vn -0.4774 0.5119 0.7142
vn -0.4758 0.1623 0.8644
vn -0.1668 0.7644 0.6228
vn -0.2699 -0.1547 0.9504
vn -0.2212 0.6852 0.6939
vn -0.3349 -0.0285 0.9418
vn -0.3222 0.6250 0.7111
vn -0.3575 0.5176 0.7774
vn -1.0000 0.0005 0.0016
vn -0.9949 0.0888 -0.0484
vn -0.9262 0.1359 0.3516
vn -0.9128 0.3290 0.2419
vn -0.8019 0.1882 0.5671
vn -0.7781 0.4585 0.4292
vn -0.7459 0.1416 0.6508
vn -0.7253 0.4137 0.5503
vn -0.7159 0.0770 0.6939
vn -0.7032 0.2579 0.6625
vn -0.7071 -0.0004 0.7071
vn -1.0000 0.0001 0.0000
vn -0.9997 0.0224 -0.0127
vn -0.9918 0.0616 0.1117
vn -0.9900 0.1141 0.0833
vn -0.9774 0.0951 0.1888
vn -0.9743 0.1579 0.1606
vn -0.9706 0.0846 0.2253
vn -0.9699 0.1090 0.2178
vn -0.9667 0.0509 0.2508
vn -0.9667 0.0508 0.2508
vn -0.9658 0.0136 0.2588
vn -0.9461 0.1308 0.2963
vn -0.9949 0.0890 -0.0471
vn -0.7659 -0.4553 0.4540
vn -0.5741 -0.5786 0.5794
vn -0.5871 -0.5724 0.5724
vn -0.3858 -0.6524 0.6523
vn -0.3851 -0.6526 0.6526
vn -0.1326 -0.7008 0.7009
vn -0.1331 -0.7008 0.7008
vn -0.9912 -0.0935 0.0935
vn -0.7766 -0.4455 0.4455
vn -0.9232 -0.2717 0.2717
vn -0.9232 -0.2718 0.2718
vn 0.9912 0.0403 -0.1259
vn 0.9912 0.0404 -0.1259
vn 0.9232 0.1173 -0.3660
vn 0.9232 0.1172 -0.3659
vn 0.7782 0.1916 -0.5981
vn 0.7658 0.1959 -0.6125
vn 0.5741 0.2500 -0.7797
vn 0.5891 0.2465 -0.7695
vn 0.3858 0.2815 -0.8786
vn 0.3851 0.2816 -0.8789
vn 0.1326 0.3024 -0.9439
vn 0.1331 0.3024 -0.9438
vn 0.9808 -0.1379 0.1379
vn 0.8315 -0.3929 0.3928
vn 0.8068 -0.4199 0.4158
vn 0.5563 -0.5860 0.5892
vn 0.5183 -0.6047 0.6047
vn 0.1951 -0.6935 0.6935
vn 0.1326 0.0000 0.9912
vn 0.2588 -0.0042 0.9659
vn 0.3857 0.0000 0.9226
vn 0.9910 -0.0086 0.1335
vn 0.9232 0.0000 0.3843
vn 0.7572 -0.0049 0.6532
vn 0.5649 -0.0000 0.8252
vn 0.9878 0.1366 -0.0752
vn 0.9463 0.1306 0.2956
vn 0.8019 0.2970 0.5183
vn 1.0000 0.0001 0.0000
vn 0.9918 0.0617 0.1118
vn 0.9918 0.0575 0.1141
vn 0.9762 0.1300 0.1733
vn 0.9774 0.0744 0.1980
vn 0.9665 0.1583 0.2022
vn 0.9705 0.0480 0.2362
vn 0.9637 0.1081 0.2440
vn 0.9669 0.0134 0.2548
vn 0.9647 0.0500 0.2585
vn 0.9997 0.0226 -0.0128
vn 0.9262 0.1362 0.3517
vn 0.9269 0.1572 0.3407
vn 0.8017 0.2929 0.5211
vn 0.7991 0.1472 0.5829
vn 0.7281 0.3986 0.5576
vn 0.7420 0.0801 0.6656
vn 0.6859 0.3544 0.6355
vn 0.7140 0.0005 0.7001
vn 0.6869 0.2374 0.6869
vn 0.7776 0.4897 0.3945
vn 0.6039 0.2252 0.7646
vn 0.4632 0.5356 0.7061
vn 0.4271 0.1220 0.8960
vn 0.3221 0.6249 0.7111
vn 0.3348 -0.0287 0.9419
vn 0.2212 0.6852 0.6940
vn 0.2698 -0.1546 0.9504
vn 0.1668 0.7647 0.6224
vn -0.2583 -0.8664 0.4273
vn -0.7002 -0.5936 0.3966
vn -0.9646 -0.2191 0.1464
vn -0.9646 -0.1464 0.2191
vn -0.9646 -0.0514 0.2585
vn -0.7002 -0.3966 0.5936
vn -0.7002 -0.1393 0.7002
vn -0.9646 -0.2585 0.0514
vn -0.7002 -0.7002 0.1393
vn -0.2542 -0.9486 0.1887
vn -0.2034 -0.7768 0.5960
vn -0.2542 -0.8042 0.5373
vn -0.2567 -0.5884 0.7668
vn -0.2229 -0.5416 0.8106
vn -0.2583 -0.4273 0.8664
vn -0.2542 -0.1887 0.9486
vn 0.0000 -0.9914 0.1305
vn 0.0028 -0.9808 0.1951
vn -0.0014 -0.9239 0.3827
vn 0.0000 -0.8969 0.4423
vn 0.0000 -0.7933 0.6088
vn 0.0000 -0.6088 0.7934
vn 0.0000 -0.6088 0.7933
vn 0.0000 -0.3827 0.9239
vn -0.0028 -0.4423 0.8969
vn 0.0043 -0.1305 0.9914
vn 0.0000 -0.1951 0.9808
vn 0.9654 -0.2587 0.0341
vn 0.7041 -0.7041 0.0927
vn 0.2568 -0.9582 0.1262
vn 0.2568 -0.8929 0.3698
vn 0.2567 -0.8929 0.3699
vn 0.2567 -0.7668 0.5884
vn 0.2567 -0.5884 0.7668
vn 0.2567 -0.3698 0.8929
vn 0.2568 -0.3699 0.8929
vn 0.2568 -0.1262 0.9582
vn 0.2567 -0.1262 0.9582
vn 0.7041 -0.6561 0.2718
vn 0.7041 -0.5634 0.4323
vn 0.7041 -0.4323 0.5634
vn 0.7041 -0.2718 0.6561
vn 0.7041 -0.0927 0.7041
vn 0.9654 -0.2410 0.0998
vn 0.9654 -0.2070 0.1588
vn 0.9654 -0.1588 0.2070
vn 0.9654 -0.0998 0.2410
vn 0.9654 -0.0341 0.2587
vn -0.2583 0.4273 0.8664
vn -0.7002 0.3966 0.5936
vn -0.9646 0.1464 0.2191
vn -0.9646 0.2191 0.1464
vn -0.9646 0.2585 0.0514
vn -0.7002 0.5936 0.3966
vn -0.7002 0.7002 0.1393
vn -0.9646 0.0514 0.2585
vn -0.7002 0.1393 0.7002
vn -0.2542 0.1887 0.9486
vn -0.2034 0.5960 0.7768
vn -0.2542 0.5373 0.8042
vn -0.2567 0.7668 0.5883
vn -0.2229 0.8105 0.5416
vn -0.2583 0.8664 0.4273
vn -0.2542 0.9486 0.1887
vn 0.0000 0.1305 0.9914
vn 0.0028 0.1951 0.9808
vn -0.0014 0.3827 0.9239
vn 0.0000 0.4423 0.8969
vn 0.0000 0.6088 0.7934
vn 0.0000 0.7934 0.6088
vn 0.0000 0.9239 0.3827
vn -0.0028 0.8969 0.4423
vn 0.0043 0.9914 0.1305
vn 0.0000 0.9808 0.1951
vn 0.9654 0.0341 0.2587
vn 0.7041 0.0927 0.7041
vn 0.2568 0.1262 0.9582
vn 0.2567 0.1262 0.9582
vn 0.2567 0.3699 0.8929
vn 0.2567 0.5883 0.7668
vn 0.2567 0.5884 0.7668
vn 0.2567 0.7668 0.5883
vn 0.2567 0.7668 0.5884
vn 0.2568 0.8929 0.3699
vn 0.2567 0.9582 0.1261
vn 0.2568 0.9582 0.1262
vn 0.7041 0.2718 0.6561
vn 0.7041 0.4323 0.5634
vn 0.7041 0.5634 0.4323
vn 0.7041 0.6561 0.2718
vn 0.7041 0.7041 0.0927
vn 0.9654 0.0998 0.2410
vn 0.9654 0.1588 0.2070
vn 0.9654 0.2070 0.1588
vn 0.9654 0.2410 0.0998
vn 0.9654 0.2587 0.0341
usemtl None
s off
f 1//1 2//1 3//1
f 1//2 3//2 4//2
f 5//3 6//3 7//3
f 7//4 6//4 8//4
f 7//5 8//5 1//5
f 1//6 8//6 9//6
f 1//7 9//7 2//7
f 3//8 10//8 4//8
f 4//9 10//9 11//9
f 4//10 11//10 12//10
f 12//11 11//11 13//11
f 13//12 14//12 12//12
f 12//13 14//13 15//13
f 12//14 15//14 16//14
f 16//15 15//15 17//15
f 16//16 17//16 18//16
f 17//17 19//17 18//17
f 18//18 19//18 20//18
f 18//19 20//19 21//19
f 21//20 20//20 22//20
f 21//21 22//21 23//21
f 23//22 22//22 24//22
f 23//23 24//23 25//23
f 25//24 24//24 26//24
f 26//24 24//24 27//24
f 26//25 27//25 28//25
f 28//25 27//25 29//25
f 28//26 29//26 30//26
f 30//26 29//26 31//26
f 30//27 31//27 32//27
f 32//27 31//27 33//27
f 32//28 33//28 34//28
f 34//28 33//28 35//28
f 34//29 35//29 36//29
f 36//29 35//29 37//29
f 36//30 37//30 38//30
f 38//31 37//31 39//31
f 38//32 39//32 40//32
f 40//33 39//33 41//33
f 40//34 41//34 5//34
f 5//35 41//35 42//35
f 5//36 42//36 6//36
f 43//37 44//37 45//37
f 45//37 44//37 46//37
f 45//38 46//38 47//38
f 47//38 46//38 48//38
f 47//39 48//39 49//39
f 49//39 48//39 50//39
f 49//40 50//40 51//40
f 51//40 50//40 52//40
f 51//41 52//41 53//41
f 53//41 52//41 54//41
f 53//42 54//42 55//42
f 55//42 54//42 56//42
f 55//43 56//43 57//43
f 57//43 56//43 58//43
f 57//44 58//44 59//44
f 59//44 58//44 60//44
f 61//45 62//45 63//45
f 63//45 62//45 64//45
f 63//46 64//46 65//46
f 65//46 64//46 66//46
f 65//47 66//47 67//47
f 67//47 66//47 68//47
f 67//48 68//48 69//48
f 69//48 68//48 70//48
f 69//49 70//49 71//49
f 71//49 70//49 72//49
f 71//50 72//50 73//50
f 73//50 72//50 74//50
f 73//51 74//51 75//51
f 75//51 74//51 76//51
f 75//52 76//52 43//52
f 43//52 76//52 44//52
f 36//53 38//53 77//53
f 34//53 78//53 79//53
f 80//53 23//53 81//53
f 81//53 23//53 25//53
f 82//53 83//53 28//53
f 28//53 83//53 84//53
f 28//53 84//53 26//53
f 82//53 28//53 85//53
f 85//53 28//53 30//53
f 85//53 30//53 86//53
f 34//53 79//53 32//53
f 79//53 87//53 32//53
f 32//53 87//53 88//53
f 32//53 88//53 30//53
f 30//53 88//53 89//53
f 30//53 89//53 86//53
f 77//53 90//53 36//53
f 36//53 90//53 91//53
f 36//53 91//53 34//53
f 34//53 91//53 92//53
f 34//53 92//53 78//53
f 84//53 93//53 26//53
f 26//53 93//53 94//53
f 26//53 94//53 25//53
f 25//53 94//53 95//53
f 25//53 95//53 81//53
f 96//54 97//54 98//54
f 99//54 100//54 101//54
f 99//54 101//54 102//54
f 101//54 103//54 102//54
f 102//54 103//54 104//54
f 102//54 104//54 105//54
f 105//54 104//54 106//54
f 105//54 106//54 107//54
f 108//54 109//54 110//54
f 108//54 110//54 111//54
f 96//54 98//54 112//54
f 110//54 113//54 111//54
f 111//54 113//54 114//54
f 111//54 114//54 99//54
f 99//54 114//54 115//54
f 99//54 115//54 100//54
f 116//54 117//54 118//54
f 118//54 117//54 119//54
f 98//54 120//54 112//54
f 112//54 120//54 121//54
f 112//54 121//54 116//54
f 116//54 121//54 122//54
f 116//54 122//54 117//54
f 119//54 123//54 118//54
f 118//54 123//54 124//54
f 118//54 124//54 108//54
f 108//54 124//54 125//54
f 108//54 125//54 109//54
f 126//55 127//55 128//55
f 129//55 130//55 131//55
f 127//55 126//55 132//55
f 132//55 126//55 133//55
f 132//55 133//55 134//55
f 130//55 135//55 131//55
f 131//55 135//55 136//55
f 131//55 136//55 137//55
f 137//55 136//55 138//55
f 139//55 140//55 141//55
f 141//55 140//55 142//55
f 143//55 144//55 145//55
f 140//55 146//55 126//55
f 139//55 147//55 140//55
f 140//55 147//55 148//55
f 140//55 148//55 146//55
f 144//55 149//55 145//55
f 145//55 149//55 140//55
f 145//55 140//55 150//55
f 150//55 140//55 126//55
f 150//55 126//55 151//55
f 151//55 126//55 128//55
f 152//55 153//55 154//55
f 154//55 153//55 155//55
f 154//55 155//55 145//55
f 145//55 155//55 156//55
f 145//55 156//55 157//55
f 129//56 131//56 157//56
f 157//55 131//55 158//55
f 157//55 158//55 145//55
f 145//55 158//55 159//55
f 145//55 159//55 143//55
f 160//57 161//57 162//57
f 162//57 161//57 163//57
f 164//58 165//58 166//58
f 166//58 165//58 167//58
f 166//58 167//58 168//58
f 169//58 170//58 171//58
f 171//58 170//58 172//58
f 173//58 174//58 175//58
f 176//58 177//58 178//58
f 178//58 177//58 179//58
f 178//58 179//58 180//58
f 180//58 179//58 181//58
f 180//58 181//58 182//58
f 182//58 181//58 183//58
f 182//58 183//58 184//58
f 184//58 183//58 185//58
f 184//58 185//58 186//58
f 170//58 187//58 172//58
f 172//58 187//58 188//58
f 172//58 188//58 189//58
f 189//58 188//58 190//58
f 189//58 190//58 191//58
f 191//58 190//58 192//58
f 191//58 192//58 166//58
f 166//58 192//58 193//58
f 166//58 193//58 164//58
f 186//58 194//58 184//58
f 184//58 194//58 175//58
f 184//58 175//58 169//58
f 169//58 175//58 174//58
f 169//58 174//58 170//58
f 59//58 60//58 195//58
f 195//58 60//58 196//58
f 197//58 198//58 199//58
f 199//58 198//58 200//58
f 199//58 200//58 196//58
f 196//58 200//58 201//58
f 196//58 201//58 195//58
f 167//58 202//58 197//58
f 197//58 202//58 203//58
f 197//58 203//58 204//58
f 202//58 205//58 203//58
f 203//58 205//58 206//58
f 203//58 206//58 207//58
f 207//58 206//58 208//58
f 207//58 208//58 209//58
f 209//58 208//58 210//58
f 210//58 208//58 211//58
f 210//58 211//58 212//58
f 213//58 214//58 215//58
f 215//58 214//58 216//58
f 217//58 218//58 216//58
f 216//58 218//58 219//58
f 216//58 219//58 215//58
f 220//58 221//58 222//58
f 222//58 221//58 223//58
f 222//58 223//58 224//58
f 199//58 225//58 197//58
f 197//58 225//58 226//58
f 197//58 226//58 167//58
f 167//58 226//58 227//58
f 167//58 227//58 168//58
f 168//58 227//58 176//58
f 168//58 176//58 228//58
f 228//58 176//58 178//58
f 229//58 173//58 222//58
f 222//58 173//58 175//58
f 222//58 175//58 220//58
f 220//58 175//58 230//58
f 220//58 230//58 231//58
f 231//58 230//58 232//58
f 231//58 232//58 217//58
f 217//58 232//58 233//58
f 217//58 233//58 218//58
f 222//58 234//58 229//58
f 229//58 234//58 235//58
f 229//58 235//58 236//58
f 236//58 235//58 237//58
f 238//59 239//59 240//59
f 241//59 242//59 243//59
f 243//59 242//59 244//59
f 240//59 239//59 245//59
f 243//59 246//59 241//59
f 241//59 246//59 247//59
f 241//59 247//59 248//59
f 248//59 247//59 249//59
f 248//59 249//59 250//59
f 250//59 249//59 251//59
f 250//59 251//59 252//59
f 252//59 251//59 253//59
f 252//59 253//59 254//59
f 255//59 256//59 240//59
f 240//59 256//59 257//59
f 240//59 257//59 238//59
f 258//59 259//59 260//59
f 260//59 259//59 261//59
f 262//59 263//59 261//59
f 261//59 263//59 264//59
f 261//59 264//59 260//59
f 265//59 266//59 267//59
f 267//59 266//59 268//59
f 269//59 270//59 271//59
f 271//59 270//59 272//59
f 271//59 272//59 268//59
f 268//59 272//59 273//59
f 268//59 273//59 267//59
f 274//59 275//59 269//59
f 269//59 275//59 276//59
f 269//59 276//59 277//59
f 275//59 278//59 276//59
f 276//59 278//59 279//59
f 276//59 279//59 280//59
f 280//59 279//59 281//59
f 280//59 281//59 282//59
f 282//59 281//59 283//59
f 283//59 281//59 62//59
f 283//59 62//59 61//59
f 240//59 284//59 255//59
f 255//59 284//59 285//59
f 255//59 285//59 286//59
f 286//59 285//59 287//59
f 286//59 287//59 288//59
f 289//59 290//59 291//59
f 291//59 290//59 292//59
f 291//59 292//59 293//59
f 293//59 292//59 294//59
f 294//59 292//59 295//59
f 294//59 295//59 296//59
f 296//59 295//59 297//59
f 296//59 297//59 298//59
f 298//59 297//59 299//59
f 299//59 297//59 300//59
f 299//59 300//59 301//59
f 302//59 289//59 303//59
f 271//59 304//59 269//59
f 269//59 304//59 305//59
f 269//59 305//59 274//59
f 274//59 305//59 306//59
f 274//59 306//59 239//59
f 239//59 306//59 244//59
f 239//59 244//59 245//59
f 245//59 244//59 242//59
f 254//59 307//59 252//59
f 252//59 307//59 302//59
f 252//59 302//59 308//59
f 308//59 302//59 303//59
f 308//59 303//59 309//59
f 309//59 303//59 310//59
f 309//59 310//59 287//59
f 287//59 310//59 311//59
f 287//59 311//59 288//59
f 302//59 312//59 289//59
f 289//59 312//59 313//59
f 289//59 313//59 290//59
f 290//59 313//59 314//59
f 290//59 314//59 262//59
f 262//59 314//59 315//59
f 262//59 315//59 263//59
f 316//1 317//1 318//1
f 316//2 318//2 319//2
f 320//5 321//5 316//5
f 316//60 321//60 322//60
f 316//7 322//7 317//7
f 318//8 323//8 319//8
f 319//9 323//9 134//9
f 319//10 134//10 324//10
f 324//61 134//61 325//61
f 325//12 326//12 324//12
f 324//13 326//13 327//13
f 324//14 327//14 328//14
f 328//15 327//15 329//15
f 328//16 329//16 330//16
f 329//17 331//17 330//17
f 330//18 331//18 97//18
f 330//19 97//19 332//19
f 332//20 97//20 96//20
f 332//21 96//21 333//21
f 333//22 96//22 112//22
f 333//23 112//23 334//23
f 334//24 112//24 335//24
f 335//24 112//24 116//24
f 335//25 116//25 336//25
f 336//25 116//25 118//25
f 336//26 118//26 337//26
f 337//26 118//26 108//26
f 337//27 108//27 338//27
f 338//27 108//27 111//27
f 338//28 111//28 339//28
f 339//28 111//28 99//28
f 339//29 99//29 340//29
f 340//29 99//29 102//29
f 340//30 102//30 341//30
f 341//31 102//31 105//31
f 341//62 105//62 342//62
f 342//33 105//33 107//33
f 342//34 107//34 343//34
f 343//35 107//35 344//35
f 343//63 344//63 320//63
f 320//64 344//64 345//64
f 320//4 345//4 321//4
f 214//44 213//44 346//44
f 346//65 213//65 347//65
f 346//66 347//66 348//66
f 348//67 347//67 349//67
f 349//68 347//68 350//68
f 349//69 350//69 351//69
f 351//70 350//70 352//70
f 351//40 352//40 353//40
f 353//71 352//71 354//71
f 353//72 354//72 355//72
f 355//73 354//73 356//73
f 355//74 356//74 357//74
f 357//75 356//75 358//75
f 357//37 358//37 359//37
f 301//45 300//45 360//45
f 301//76 360//76 361//76
f 361//77 360//77 362//77
f 361//78 362//78 363//78
f 363//79 362//79 364//79
f 363//80 364//80 365//80
f 365//48 364//48 366//48
f 365//81 366//81 367//81
f 367//82 366//82 368//82
f 367//83 368//83 369//83
f 359//52 358//52 370//52
f 370//84 358//84 369//84
f 370//85 369//85 371//85
f 371//86 369//86 368//86
f 22//54 20//54 372//54
f 35//54 373//54 374//54
f 27//54 375//54 29//54
f 29//54 375//54 376//54
f 35//54 374//54 37//54
f 22//54 372//54 24//54
f 374//54 377//54 37//54
f 37//54 377//54 378//54
f 37//54 378//54 39//54
f 39//54 378//54 379//54
f 39//54 379//54 41//54
f 373//54 35//54 380//54
f 380//54 35//54 33//54
f 380//54 33//54 381//54
f 376//54 382//54 29//54
f 29//54 382//54 383//54
f 29//54 383//54 31//54
f 31//54 383//54 384//54
f 372//54 385//54 24//54
f 24//54 385//54 386//54
f 24//54 386//54 27//54
f 27//54 386//54 387//54
f 27//54 387//54 375//54
f 384//54 388//54 31//54
f 31//54 388//54 389//54
f 31//54 389//54 33//54
f 33//54 389//54 390//54
f 33//54 390//54 381//54
f 335//53 336//53 391//53
f 338//53 339//53 392//53
f 392//53 393//53 338//53
f 338//53 393//53 394//53
f 338//53 394//53 337//53
f 337//53 394//53 395//53
f 337//53 395//53 336//53
f 336//53 395//53 396//53
f 336//53 396//53 391//53
f 341//53 397//53 340//53
f 340//53 397//53 398//53
f 340//53 398//53 339//53
f 339//53 398//53 399//53
f 339//53 399//53 392//53
f 400//53 333//53 401//53
f 401//53 333//53 334//53
f 401//53 334//53 402//53
f 402//53 334//53 335//53
f 402//53 335//53 403//53
f 403//53 335//53 391//53
f 404//55 405//55 406//55
f 406//55 405//55 407//55
f 408//55 409//55 410//55
f 410//55 409//55 411//55
f 410//55 411//55 412//55
f 412//55 411//55 11//55
f 405//55 413//55 409//55
f 404//55 414//55 405//55
f 405//55 414//55 415//55
f 405//55 415//55 413//55
f 408//55 416//55 409//55
f 409//55 416//55 417//55
f 409//55 417//55 405//55
f 405//55 417//55 418//55
f 405//55 418//55 419//55
f 419//55 418//55 420//55
f 419//55 420//55 421//55
f 422//87 423//87 424//87
f 424//87 423//87 425//87
f 426//57 427//57 428//57
f 428//57 427//57 429//57
f 406//88 407//88 430//88
f 430//88 407//88 431//88
f 430//89 431//89 20//89
f 20//89 431//89 372//89
f 17//90 432//90 19//90
f 19//91 432//91 430//91
f 19//92 430//92 20//92
f 11//93 433//93 13//93
f 13//94 433//94 434//94
f 13//95 434//95 14//95
f 14//96 434//96 435//96
f 14//97 435//97 15//97
f 15//98 435//98 436//98
f 15//99 436//99 17//99
f 17//100 436//100 437//100
f 17//101 437//101 432//101
f 11//55 411//55 433//55
f 433//55 411//55 409//55
f 433//102 409//102 434//102
f 434//103 409//103 413//103
f 434//104 413//104 435//104
f 435//105 413//105 415//105
f 435//106 415//106 436//106
f 436//107 415//107 414//107
f 436//108 414//108 437//108
f 437//109 414//109 404//109
f 437//110 404//110 432//110
f 432//111 404//111 406//111
f 432//112 406//112 430//112
f 417//113 42//113 418//113
f 418//114 42//114 41//114
f 418//115 41//115 420//115
f 9//116 8//116 417//116
f 417//117 8//117 6//117
f 417//118 6//118 42//118
f 417//119 416//119 9//119
f 9//120 416//120 408//120
f 9//121 408//121 2//121
f 2//122 408//122 410//122
f 2//123 410//123 3//123
f 3//124 410//124 412//124
f 3//125 412//125 10//125
f 10//126 412//126 11//126
f 41//127 379//127 420//127
f 420//128 379//128 438//128
f 420//88 438//88 421//88
f 152//88 154//88 439//88
f 439//88 154//88 440//88
f 439//89 440//89 106//89
f 106//89 440//89 107//89
f 440//129 154//129 145//129
f 150//113 344//113 145//113
f 145//114 344//114 107//114
f 145//130 107//130 440//130
f 322//116 321//116 150//116
f 150//131 321//131 345//131
f 150//118 345//118 344//118
f 150//132 151//132 322//132
f 322//120 151//120 128//120
f 322//133 128//133 317//133
f 317//122 128//122 127//122
f 317//123 127//123 318//123
f 318//124 127//124 132//124
f 318//134 132//134 323//134
f 323//135 132//135 134//135
f 329//90 441//90 331//90
f 331//91 441//91 442//91
f 331//92 442//92 97//92
f 134//93 443//93 325//93
f 325//136 443//136 444//136
f 325//95 444//95 326//95
f 326//137 444//137 445//137
f 326//138 445//138 327//138
f 327//139 445//139 446//139
f 327//99 446//99 329//99
f 329//100 446//100 447//100
f 329//101 447//101 441//101
f 134//140 133//140 443//140
f 443//55 133//55 126//55
f 443//141 126//141 444//141
f 444//142 126//142 146//142
f 444//143 146//143 445//143
f 445//105 146//105 148//105
f 445//106 148//106 446//106
f 446//144 148//144 147//144
f 446//108 147//108 447//108
f 447//145 147//145 139//145
f 447//146 139//146 441//146
f 441//111 139//111 141//111
f 441//112 141//112 442//112
f 141//88 142//88 442//88
f 442//88 142//88 448//88
f 442//89 448//89 97//89
f 97//89 448//89 98//89
f 449//147 427//147 426//147
f 333//148 400//148 332//148
f 332//149 400//149 450//149
f 332//150 450//150 330//150
f 330//151 450//151 451//151
f 319//152 426//152 452//152
f 319//153 452//153 316//153
f 316//154 452//154 453//154
f 316//155 453//155 320//155
f 426//156 319//156 449//156
f 449//157 319//157 324//157
f 449//154 324//154 451//154
f 451//155 324//155 328//155
f 451//158 328//158 330//158
f 397//159 341//159 454//159
f 454//160 341//160 342//160
f 454//161 342//161 453//161
f 453//162 342//162 343//162
f 453//163 343//163 320//163
f 455//147 163//147 161//147
f 23//148 80//148 21//148
f 21//149 80//149 456//149
f 21//150 456//150 18//150
f 18//151 456//151 457//151
f 4//152 161//152 458//152
f 4//153 458//153 1//153
f 1//154 458//154 459//154
f 1//155 459//155 7//155
f 161//156 4//156 455//156
f 455//157 4//157 12//157
f 455//154 12//154 457//154
f 457//155 12//155 16//155
f 457//158 16//158 18//158
f 77//159 38//159 460//159
f 460//160 38//160 40//160
f 460//164 40//164 459//164
f 459//162 40//162 5//162
f 459//163 5//163 7//163
f 461//165 462//165 463//165
f 463//166 462//166 464//166
f 463//167 464//167 465//167
f 465//168 464//168 466//168
f 465//169 466//169 467//169
f 467//170 466//170 468//170
f 467//171 468//171 419//171
f 419//172 468//172 405//172
f 424//173 425//173 469//173
f 469//174 425//174 470//174
f 469//175 470//175 461//175
f 461//176 470//176 471//176
f 461//177 471//177 462//177
f 472//178 473//178 474//178
f 474//179 473//179 475//179
f 474//180 475//180 476//180
f 476//181 475//181 477//181
f 476//182 477//182 478//182
f 478//183 477//183 479//183
f 478//184 479//184 422//184
f 422//185 479//185 423//185
f 428//186 429//186 480//186
f 480//187 429//187 481//187
f 480//188 481//188 472//188
f 472//189 481//189 482//189
f 472//190 482//190 473//190
f 197//191 204//191 483//191
f 197//191 483//191 484//191
f 484//192 483//192 485//192
f 484//192 485//192 486//192
f 486//193 485//193 162//193
f 486//193 162//193 163//193
f 80//194 487//194 488//194
f 487//195 489//195 490//195
f 489//196 195//196 201//196
f 489//196 201//196 490//196
f 490//197 201//197 200//197
f 490//197 200//197 491//197
f 491//198 200//198 198//198
f 491//198 198//198 492//198
f 492//199 198//199 197//199
f 492//199 197//199 484//199
f 487//195 490//195 488//195
f 488//200 490//200 491//200
f 488//200 491//200 493//200
f 493//201 491//201 492//201
f 493//202 492//202 494//202
f 494//203 492//203 484//203
f 494//204 484//204 486//204
f 80//194 488//194 456//194
f 456//205 488//205 493//205
f 456//205 493//205 457//205
f 457//206 493//206 494//206
f 457//206 494//206 455//206
f 455//207 494//207 486//207
f 455//207 486//207 163//207
f 59//208 195//208 489//208
f 59//208 489//208 495//208
f 495//209 489//209 487//209
f 495//210 487//210 496//210
f 496//211 487//211 80//211
f 496//212 80//212 81//212
f 86//213 497//213 498//213
f 497//214 499//214 500//214
f 499//215 43//215 45//215
f 499//215 45//215 500//215
f 500//216 45//216 47//216
f 500//216 47//216 501//216
f 501//217 47//217 49//217
f 501//218 49//218 502//218
f 502//219 49//219 51//219
f 502//219 51//219 503//219
f 503//220 51//220 53//220
f 503//220 53//220 504//220
f 504//221 53//221 55//221
f 504//221 55//221 505//221
f 505//222 55//222 57//222
f 505//222 57//222 506//222
f 506//223 57//223 59//223
f 506//223 59//223 495//223
f 497//214 500//214 498//214
f 498//224 500//224 501//224
f 498//224 501//224 507//224
f 507//225 501//225 502//225
f 507//225 502//225 508//225
f 508//226 502//226 503//226
f 508//227 503//227 509//227
f 509//228 503//228 504//228
f 509//228 504//228 510//228
f 510//229 504//229 505//229
f 510//229 505//229 511//229
f 511//230 505//230 506//230
f 511//230 506//230 512//230
f 512//231 506//231 495//231
f 512//232 495//232 496//232
f 86//213 498//213 85//213
f 85//233 498//233 507//233
f 85//234 507//234 82//234
f 82//235 507//235 508//235
f 82//236 508//236 83//236
f 83//237 508//237 509//237
f 83//238 509//238 84//238
f 84//239 509//239 510//239
f 84//240 510//240 93//240
f 93//241 510//241 511//241
f 93//241 511//241 94//241
f 94//242 511//242 512//242
f 94//242 512//242 95//242
f 95//243 512//243 496//243
f 95//243 496//243 81//243
f 90//244 513//244 514//244
f 513//245 515//245 516//245
f 515//246 61//246 63//246
f 515//246 63//246 516//246
f 516//247 63//247 65//247
f 516//247 65//247 517//247
f 517//248 65//248 67//248
f 517//248 67//248 518//248
f 518//249 67//249 69//249
f 518//249 69//249 519//249
f 519//250 69//250 71//250
f 519//250 71//250 520//250
f 520//251 71//251 73//251
f 520//252 73//252 521//252
f 521//253 73//253 75//253
f 521//253 75//253 522//253
f 522//254 75//254 43//254
f 522//254 43//254 499//254
f 513//255 516//255 514//255
f 514//256 516//256 517//256
f 514//256 517//256 523//256
f 523//257 517//257 518//257
f 523//257 518//257 524//257
f 524//258 518//258 519//258
f 524//258 519//258 525//258
f 525//259 519//259 520//259
f 525//259 520//259 526//259
f 526//260 520//260 521//260
f 526//260 521//260 527//260
f 527//261 521//261 522//261
f 527//261 522//261 528//261
f 528//262 522//262 499//262
f 528//262 499//262 497//262
f 90//263 514//263 91//263
f 91//264 514//264 523//264
f 91//264 523//264 92//264
f 92//265 523//265 524//265
f 92//265 524//265 78//265
f 78//266 524//266 525//266
f 78//267 525//267 79//267
f 79//268 525//268 526//268
f 79//269 526//269 87//269
f 87//270 526//270 527//270
f 87//271 527//271 88//271
f 88//272 527//272 528//272
f 88//273 528//273 89//273
f 89//274 528//274 497//274
f 89//274 497//274 86//274
f 283//275 61//275 515//275
f 283//275 515//275 529//275
f 529//276 515//276 513//276
f 529//277 513//277 530//277
f 530//278 513//278 90//278
f 530//278 90//278 77//278
f 283//279 529//279 531//279
f 529//280 530//280 532//280
f 530//281 77//281 460//281
f 530//281 460//281 532//281
f 532//282 460//282 459//282
f 532//282 459//282 533//282
f 533//283 459//283 458//283
f 533//283 458//283 534//283
f 534//284 458//284 161//284
f 534//284 161//284 535//284
f 529//280 532//280 531//280
f 531//285 532//285 533//285
f 531//285 533//285 536//285
f 536//286 533//286 534//286
f 536//287 534//287 537//287
f 537//288 534//288 535//288
f 537//289 535//289 538//289
f 283//279 531//279 282//279
f 282//290 531//290 536//290
f 282//290 536//290 280//290
f 280//291 536//291 537//291
f 280//291 537//291 276//291
f 276//292 537//292 538//292
f 276//292 538//292 277//292
f 269//293 277//293 538//293
f 269//293 538//293 539//293
f 539//294 538//294 535//294
f 539//294 535//294 540//294
f 540//295 535//295 161//295
f 540//295 161//295 160//295
f 541//296 542//296 279//296
f 279//297 542//297 543//297
f 279//298 543//298 281//298
f 544//299 438//299 379//299
f 379//300 545//300 544//300
f 544//301 545//301 546//301
f 544//302 546//302 541//302
f 541//303 546//303 547//303
f 541//304 547//304 542//304
f 279//305 278//305 541//305
f 541//305 278//305 548//305
f 541//306 548//306 544//306
f 544//307 548//307 549//307
f 544//308 549//308 438//308
f 438//309 549//309 421//309
f 378//310 550//310 379//310
f 379//310 550//310 545//310
f 545//311 550//311 546//311
f 546//312 550//312 551//312
f 546//313 551//313 547//313
f 547//313 551//313 552//313
f 547//314 552//314 542//314
f 542//314 552//314 553//314
f 542//315 553//315 543//315
f 553//316 554//316 543//316
f 543//317 554//317 62//317
f 543//317 62//317 281//317
f 419//318 421//318 549//318
f 419//318 549//318 555//318
f 555//319 549//319 548//319
f 555//319 548//319 556//319
f 556//320 548//320 278//320
f 556//320 278//320 275//320
f 388//321 557//321 558//321
f 557//322 559//322 560//322
f 557//322 560//322 558//322
f 558//323 560//323 561//323
f 558//323 561//323 562//323
f 562//324 561//324 563//324
f 562//324 563//324 564//324
f 564//325 563//325 565//325
f 564//326 565//326 566//326
f 566//327 565//327 567//327
f 566//328 567//328 568//328
f 568//329 567//329 569//329
f 568//330 569//330 570//330
f 570//331 569//331 571//331
f 570//331 571//331 572//331
f 64//332 62//332 554//332
f 554//333 571//333 64//333
f 64//334 571//334 569//334
f 64//334 569//334 66//334
f 66//335 569//335 567//335
f 66//335 567//335 68//335
f 68//336 567//336 565//336
f 68//336 565//336 70//336
f 70//337 565//337 563//337
f 70//337 563//337 72//337
f 72//338 563//338 561//338
f 72//338 561//338 74//338
f 74//339 561//339 560//339
f 74//340 560//340 76//340
f 76//341 560//341 559//341
f 76//341 559//341 44//341
f 554//342 553//342 571//342
f 571//343 553//343 552//343
f 571//344 552//344 572//344
f 572//345 552//345 551//345
f 572//346 551//346 550//346
f 388//347 558//347 389//347
f 389//348 558//348 562//348
f 389//349 562//349 390//349
f 390//350 562//350 564//350
f 390//351 564//351 381//351
f 381//352 564//352 566//352
f 381//352 566//352 380//352
f 380//353 566//353 568//353
f 380//353 568//353 373//353
f 373//354 568//354 570//354
f 373//354 570//354 374//354
f 374//355 570//355 572//355
f 374//355 572//355 377//355
f 377//356 572//356 550//356
f 377//357 550//357 378//357
f 419//358 555//358 573//358
f 555//359 556//359 574//359
f 556//360 275//360 274//360
f 556//360 274//360 574//360
f 574//361 274//361 239//361
f 574//361 239//361 575//361
f 575//362 239//362 238//362
f 575//362 238//362 576//362
f 576//363 238//363 257//363
f 576//363 257//363 577//363
f 577//364 257//364 256//364
f 577//364 256//364 578//364
f 578//365 256//365 255//365
f 578//365 255//365 579//365
f 555//366 574//366 573//366
f 573//367 574//367 575//367
f 573//367 575//367 580//367
f 580//368 575//368 576//368
f 580//368 576//368 581//368
f 581//369 576//369 577//369
f 581//369 577//369 582//369
f 582//370 577//370 578//370
f 582//370 578//370 583//370
f 583//371 578//371 579//371
f 583//372 579//372 584//372
f 419//373 573//373 467//373
f 467//374 573//374 580//374
f 467//375 580//375 465//375
f 465//376 580//376 581//376
f 465//376 581//376 463//376
f 463//377 581//377 582//377
f 463//378 582//378 461//378
f 461//379 582//379 583//379
f 461//379 583//379 469//379
f 469//380 583//380 584//380
f 469//381 584//381 424//381
f 385//382 585//382 586//382
f 585//383 587//383 588//383
f 587//384 60//384 58//384
f 587//384 58//384 588//384
f 588//385 58//385 56//385
f 588//385 56//385 589//385
f 589//386 56//386 54//386
f 589//386 54//386 590//386
f 590//387 54//387 52//387
f 590//387 52//387 591//387
f 591//388 52//388 50//388
f 591//388 50//388 592//388
f 592//389 50//389 48//389
f 592//389 48//389 593//389
f 593//390 48//390 46//390
f 593//391 46//391 594//391
f 594//392 46//392 44//392
f 594//392 44//392 559//392
f 585//383 588//383 586//383
f 586//393 588//393 589//393
f 586//393 589//393 595//393
f 595//394 589//394 590//394
f 595//394 590//394 596//394
f 596//395 590//395 591//395
f 596//395 591//395 597//395
f 597//396 591//396 592//396
f 597//396 592//396 598//396
f 598//397 592//397 593//397
f 598//397 593//397 599//397
f 599//398 593//398 594//398
f 599//398 594//398 600//398
f 600//399 594//399 559//399
f 600//399 559//399 557//399
f 385//382 586//382 386//382
f 386//400 586//400 595//400
f 386//400 595//400 387//400
f 387//401 595//401 596//401
f 387//401 596//401 375//401
f 375//402 596//402 597//402
f 375//402 597//402 376//402
f 376//403 597//403 598//403
f 376//403 598//403 382//403
f 382//404 598//404 599//404
f 382//405 599//405 383//405
f 383//406 599//406 600//406
f 383//407 600//407 384//407
f 384//408 600//408 557//408
f 384//409 557//409 388//409
f 422//410 424//410 584//410
f 422//410 584//410 601//410
f 601//411 584//411 579//411
f 601//411 579//411 602//411
f 602//412 579//412 255//412
f 602//412 255//412 286//412
f 385//413 372//413 603//413
f 385//413 603//413 585//413
f 585//414 603//414 604//414
f 585//415 604//415 587//415
f 587//416 604//416 196//416
f 587//416 196//416 60//416
f 422//417 601//417 605//417
f 601//418 602//418 606//418
f 602//419 286//419 288//419
f 602//419 288//419 606//419
f 606//420 288//420 311//420
f 606//420 311//420 607//420
f 607//421 311//421 310//421
f 607//421 310//421 608//421
f 608//422 310//422 303//422
f 608//422 303//422 609//422
f 609//423 303//423 289//423
f 609//423 289//423 610//423
f 610//424 289//424 291//424
f 610//424 291//424 611//424
f 601//425 606//425 605//425
f 605//426 606//426 607//426
f 605//426 607//426 612//426
f 612//427 607//427 608//427
f 612//427 608//427 613//427
f 613//428 608//428 609//428
f 613//428 609//428 614//428
f 614//429 609//429 610//429
f 614//430 610//430 615//430
f 615//431 610//431 611//431
f 615//432 611//432 616//432
f 422//433 605//433 478//433
f 478//434 605//434 612//434
f 478//435 612//435 476//435
f 476//436 612//436 613//436
f 476//437 613//437 474//437
f 474//438 613//438 614//438
f 474//439 614//439 472//439
f 472//440 614//440 615//440
f 472//440 615//440 480//440
f 480//441 615//441 616//441
f 480//442 616//442 428//442
f 372//443 431//443 603//443
f 603//443 431//443 617//443
f 603//444 617//444 604//444
f 604//444 617//444 618//444
f 604//445 618//445 196//445
f 196//445 618//445 199//445
f 431//446 407//446 617//446
f 617//447 407//447 619//447
f 617//448 619//448 618//448
f 618//449 619//449 620//449
f 618//450 620//450 199//450
f 199//450 620//450 225//450
f 426//295 428//295 616//295
f 426//295 616//295 621//295
f 621//294 616//294 611//294
f 621//294 611//294 622//294
f 622//293 611//293 291//293
f 622//293 291//293 293//293
f 407//451 405//451 623//451
f 407//451 623//451 619//451
f 619//452 623//452 624//452
f 619//452 624//452 620//452
f 620//453 624//453 226//453
f 620//453 226//453 225//453
f 299//279 625//279 626//279
f 625//454 627//454 628//454
f 627//281 397//281 454//281
f 627//281 454//281 628//281
f 628//282 454//282 453//282
f 628//282 453//282 629//282
f 629//283 453//283 452//283
f 629//283 452//283 630//283
f 630//284 452//284 426//284
f 630//284 426//284 621//284
f 625//280 628//280 626//280
f 626//285 628//285 629//285
f 626//285 629//285 631//285
f 631//286 629//286 630//286
f 631//455 630//455 632//455
f 632//288 630//288 621//288
f 632//289 621//289 622//289
f 299//279 626//279 298//279
f 298//290 626//290 631//290
f 298//290 631//290 296//290
f 296//291 631//291 632//291
f 296//456 632//456 294//456
f 294//292 632//292 622//292
f 294//292 622//292 293//292
f 226//457 624//457 633//457
f 623//458 405//458 468//458
f 624//459 623//459 634//459
f 634//458 623//458 468//458
f 634//460 468//460 635//460
f 635//461 468//461 466//461
f 466//462 464//462 635//462
f 635//463 464//463 462//463
f 635//463 462//463 636//463
f 636//464 462//464 471//464
f 636//465 471//465 637//465
f 471//466 470//466 637//466
f 637//467 470//467 425//467
f 637//467 425//467 638//467
f 624//459 634//459 633//459
f 633//468 634//468 635//468
f 633//468 635//468 639//468
f 639//469 635//469 636//469
f 639//469 636//469 640//469
f 640//470 636//470 637//470
f 640//470 637//470 641//470
f 641//471 637//471 638//471
f 641//471 638//471 642//471
f 226//457 633//457 227//457
f 227//472 633//472 639//472
f 227//472 639//472 176//472
f 176//473 639//473 640//473
f 176//473 640//473 177//473
f 177//474 640//474 641//474
f 177//474 641//474 179//474
f 179//475 641//475 642//475
f 179//475 642//475 181//475
f 398//476 397//476 643//476
f 643//477 397//477 627//477
f 643//478 627//478 644//478
f 644//479 627//479 645//479
f 645//480 627//480 625//480
f 645//481 625//481 646//481
f 646//482 625//482 647//482
f 647//483 625//483 299//483
f 647//484 299//484 301//484
f 425//485 423//485 648//485
f 425//485 648//485 638//485
f 638//486 648//486 649//486
f 638//486 649//486 642//486
f 642//487 649//487 183//487
f 642//487 183//487 181//487
f 650//488 361//488 363//488
f 301//489 361//489 647//489
f 647//489 361//489 650//489
f 647//490 650//490 646//490
f 365//491 651//491 363//491
f 363//492 651//492 652//492
f 363//488 652//488 650//488
f 365//493 367//493 651//493
f 651//494 367//494 369//494
f 651//495 369//495 653//495
f 653//496 369//496 358//496
f 653//497 358//497 654//497
f 644//498 645//498 655//498
f 655//499 645//499 646//499
f 646//500 650//500 655//500
f 655//501 650//501 652//501
f 655//501 652//501 656//501
f 656//502 652//502 651//502
f 656//502 651//502 657//502
f 657//503 651//503 653//503
f 657//503 653//503 658//503
f 658//504 653//504 654//504
f 658//504 654//504 659//504
f 398//505 643//505 660//505
f 660//506 643//506 644//506
f 644//507 655//507 660//507
f 660//508 655//508 656//508
f 660//508 656//508 661//508
f 661//509 656//509 657//509
f 661//509 657//509 662//509
f 662//510 657//510 658//510
f 662//510 658//510 663//510
f 663//511 658//511 659//511
f 663//512 659//512 664//512
f 398//505 660//505 399//505
f 399//513 660//513 661//513
f 399//513 661//513 392//513
f 392//514 661//514 662//514
f 392//514 662//514 393//514
f 393//515 662//515 663//515
f 393//515 663//515 394//515
f 394//516 663//516 664//516
f 394//516 664//516 395//516
f 183//517 649//517 665//517
f 648//518 423//518 479//518
f 649//519 648//519 666//519
f 666//518 648//518 479//518
f 666//520 479//520 667//520
f 667//521 479//521 477//521
f 477//522 475//522 667//522
f 667//523 475//523 473//523
f 667//524 473//524 668//524
f 668//525 473//525 482//525
f 668//526 482//526 669//526
f 482//527 481//527 669//527
f 669//528 481//528 429//528
f 669//528 429//528 670//528
f 649//519 666//519 665//519
f 665//529 666//529 667//529
f 665//529 667//529 671//529
f 671//530 667//530 668//530
f 671//530 668//530 672//530
f 672//531 668//531 669//531
f 672//531 669//531 673//531
f 673//532 669//532 670//532
f 673//532 670//532 674//532
f 183//517 665//517 185//517
f 185//533 665//533 671//533
f 185//533 671//533 186//533
f 186//534 671//534 672//534
f 186//534 672//534 194//534
f 194//535 672//535 673//535
f 194//535 673//535 175//535
f 175//536 673//536 674//536
f 175//536 674//536 230//536
f 395//537 664//537 675//537
f 664//538 659//538 676//538
f 677//539 356//539 354//539
f 358//540 356//540 654//540
f 654//541 356//541 677//541
f 654//542 677//542 659//542
f 352//543 678//543 354//543
f 354//544 678//544 679//544
f 354//539 679//539 677//539
f 352//545 350//545 678//545
f 678//546 350//546 347//546
f 678//546 347//546 680//546
f 680//547 347//547 213//547
f 680//547 213//547 681//547
f 659//548 677//548 676//548
f 676//549 677//549 679//549
f 676//549 679//549 682//549
f 682//550 679//550 678//550
f 682//550 678//550 683//550
f 683//551 678//551 680//551
f 683//552 680//552 684//552
f 684//553 680//553 681//553
f 684//553 681//553 685//553
f 664//554 676//554 675//554
f 675//555 676//555 682//555
f 675//555 682//555 686//555
f 686//556 682//556 683//556
f 686//556 683//556 687//556
f 687//557 683//557 684//557
f 687//557 684//557 688//557
f 688//558 684//558 685//558
f 688//558 685//558 689//558
f 395//537 675//537 396//537
f 396//559 675//559 686//559
f 396//559 686//559 391//559
f 391//560 686//560 687//560
f 391//560 687//560 403//560
f 403//561 687//561 688//561
f 403//561 688//561 402//561
f 402//562 688//562 689//562
f 402//562 689//562 401//562
f 429//193 427//193 690//193
f 429//193 690//193 670//193
f 670//192 690//192 691//192
f 670//192 691//192 674//192
f 674//191 691//191 232//191
f 674//191 232//191 230//191
f 400//563 401//563 689//563
f 400//564 689//564 692//564
f 692//565 689//565 685//565
f 692//566 685//566 693//566
f 693//567 685//567 681//567
f 693//568 681//568 694//568
f 694//569 681//569 213//569
f 694//208 213//208 215//208
f 693//570 694//570 695//570
f 694//196 215//196 219//196
f 400//194 692//194 696//194
f 696//571 692//571 693//571
f 694//196 219//196 695//196
f 695//197 219//197 218//197
f 695//197 218//197 697//197
f 697//198 218//198 233//198
f 697//198 233//198 698//198
f 698//199 233//199 232//199
f 698//199 232//199 691//199
f 693//572 695//572 696//572
f 696//200 695//200 697//200
f 696//200 697//200 699//200
f 699//201 697//201 698//201
f 699//573 698//573 700//573
f 700//203 698//203 691//203
f 700//204 691//204 690//204
f 400//194 696//194 450//194
f 450//205 696//205 699//205
f 450//205 699//205 451//205
f 451//206 699//206 700//206
f 451//206 700//206 449//206
f 449//207 700//207 690//207
f 449//207 690//207 427//207
f 220//453 231//453 701//453
f 220//453 701//453 702//453
f 702//452 701//452 703//452
f 702//452 703//452 704//452
f 704//451 703//451 142//451
f 704//451 142//451 140//451
f 98//443 448//443 705//443
f 705//574 448//574 706//574
f 705//444 706//444 707//444
f 707//444 706//444 708//444
f 707//445 708//445 216//445
f 216//445 708//445 217//445
f 448//575 142//575 706//575
f 706//446 142//446 703//446
f 706//449 703//449 708//449
f 708//449 703//449 701//449
f 708//450 701//450 217//450
f 217//450 701//450 231//450
f 216//416 214//416 709//416
f 216//416 709//416 707//416
f 707//414 709//414 710//414
f 707//414 710//414 705//414
f 705//413 710//413 120//413
f 705//413 120//413 98//413
f 120//382 710//382 711//382
f 710//383 709//383 712//383
f 709//384 214//384 346//384
f 709//384 346//384 712//384
f 712//385 346//385 348//385
f 712//385 348//385 713//385
f 713//576 348//576 349//576
f 713//386 349//386 714//386
f 714//387 349//387 351//387
f 714//387 351//387 715//387
f 715//388 351//388 353//388
f 715//388 353//388 716//388
f 716//577 353//577 355//577
f 716//389 355//389 717//389
f 717//391 355//391 357//391
f 717//390 357//390 718//390
f 718//392 357//392 359//392
f 718//392 359//392 719//392
f 710//383 712//383 711//383
f 711//393 712//393 713//393
f 711//393 713//393 720//393
f 720//394 713//394 714//394
f 720//394 714//394 721//394
f 721//395 714//395 715//395
f 721//395 715//395 722//395
f 722//578 715//578 716//578
f 722//579 716//579 723//579
f 723//580 716//580 717//580
f 723//397 717//397 724//397
f 724//398 717//398 718//398
f 724//398 718//398 725//398
f 725//399 718//399 719//399
f 725//399 719//399 726//399
f 120//382 711//382 121//382
f 121//581 711//581 720//581
f 121//581 720//581 122//581
f 122//401 720//401 721//401
f 122//401 721//401 117//401
f 117//402 721//402 722//402
f 117//402 722//402 119//402
f 119//403 722//403 723//403
f 119//582 723//582 123//582
f 123//405 723//405 724//405
f 123//405 724//405 124//405
f 124//407 724//407 725//407
f 124//406 725//406 125//406
f 125//409 725//409 726//409
f 125//409 726//409 109//409
f 109//321 726//321 727//321
f 726//322 719//322 728//322
f 726//322 728//322 727//322
f 727//323 728//323 729//323
f 727//323 729//323 730//323
f 730//583 729//583 731//583
f 730//584 731//584 732//584
f 732//326 731//326 733//326
f 732//326 733//326 734//326
f 734//327 733//327 735//327
f 734//327 735//327 736//327
f 736//330 735//330 737//330
f 736//330 737//330 738//330
f 738//331 737//331 739//331
f 738//331 739//331 740//331
f 360//332 300//332 741//332
f 741//333 739//333 360//333
f 360//334 739//334 737//334
f 360//334 737//334 362//334
f 362//335 737//335 735//335
f 362//335 735//335 364//335
f 364//336 735//336 733//336
f 364//336 733//336 366//336
f 366//337 733//337 731//337
f 366//337 731//337 368//337
f 368//585 731//585 729//585
f 368//338 729//338 371//338
f 371//340 729//340 728//340
f 371//339 728//339 370//339
f 370//341 728//341 719//341
f 370//341 719//341 359//341
f 741//342 742//342 739//342
f 739//343 742//343 743//343
f 739//344 743//344 740//344
f 740//345 743//345 744//345
f 740//586 744//586 745//586
f 109//321 727//321 110//321
f 110//349 727//349 730//349
f 110//348 730//348 113//348
f 113//350 730//350 732//350
f 113//350 732//350 114//350
f 114//587 732//587 734//587
f 114//587 734//587 115//587
f 115//353 734//353 736//353
f 115//353 736//353 100//353
f 100//354 736//354 738//354
f 100//354 738//354 101//354
f 101//355 738//355 740//355
f 101//588 740//588 103//588
f 103//356 740//356 745//356
f 103//589 745//589 104//589
f 297//317 746//317 300//317
f 300//317 746//317 741//317
f 741//315 746//315 742//315
f 742//315 746//315 747//315
f 742//314 747//314 743//314
f 743//314 747//314 748//314
f 743//590 748//590 744//590
f 744//313 748//313 749//313
f 744//591 749//591 745//591
f 749//591 750//591 745//591
f 745//310 750//310 106//310
f 745//310 106//310 104//310
f 751//296 747//296 295//296
f 295//297 747//297 746//297
f 295//298 746//298 297//298
f 752//592 439//592 106//592
f 106//593 750//593 752//593
f 752//301 750//301 749//301
f 752//302 749//302 751//302
f 751//303 749//303 748//303
f 751//304 748//304 747//304
f 295//305 292//305 751//305
f 751//305 292//305 753//305
f 751//307 753//307 752//307
f 752//306 753//306 754//306
f 752//309 754//309 439//309
f 439//594 754//594 152//594
f 292//320 290//320 755//320
f 292//320 755//320 753//320
f 753//319 755//319 756//319
f 753//319 756//319 754//319
f 754//318 756//318 153//318
f 754//318 153//318 152//318
f 757//595 758//595 759//595
f 757//596 759//596 760//596
f 759//597 761//597 760//597
f 760//598 761//598 762//598
f 760//599 762//599 763//599
f 763//600 762//600 764//600
f 763//601 764//601 765//601
f 765//602 766//602 763//602
f 763//603 766//603 767//603
f 763//604 767//604 768//604
f 768//605 767//605 769//605
f 768//606 769//606 770//606
f 769//607 771//607 770//607
f 770//608 771//608 772//608
f 770//609 772//609 773//609
f 773//610 772//610 774//610
f 773//611 774//611 775//611
f 775//612 774//612 776//612
f 775//613 776//613 777//613
f 777//614 776//614 778//614
f 778//614 776//614 779//614
f 778//615 779//615 780//615
f 780//615 779//615 781//615
f 780//616 781//616 782//616
f 782//616 781//616 783//616
f 782//617 783//617 784//617
f 784//617 783//617 785//617
f 784//618 785//618 786//618
f 786//618 785//618 787//618
f 786//619 787//619 788//619
f 788//619 787//619 789//619
f 788//620 789//620 790//620
f 790//621 789//621 791//621
f 790//622 791//622 792//622
f 792//623 791//623 793//623
f 792//624 793//624 794//624
f 794//625 793//625 795//625
f 794//626 795//626 796//626
f 796//627 795//627 797//627
f 796//628 797//628 757//628
f 757//629 797//629 798//629
f 757//630 798//630 758//630
f 799//631 800//631 801//631
f 801//631 800//631 802//631
f 801//632 802//632 803//632
f 803//632 802//632 804//632
f 803//633 804//633 805//633
f 805//633 804//633 806//633
f 805//634 806//634 807//634
f 807//634 806//634 808//634
f 807//635 808//635 809//635
f 809//635 808//635 810//635
f 809//636 810//636 811//636
f 811//636 810//636 812//636
f 811//637 812//637 813//637
f 813//637 812//637 814//637
f 813//638 814//638 211//638
f 211//638 814//638 212//638
f 800//639 799//639 815//639
f 815//639 799//639 816//639
f 815//640 816//640 817//640
f 817//640 816//640 818//640
f 817//641 818//641 819//641
f 819//641 818//641 820//641
f 819//642 820//642 821//642
f 821//642 820//642 822//642
f 821//643 822//643 823//643
f 823//643 822//643 824//643
f 823//644 824//644 825//644
f 825//644 824//644 826//644
f 825//645 826//645 827//645
f 827//645 826//645 828//645
f 827//646 828//646 265//646
f 265//646 828//646 266//646
f 788//647 790//647 829//647
f 782//647 830//647 831//647
f 832//647 775//647 833//647
f 833//647 775//647 777//647
f 780//647 834//647 778//647
f 778//647 834//647 835//647
f 782//647 831//647 780//647
f 780//647 831//647 836//647
f 780//647 836//647 834//647
f 786//647 837//647 784//647
f 784//647 837//647 838//647
f 838//647 839//647 784//647
f 784//647 839//647 840//647
f 784//647 840//647 782//647
f 782//647 840//647 841//647
f 782//647 841//647 830//647
f 829//647 842//647 788//647
f 788//647 842//647 843//647
f 788//647 843//647 786//647
f 786//647 843//647 844//647
f 786//647 844//647 837//647
f 835//647 845//647 778//647
f 778//647 845//647 846//647
f 778//647 846//647 777//647
f 777//647 846//647 847//647
f 777//647 847//647 833//647
f 848//648 849//648 850//648
f 851//648 852//648 853//648
f 848//648 850//648 854//648
f 855//648 856//648 857//648
f 857//648 856//648 858//648
f 857//648 858//648 859//648
f 851//648 853//648 860//648
f 861//648 862//648 863//648
f 863//648 862//648 864//648
f 863//648 864//648 865//648
f 861//648 863//648 866//648
f 866//648 863//648 867//648
f 866//648 867//648 868//648
f 853//648 869//648 860//648
f 860//648 869//648 870//648
f 860//648 870//648 867//648
f 867//648 870//648 871//648
f 867//648 871//648 868//648
f 850//648 872//648 854//648
f 854//648 872//648 873//648
f 854//648 873//648 851//648
f 851//648 873//648 874//648
f 851//648 874//648 852//648
f 864//648 875//648 865//648
f 865//648 875//648 876//648
f 865//648 876//648 855//648
f 855//648 876//648 877//648
f 855//648 877//648 856//648
f 878//595 879//595 880//595
f 878//649 880//649 881//649
f 880//597 882//597 881//597
f 881//650 882//650 138//650
f 881//651 138//651 883//651
f 883//652 138//652 884//652
f 883//601 884//601 885//601
f 885//602 886//602 883//602
f 883//603 886//603 887//603
f 883//604 887//604 888//604
f 888//653 887//653 889//653
f 888//606 889//606 890//606
f 889//607 891//607 890//607
f 890//608 891//608 849//608
f 890//609 849//609 892//609
f 892//610 849//610 848//610
f 892//611 848//611 893//611
f 893//612 848//612 854//612
f 893//613 854//613 894//613
f 894//614 854//614 895//614
f 895//614 854//614 851//614
f 895//615 851//615 896//615
f 896//615 851//615 860//615
f 896//616 860//616 897//616
f 897//616 860//616 867//616
f 897//617 867//617 898//617
f 898//617 867//617 863//617
f 898//618 863//618 899//618
f 899//618 863//618 865//618
f 899//619 865//619 900//619
f 900//619 865//619 855//619
f 900//620 855//620 901//620
f 901//621 855//621 857//621
f 901//622 857//622 902//622
f 902//623 857//623 859//623
f 902//624 859//624 903//624
f 903//625 859//625 904//625
f 903//626 904//626 905//626
f 905//627 904//627 906//627
f 905//654 906//654 878//654
f 878//655 906//655 907//655
f 878//630 907//630 879//630
f 908//631 909//631 910//631
f 910//656 909//656 911//656
f 910//657 911//657 912//657
f 912//658 911//658 913//658
f 913//659 911//659 914//659
f 913//660 914//660 915//660
f 915//661 914//661 916//661
f 915//635 916//635 917//635
f 917//662 916//662 918//662
f 917//663 918//663 919//663
f 919//664 918//664 920//664
f 919//665 920//665 921//665
f 921//666 920//666 222//666
f 921//638 222//638 224//638
f 909//639 908//639 922//639
f 909//667 922//667 923//667
f 923//668 922//668 924//668
f 923//669 924//669 925//669
f 925//670 924//670 926//670
f 925//671 926//671 927//671
f 927//642 926//642 928//642
f 927//672 928//672 929//672
f 929//673 928//673 930//673
f 929//674 930//674 931//674
f 259//646 258//646 932//646
f 932//675 258//675 931//675
f 932//676 931//676 933//676
f 933//677 931//677 930//677
f 774//648 772//648 934//648
f 774//648 934//648 776//648
f 789//648 935//648 791//648
f 791//648 935//648 936//648
f 791//648 936//648 793//648
f 937//648 938//648 785//648
f 785//648 938//648 939//648
f 785//648 939//648 787//648
f 779//648 940//648 781//648
f 781//648 940//648 941//648
f 939//648 942//648 787//648
f 787//648 942//648 943//648
f 787//648 943//648 789//648
f 789//648 943//648 944//648
f 789//648 944//648 935//648
f 934//648 945//648 776//648
f 776//648 945//648 946//648
f 776//648 946//648 779//648
f 779//648 946//648 947//648
f 779//648 947//648 940//648
f 937//648 785//648 948//648
f 948//648 785//648 783//648
f 948//648 783//648 949//648
f 941//648 950//648 781//648
f 781//648 950//648 951//648
f 781//648 951//648 783//648
f 783//648 951//648 952//648
f 783//648 952//648 949//648
f 898//647 899//647 953//647
f 895//647 896//647 954//647
f 901//647 955//647 900//647
f 900//647 955//647 956//647
f 900//647 956//647 899//647
f 899//647 956//647 957//647
f 899//647 957//647 953//647
f 958//647 893//647 959//647
f 959//647 893//647 894//647
f 959//647 894//647 960//647
f 960//647 894//647 895//647
f 960//647 895//647 961//647
f 961//647 895//647 954//647
f 953//647 962//647 898//647
f 898//647 962//647 963//647
f 898//647 963//647 897//647
f 897//647 963//647 964//647
f 897//647 964//647 896//647
f 896//647 964//647 965//647
f 896//647 965//647 954//647
f 966//55 967//55 968//55
f 969//55 970//55 971//55
f 972//55 973//55 974//55
f 974//55 973//55 975//55
f 974//55 975//55 976//55
f 976//55 975//55 762//55
f 977//55 978//55 968//55
f 968//55 978//55 979//55
f 968//55 979//55 973//55
f 969//55 971//55 968//55
f 968//55 971//55 980//55
f 968//55 980//55 977//55
f 972//55 981//55 973//55
f 973//55 981//55 982//55
f 973//55 982//55 968//55
f 968//55 982//55 983//55
f 968//55 983//55 966//55
f 984//678 985//678 986//678
f 986//678 985//678 987//678
f 988//57 989//57 990//57
f 990//57 989//57 991//57
f 793//169 936//169 992//169
f 992//169 936//169 993//169
f 992//679 993//679 966//679
f 966//679 993//679 967//679
f 762//55 994//55 976//55
f 976//680 994//680 995//680
f 976//681 995//681 974//681
f 974//682 995//682 996//682
f 974//683 996//683 972//683
f 972//684 996//684 997//684
f 972//685 997//685 981//685
f 981//686 997//686 998//686
f 981//687 998//687 982//687
f 982//688 998//688 999//688
f 982//689 999//689 983//689
f 983//690 999//690 992//690
f 983//691 992//691 966//691
f 762//692 761//692 994//692
f 994//693 761//693 759//693
f 994//694 759//694 995//694
f 995//695 759//695 758//695
f 995//696 758//696 996//696
f 996//697 758//697 798//697
f 996//698 798//698 997//698
f 997//699 798//699 797//699
f 997//700 797//700 998//700
f 998//701 797//701 795//701
f 998//702 795//702 999//702
f 999//703 795//703 793//703
f 999//704 793//704 992//704
f 762//705 975//705 764//705
f 764//706 975//706 973//706
f 764//707 973//707 765//707
f 765//708 973//708 979//708
f 765//709 979//709 766//709
f 766//710 979//710 978//710
f 766//711 978//711 767//711
f 767//712 978//712 977//712
f 767//713 977//713 769//713
f 769//714 977//714 980//714
f 769//715 980//715 771//715
f 771//716 980//716 971//716
f 771//717 971//717 772//717
f 934//169 772//169 1000//169
f 1000//718 772//718 971//718
f 1000//679 971//679 970//679
f 850//169 849//169 1001//169
f 1001//169 849//169 1002//169
f 1001//679 1002//679 153//679
f 153//679 1002//679 155//679
f 156//719 155//719 1002//719
f 138//705 136//705 884//705
f 884//706 136//706 135//706
f 884//720 135//720 885//720
f 885//721 135//721 130//721
f 885//709 130//709 886//709
f 886//710 130//710 129//710
f 886//711 129//711 887//711
f 887//712 129//712 157//712
f 887//722 157//722 889//722
f 889//723 157//723 156//723
f 889//715 156//715 891//715
f 891//724 156//724 1002//724
f 891//725 1002//725 849//725
f 138//140 1003//140 137//140
f 137//726 1003//726 1004//726
f 137//681 1004//681 131//681
f 131//727 1004//727 1005//727
f 131//683 1005//683 158//683
f 158//684 1005//684 1006//684
f 158//685 1006//685 159//685
f 159//728 1006//728 1007//728
f 159//687 1007//687 143//687
f 143//688 1007//688 1008//688
f 143//689 1008//689 144//689
f 144//690 1008//690 1009//690
f 144//691 1009//691 149//691
f 138//692 882//692 1003//692
f 1003//729 882//729 880//729
f 1003//694 880//694 1004//694
f 1004//695 880//695 879//695
f 1004//696 879//696 1005//696
f 1005//697 879//697 907//697
f 1005//698 907//698 1006//698
f 1006//730 907//730 906//730
f 1006//700 906//700 1007//700
f 1007//731 906//731 904//731
f 1007//702 904//702 1008//702
f 1008//732 904//732 859//732
f 1008//704 859//704 1009//704
f 859//169 858//169 1009//169
f 1009//169 858//169 1010//169
f 1009//679 1010//679 149//679
f 149//679 1010//679 140//679
f 905//733 878//733 1011//733
f 893//734 958//734 892//734
f 892//735 958//735 1012//735
f 892//736 1012//736 890//736
f 890//737 1012//737 1013//737
f 989//738 988//738 1014//738
f 1011//739 878//739 1014//739
f 1014//740 878//740 989//740
f 989//741 878//741 881//741
f 989//742 881//742 1015//742
f 1015//743 881//743 883//743
f 1015//739 883//739 1013//739
f 1013//733 883//733 888//733
f 1013//744 888//744 890//744
f 955//745 901//745 1016//745
f 1016//746 901//746 902//746
f 1016//747 902//747 1011//747
f 1011//748 902//748 903//748
f 1011//749 903//749 905//749
f 796//733 757//733 1017//733
f 775//734 832//734 773//734
f 773//735 832//735 1018//735
f 773//736 1018//736 770//736
f 770//737 1018//737 1019//737
f 160//738 162//738 1020//738
f 1017//739 757//739 1020//739
f 1020//740 757//740 160//740
f 160//750 757//750 760//750
f 160//742 760//742 1021//742
f 1021//743 760//743 763//743
f 1021//739 763//739 1019//739
f 1019//733 763//733 768//733
f 1019//744 768//744 770//744
f 829//745 790//745 1022//745
f 1022//746 790//746 792//746
f 1022//751 792//751 1017//751
f 1017//748 792//748 794//748
f 1017//749 794//749 796//749
f 1023//752 1024//752 1025//752
f 1025//753 1024//753 1026//753
f 1025//754 1026//754 1027//754
f 1027//755 1026//755 1028//755
f 1027//756 1028//756 1029//756
f 1029//757 1028//757 1030//757
f 1029//758 1030//758 987//758
f 987//759 1030//759 986//759
f 969//88 968//88 1031//88
f 1031//760 968//760 1032//760
f 1031//761 1032//761 1023//761
f 1023//762 1032//762 1033//762
f 1023//763 1033//763 1024//763
f 1034//764 1035//764 1036//764
f 1036//765 1035//765 1037//765
f 1036//766 1037//766 1038//766
f 1038//767 1037//767 1039//767
f 1038//768 1039//768 1040//768
f 1040//769 1039//769 1041//769
f 1040//770 1041//770 991//770
f 991//771 1041//771 990//771
f 985//772 984//772 1042//772
f 1042//773 984//773 1043//773
f 1042//774 1043//774 1034//774
f 1034//775 1043//775 1044//775
f 1034//776 1044//776 1035//776
f 162//777 485//777 1045//777
f 485//778 483//778 1046//778
f 483//779 204//779 203//779
f 483//779 203//779 1046//779
f 1046//780 203//780 207//780
f 1046//780 207//780 1047//780
f 1047//781 207//781 209//781
f 1047//781 209//781 1048//781
f 1048//782 209//782 210//782
f 1048//782 210//782 1049//782
f 485//778 1046//778 1045//778
f 1045//783 1046//783 1047//783
f 1045//784 1047//784 1050//784
f 1050//785 1047//785 1048//785
f 1050//785 1048//785 1051//785
f 1051//786 1048//786 1049//786
f 1051//786 1049//786 1052//786
f 162//777 1045//777 1020//777
f 1020//787 1045//787 1050//787
f 1020//787 1050//787 1017//787
f 1017//788 1050//788 1051//788
f 1017//788 1051//788 1022//788
f 1022//789 1051//789 1052//789
f 1022//789 1052//789 829//789
f 842//790 829//790 1052//790
f 842//790 1052//790 1053//790
f 1053//791 1052//791 1049//791
f 1053//791 1049//791 1054//791
f 1054//792 1049//792 210//792
f 1054//792 210//792 212//792
f 842//793 1053//793 1055//793
f 1053//794 1054//794 1056//794
f 1054//795 212//795 814//795
f 1054//795 814//795 1056//795
f 1056//796 814//796 812//796
f 1056//796 812//796 1057//796
f 1057//797 812//797 810//797
f 1057//797 810//797 1058//797
f 1058//798 810//798 808//798
f 1058//799 808//799 1059//799
f 1059//800 808//800 806//800
f 1059//800 806//800 1060//800
f 1060//801 806//801 804//801
f 1060//802 804//802 1061//802
f 1061//803 804//803 802//803
f 1061//803 802//803 1062//803
f 1062//804 802//804 800//804
f 1062//805 800//805 1063//805
f 1053//794 1056//794 1055//794
f 1055//806 1056//806 1057//806
f 1055//806 1057//806 1064//806
f 1064//807 1057//807 1058//807
f 1064//807 1058//807 1065//807
f 1065//808 1058//808 1059//808
f 1065//808 1059//808 1066//808
f 1066//809 1059//809 1060//809
f 1066//809 1060//809 1067//809
f 1067//810 1060//810 1061//810
f 1067//810 1061//810 1068//810
f 1068//811 1061//811 1062//811
f 1068//811 1062//811 1069//811
f 1069//812 1062//812 1063//812
f 1069//812 1063//812 1070//812
f 842//813 1055//813 843//813
f 843//814 1055//814 1064//814
f 843//814 1064//814 844//814
f 844//815 1064//815 1065//815
f 844//815 1065//815 837//815
f 837//816 1065//816 1066//816
f 837//817 1066//817 838//817
f 838//818 1066//818 1067//818
f 838//819 1067//819 839//819
f 839//820 1067//820 1068//820
f 839//821 1068//821 840//821
f 840//822 1068//822 1069//822
f 840//823 1069//823 841//823
f 841//824 1069//824 1070//824
f 841//824 1070//824 830//824
f 830//825 1070//825 1071//825
f 1070//826 1063//826 1072//826
f 1063//827 800//827 815//827
f 1063//828 815//828 1072//828
f 1072//829 815//829 817//829
f 1072//829 817//829 1073//829
f 1073//830 817//830 819//830
f 1073//830 819//830 1074//830
f 1074//831 819//831 821//831
f 1074//831 821//831 1075//831
f 1075//832 821//832 823//832
f 1075//833 823//833 1076//833
f 1076//834 823//834 825//834
f 1076//834 825//834 1077//834
f 1077//835 825//835 827//835
f 1077//835 827//835 1078//835
f 1078//836 827//836 265//836
f 1078//836 265//836 1079//836
f 1070//826 1072//826 1071//826
f 1071//837 1072//837 1073//837
f 1071//837 1073//837 1080//837
f 1080//838 1073//838 1074//838
f 1080//838 1074//838 1081//838
f 1081//839 1074//839 1075//839
f 1081//839 1075//839 1082//839
f 1082//840 1075//840 1076//840
f 1082//840 1076//840 1083//840
f 1083//841 1076//841 1077//841
f 1083//841 1077//841 1084//841
f 1084//842 1077//842 1078//842
f 1084//842 1078//842 1085//842
f 1085//843 1078//843 1079//843
f 1085//844 1079//844 1086//844
f 830//825 1071//825 831//825
f 831//845 1071//845 1080//845
f 831//846 1080//846 836//846
f 836//847 1080//847 1081//847
f 836//847 1081//847 834//847
f 834//848 1081//848 1082//848
f 834//849 1082//849 835//849
f 835//850 1082//850 1083//850
f 835//851 1083//851 845//851
f 845//852 1083//852 1084//852
f 845//853 1084//853 846//853
f 846//854 1084//854 1085//854
f 846//854 1085//854 847//854
f 847//855 1085//855 1086//855
f 847//856 1086//856 833//856
f 832//857 833//857 1086//857
f 832//857 1086//857 1087//857
f 1087//858 1086//858 1079//858
f 1087//859 1079//859 1088//859
f 1088//860 1079//860 265//860
f 1088//860 265//860 267//860
f 269//861 539//861 1089//861
f 539//862 540//862 1090//862
f 540//863 160//863 1021//863
f 540//863 1021//863 1090//863
f 1090//864 1021//864 1019//864
f 1090//864 1019//864 1091//864
f 1091//865 1019//865 1018//865
f 1091//865 1018//865 1092//865
f 1092//866 1018//866 832//866
f 1092//866 832//866 1087//866
f 539//862 1090//862 1089//862
f 1089//867 1090//867 1091//867
f 1089//868 1091//868 1093//868
f 1093//869 1091//869 1092//869
f 1093//869 1092//869 1094//869
f 1094//870 1092//870 1087//870
f 1094//870 1087//870 1088//870
f 269//861 1089//861 270//861
f 270//871 1089//871 1093//871
f 270//871 1093//871 272//871
f 272//872 1093//872 1094//872
f 272//872 1094//872 273//872
f 273//873 1094//873 1088//873
f 273//873 1088//873 267//873
f 1095//359 1096//359 1097//359
f 1096//360 304//360 271//360
f 1098//373 1000//373 970//373
f 271//874 268//874 1099//874
f 1096//360 271//360 1097//360
f 1097//875 271//875 1099//875
f 1097//876 1099//876 1100//876
f 1100//877 1101//877 1097//877
f 1097//878 1101//878 1098//878
f 1097//366 1098//366 1095//366
f 1095//358 1098//358 970//358
f 934//879 1000//879 1102//879
f 1102//880 1000//880 1098//880
f 1102//881 1098//881 1103//881
f 1103//882 1098//882 1101//882
f 266//883 1104//883 268//883
f 268//883 1104//883 1099//883
f 1099//884 1104//884 1100//884
f 1100//885 1104//885 1105//885
f 1100//886 1105//886 1101//886
f 1101//886 1105//886 1106//886
f 1101//887 1106//887 1103//887
f 1103//888 1106//888 1107//888
f 1103//889 1107//889 1102//889
f 1107//889 1108//889 1102//889
f 1102//890 1108//890 945//890
f 1102//890 945//890 934//890
f 305//320 304//320 1096//320
f 305//320 1096//320 1109//320
f 1109//319 1096//319 1095//319
f 1109//319 1095//319 1110//319
f 1110//318 1095//318 970//318
f 1110//318 970//318 969//318
f 1104//891 266//891 828//891
f 1106//892 1105//892 1111//892
f 1111//893 1105//893 1104//893
f 1108//894 1107//894 1112//894
f 1112//895 1107//895 1106//895
f 946//896 945//896 1108//896
f 1104//897 828//897 1111//897
f 1111//898 828//898 826//898
f 1111//898 826//898 1113//898
f 1113//899 826//899 824//899
f 1113//899 824//899 1114//899
f 1114//900 824//900 822//900
f 1114//900 822//900 1115//900
f 1115//901 822//901 820//901
f 1115//901 820//901 1116//901
f 1116//902 820//902 818//902
f 1116//902 818//902 1117//902
f 1117//903 818//903 816//903
f 1117//904 816//904 1118//904
f 1118//905 816//905 799//905
f 1118//906 799//906 1119//906
f 1106//907 1111//907 1112//907
f 1112//908 1111//908 1113//908
f 1112//908 1113//908 1120//908
f 1120//909 1113//909 1114//909
f 1120//910 1114//910 1121//910
f 1121//911 1114//911 1115//911
f 1121//911 1115//911 1122//911
f 1122//912 1115//912 1116//912
f 1122//913 1116//913 1123//913
f 1123//914 1116//914 1117//914
f 1123//915 1117//915 1124//915
f 1124//916 1117//916 1118//916
f 1124//916 1118//916 1125//916
f 1125//917 1118//917 1119//917
f 1125//917 1119//917 1126//917
f 1108//918 1112//918 946//918
f 946//919 1112//919 1120//919
f 946//920 1120//920 947//920
f 947//921 1120//921 1121//921
f 947//921 1121//921 940//921
f 940//922 1121//922 1122//922
f 940//922 1122//922 941//922
f 941//923 1122//923 1123//923
f 941//923 1123//923 950//923
f 950//924 1123//924 1124//924
f 950//925 1124//925 951//925
f 951//926 1124//926 1125//926
f 951//926 1125//926 952//926
f 952//927 1125//927 1126//927
f 952//927 1126//927 949//927
f 987//928 1127//928 1128//928
f 1127//929 1129//929 1130//929
f 1129//930 249//930 247//930
f 1129//930 247//930 1130//930
f 1130//931 247//931 246//931
f 1130//931 246//931 1131//931
f 1131//932 246//932 243//932
f 1131//932 243//932 1132//932
f 1132//933 243//933 244//933
f 1132//933 244//933 1133//933
f 1133//296 244//296 306//296
f 1133//296 306//296 1134//296
f 1134//305 306//305 305//305
f 1134//305 305//305 1109//305
f 1127//929 1130//929 1128//929
f 1128//934 1130//934 1131//934
f 1128//934 1131//934 1135//934
f 1135//935 1131//935 1132//935
f 1135//935 1132//935 1136//935
f 1136//936 1132//936 1133//936
f 1136//936 1133//936 1137//936
f 1137//302 1133//302 1134//302
f 1137//302 1134//302 1138//302
f 1138//307 1134//307 1109//307
f 1138//307 1109//307 1110//307
f 987//928 1128//928 1029//928
f 1029//937 1128//937 1135//937
f 1029//938 1135//938 1027//938
f 1027//939 1135//939 1136//939
f 1027//939 1136//939 1025//939
f 1025//940 1136//940 1137//940
f 1025//941 1137//941 1023//941
f 1023//299 1137//299 1138//299
f 1023//299 1138//299 1031//299
f 1031//308 1138//308 1110//308
f 1031//309 1110//309 969//309
f 949//942 1126//942 1139//942
f 1126//943 1119//943 1140//943
f 1119//944 799//944 801//944
f 1119//944 801//944 1140//944
f 1140//945 801//945 803//945
f 1140//946 803//946 1141//946
f 1141//947 803//947 805//947
f 1141//947 805//947 1142//947
f 1142//948 805//948 807//948
f 1142//948 807//948 1143//948
f 1143//949 807//949 809//949
f 1143//949 809//949 1144//949
f 1144//950 809//950 811//950
f 1144//950 811//950 1145//950
f 1145//951 811//951 813//951
f 1145//951 813//951 1146//951
f 1146//952 813//952 211//952
f 1146//952 211//952 1147//952
f 1126//943 1140//943 1139//943
f 1139//953 1140//953 1141//953
f 1139//953 1141//953 1148//953
f 1148//954 1141//954 1142//954
f 1148//955 1142//955 1149//955
f 1149//956 1142//956 1143//956
f 1149//957 1143//957 1150//957
f 1150//958 1143//958 1144//958
f 1150//958 1144//958 1151//958
f 1151//959 1144//959 1145//959
f 1151//959 1145//959 1152//959
f 1152//960 1145//960 1146//960
f 1152//960 1146//960 1153//960
f 1153//961 1146//961 1147//961
f 1153//961 1147//961 1154//961
f 949//962 1139//962 948//962
f 948//963 1139//963 1148//963
f 948//963 1148//963 937//963
f 937//964 1148//964 1149//964
f 937//965 1149//965 938//965
f 938//966 1149//966 1150//966
f 938//966 1150//966 939//966
f 939//967 1150//967 1151//967
f 939//967 1151//967 942//967
f 942//968 1151//968 1152//968
f 942//968 1152//968 943//968
f 943//969 1152//969 1153//969
f 943//970 1153//970 944//970
f 944//971 1153//971 1154//971
f 944//971 1154//971 935//971
f 251//972 249//972 1129//972
f 251//972 1129//972 1155//972
f 1155//973 1129//973 1127//973
f 1155//973 1127//973 1156//973
f 1156//974 1127//974 987//974
f 1156//974 987//974 985//974
f 211//975 208//975 1157//975
f 211//975 1157//975 1147//975
f 1147//976 1157//976 1158//976
f 1147//977 1158//977 1154//977
f 1154//978 1158//978 936//978
f 1154//978 936//978 935//978
f 991//979 1159//979 1160//979
f 1159//980 1161//980 1162//980
f 1161//981 313//981 312//981
f 1161//981 312//981 1162//981
f 1162//982 312//982 302//982
f 1162//982 302//982 1163//982
f 1163//983 302//983 307//983
f 1163//983 307//983 1164//983
f 1164//984 307//984 254//984
f 1164//984 254//984 1165//984
f 1165//985 254//985 253//985
f 1165//985 253//985 1166//985
f 1166//986 253//986 251//986
f 1166//986 251//986 1155//986
f 1159//980 1162//980 1160//980
f 1160//987 1162//987 1163//987
f 1160//987 1163//987 1167//987
f 1167//988 1163//988 1164//988
f 1167//988 1164//988 1168//988
f 1168//989 1164//989 1165//989
f 1168//989 1165//989 1169//989
f 1169//990 1165//990 1166//990
f 1169//990 1166//990 1170//990
f 1170//991 1166//991 1155//991
f 1170//991 1155//991 1156//991
f 991//992 1160//992 1040//992
f 1040//993 1160//993 1167//993
f 1040//994 1167//994 1038//994
f 1038//995 1167//995 1168//995
f 1038//996 1168//996 1036//996
f 1036//997 1168//997 1169//997
f 1036//998 1169//998 1034//998
f 1034//999 1169//999 1170//999
f 1034//1000 1170//1000 1042//1000
f 1042//1001 1170//1001 1156//1001
f 1042//1002 1156//1002 985//1002
f 967//1003 993//1003 1171//1003
f 1171//1004 993//1004 1172//1004
f 1171//1005 1172//1005 1173//1005
f 1173//1005 1172//1005 1174//1005
f 1173//1006 1174//1006 205//1006
f 205//1006 1174//1006 206//1006
f 993//1007 936//1007 1172//1007
f 1172//1007 936//1007 1158//1007
f 1172//1008 1158//1008 1174//1008
f 1174//1008 1158//1008 1157//1008
f 1174//1009 1157//1009 206//1009
f 206//1009 1157//1009 208//1009
f 314//293 313//293 1161//293
f 314//293 1161//293 1175//293
f 1175//294 1161//294 1159//294
f 1175//294 1159//294 1176//294
f 1176//295 1159//295 991//295
f 1176//295 991//295 989//295
f 205//453 202//453 1177//453
f 205//453 1177//453 1173//453
f 1173//452 1177//452 1178//452
f 1173//452 1178//452 1171//452
f 1171//451 1178//451 968//451
f 1171//451 968//451 967//451
f 314//861 1175//861 1179//861
f 1175//862 1176//862 1180//862
f 1176//863 989//863 1015//863
f 1176//863 1015//863 1180//863
f 1180//864 1015//864 1013//864
f 1180//864 1013//864 1181//864
f 1181//865 1013//865 1012//865
f 1181//865 1012//865 1182//865
f 1182//866 1012//866 958//866
f 1182//866 958//866 1183//866
f 1175//1010 1180//1010 1179//1010
f 1179//1011 1180//1011 1181//1011
f 1179//868 1181//868 1184//868
f 1184//869 1181//869 1182//869
f 1184//869 1182//869 1185//869
f 1185//870 1182//870 1183//870
f 1185//1012 1183//1012 1186//1012
f 314//861 1179//861 315//861
f 315//871 1179//871 1184//871
f 315//871 1184//871 263//871
f 263//872 1184//872 1185//872
f 263//872 1185//872 264//872
f 264//873 1185//873 1186//873
f 264//873 1186//873 260//873
f 192//1013 1187//1013 1188//1013
f 1189//1014 986//1014 1030//1014
f 1187//1015 1189//1015 1190//1015
f 1190//1014 1189//1014 1030//1014
f 1190//1016 1030//1016 1191//1016
f 1191//1017 1030//1017 1028//1017
f 1028//1018 1026//1018 1191//1018
f 1191//1019 1026//1019 1024//1019
f 1191//1019 1024//1019 1192//1019
f 1192//1020 1024//1020 1033//1020
f 1192//1021 1033//1021 1193//1021
f 1033//1022 1032//1022 1193//1022
f 1193//1023 1032//1023 968//1023
f 1193//1023 968//1023 1178//1023
f 1187//1015 1190//1015 1188//1015
f 1188//1024 1190//1024 1191//1024
f 1188//1024 1191//1024 1194//1024
f 1194//1025 1191//1025 1192//1025
f 1194//1025 1192//1025 1195//1025
f 1195//1026 1192//1026 1193//1026
f 1195//1026 1193//1026 1196//1026
f 1196//1027 1193//1027 1178//1027
f 1196//1027 1178//1027 1177//1027
f 192//1013 1188//1013 193//1013
f 193//1028 1188//1028 1194//1028
f 193//1028 1194//1028 164//1028
f 164//1029 1194//1029 1195//1029
f 164//1029 1195//1029 165//1029
f 165//1030 1195//1030 1196//1030
f 165//1030 1196//1030 167//1030
f 167//1031 1196//1031 1177//1031
f 167//1031 1177//1031 202//1031
f 258//1032 260//1032 1197//1032
f 1197//1033 260//1033 1186//1033
f 1197//1034 1186//1034 1198//1034
f 1198//1035 1186//1035 1199//1035
f 1199//1036 1186//1036 1183//1036
f 1199//1037 1183//1037 1200//1037
f 1200//1038 1183//1038 1201//1038
f 1201//1039 1183//1039 958//1039
f 1201//1040 958//1040 959//1040
f 192//1041 190//1041 1202//1041
f 192//1041 1202//1041 1187//1041
f 1187//1042 1202//1042 1203//1042
f 1187//1042 1203//1042 1189//1042
f 1189//1043 1203//1043 984//1043
f 1189//1043 984//1043 986//1043
f 964//1044 1204//1044 1205//1044
f 1204//1045 1206//1045 1207//1045
f 1206//1046 1208//1046 1209//1046
f 1208//1047 909//1047 923//1047
f 1208//1047 923//1047 1209//1047
f 1209//1048 923//1048 925//1048
f 1209//1049 925//1049 1210//1049
f 1210//1050 925//1050 927//1050
f 1210//1051 927//1051 1211//1051
f 258//1052 1212//1052 931//1052
f 931//1053 1212//1053 1211//1053
f 931//1053 1211//1053 929//1053
f 929//1054 1211//1054 927//1054
f 1206//1055 1209//1055 1207//1055
f 1207//1056 1209//1056 1210//1056
f 1207//1056 1210//1056 1213//1056
f 1213//1057 1210//1057 1211//1057
f 1213//1058 1211//1058 1214//1058
f 1214//1059 1211//1059 1212//1059
f 1214//1060 1212//1060 1215//1060
f 258//1052 1197//1052 1212//1052
f 1212//1061 1197//1061 1198//1061
f 1212//1062 1198//1062 1215//1062
f 1215//1063 1198//1063 1199//1063
f 1215//1064 1199//1064 1200//1064
f 1204//1045 1207//1045 1205//1045
f 1205//1065 1207//1065 1213//1065
f 1205//1065 1213//1065 1216//1065
f 1216//1066 1213//1066 1214//1066
f 1216//1066 1214//1066 1217//1066
f 1217//1067 1214//1067 1215//1067
f 1217//1068 1215//1068 1218//1068
f 1218//1069 1215//1069 1200//1069
f 1218//1070 1200//1070 1201//1070
f 964//1044 1205//1044 965//1044
f 965//1071 1205//1071 1216//1071
f 965//1071 1216//1071 954//1071
f 954//1072 1216//1072 1217//1072
f 954//1073 1217//1073 961//1073
f 961//1074 1217//1074 1218//1074
f 961//1074 1218//1074 960//1074
f 960//1075 1218//1075 1201//1075
f 960//1075 1201//1075 959//1075
f 173//1076 1219//1076 1220//1076
f 1221//1077 990//1077 1041//1077
f 1219//1078 1221//1078 1222//1078
f 1222//1077 1221//1077 1041//1077
f 1222//1079 1041//1079 1223//1079
f 1223//1080 1041//1080 1039//1080
f 1039//1081 1037//1081 1223//1081
f 1223//1082 1037//1082 1035//1082
f 1223//1083 1035//1083 1224//1083
f 1224//1084 1035//1084 1044//1084
f 1224//1085 1044//1085 1225//1085
f 1044//1086 1043//1086 1225//1086
f 1225//1087 1043//1087 984//1087
f 1225//1087 984//1087 1203//1087
f 1219//1078 1222//1078 1220//1078
f 1220//1088 1222//1088 1223//1088
f 1220//1088 1223//1088 1226//1088
f 1226//1089 1223//1089 1224//1089
f 1226//1089 1224//1089 1227//1089
f 1227//1090 1224//1090 1225//1090
f 1227//1090 1225//1090 1228//1090
f 1228//1091 1225//1091 1203//1091
f 1228//1091 1203//1091 1202//1091
f 173//1076 1220//1076 174//1076
f 174//1092 1220//1092 1226//1092
f 174//1092 1226//1092 170//1092
f 170//1093 1226//1093 1227//1093
f 170//1093 1227//1093 187//1093
f 187//1094 1227//1094 1228//1094
f 187//1094 1228//1094 188//1094
f 188//1095 1228//1095 1202//1095
f 188//1095 1202//1095 190//1095
f 956//1096 1229//1096 1230//1096
f 1229//1097 1231//1097 1232//1097
f 1231//1098 1233//1098 1234//1098
f 1233//1099 222//1099 920//1099
f 1233//1099 920//1099 1234//1099
f 1234//1100 920//1100 918//1100
f 1234//1100 918//1100 1235//1100
f 1235//1101 918//1101 916//1101
f 1235//1102 916//1102 1236//1102
f 916//1103 914//1103 1236//1103
f 1236//1104 914//1104 911//1104
f 1236//1104 911//1104 1237//1104
f 1237//1105 911//1105 909//1105
f 1237//1105 909//1105 1208//1105
f 1231//1098 1234//1098 1232//1098
f 1232//1106 1234//1106 1235//1106
f 1232//1107 1235//1107 1238//1107
f 1238//1108 1235//1108 1236//1108
f 1238//1108 1236//1108 1239//1108
f 1239//1109 1236//1109 1237//1109
f 1239//1109 1237//1109 1240//1109
f 1240//1110 1237//1110 1208//1110
f 1240//1110 1208//1110 1206//1110
f 1229//1111 1232//1111 1230//1111
f 1230//1112 1232//1112 1238//1112
f 1230//1113 1238//1113 1241//1113
f 1241//1114 1238//1114 1239//1114
f 1241//1114 1239//1114 1242//1114
f 1242//1115 1239//1115 1240//1115
f 1242//1115 1240//1115 1243//1115
f 1243//1116 1240//1116 1206//1116
f 1243//1116 1206//1116 1204//1116
f 956//1096 1230//1096 957//1096
f 957//1117 1230//1117 1241//1117
f 957//1117 1241//1117 953//1117
f 953//1118 1241//1118 1242//1118
f 953//1118 1242//1118 962//1118
f 962//1119 1242//1119 1243//1119
f 962//1119 1243//1119 963//1119
f 963//1120 1243//1120 1204//1120
f 963//1120 1204//1120 964//1120
f 173//191 229//191 1244//191
f 173//191 1244//191 1219//191
f 1219//192 1244//192 1245//192
f 1219//192 1245//192 1221//192
f 1221//193 1245//193 988//193
f 1221//193 988//193 990//193
f 234//1121 222//1121 1233//1121
f 234//1122 1233//1122 1246//1122
f 1246//1123 1233//1123 1231//1123
f 1246//1124 1231//1124 1247//1124
f 1247//1125 1231//1125 1229//1125
f 1247//1126 1229//1126 1248//1126
f 1248//1127 1229//1127 956//1127
f 1248//790 956//790 955//790
f 988//777 1245//777 1249//777
f 1245//778 1244//778 1250//778
f 1244//779 229//779 236//779
f 1244//779 236//779 1250//779
f 1250//780 236//780 237//780
f 1250//780 237//780 1251//780
f 1251//781 237//781 235//781
f 1251//781 235//781 1252//781
f 235//782 234//782 1252//782
f 1252//782 234//782 1246//782
f 1252//1128 1246//1128 1247//1128
f 1245//778 1250//778 1249//778
f 1249//1129 1250//1129 1251//1129
f 1249//1129 1251//1129 1253//1129
f 1253//785 1251//785 1252//785
f 1253//785 1252//785 1254//785
f 1254//1130 1252//1130 1247//1130
f 1254//1131 1247//1131 1248//1131
f 988//777 1249//777 1014//777
f 1014//787 1249//787 1253//787
f 1014//787 1253//787 1011//787
f 1011//788 1253//788 1254//788
f 1011//788 1254//788 1016//788
f 1016//789 1254//789 1248//789
f 1016//789 1248//789 955//789
f 140//1003 1010//1003 704//1003
f 704//1003 1010//1003 1255//1003
f 704//1005 1255//1005 702//1005
f 702//1005 1255//1005 1256//1005
f 702//1006 1256//1006 220//1006
f 220//1006 1256//1006 221//1006
f 1010//1132 858//1132 1255//1132
f 1255//1007 858//1007 1257//1007
f 1255//1008 1257//1008 1256//1008
f 1256//1008 1257//1008 1258//1008
f 1256//1009 1258//1009 221//1009
f 221//1009 1258//1009 223//1009
f 858//978 856//978 1259//978
f 858//978 1259//978 1257//978
f 1257//976 1259//976 1260//976
f 1257//976 1260//976 1258//976
f 1258//975 1260//975 224//975
f 1258//975 224//975 223//975
f 868//942 1261//942 1262//942
f 1261//943 1263//943 1264//943
f 1263//944 908//944 910//944
f 1263//944 910//944 1264//944
f 1264//946 910//946 912//946
f 1264//945 912//945 1265//945
f 1265//947 912//947 913//947
f 1265//1133 913//1133 1266//1133
f 1266//948 913//948 915//948
f 1266//948 915//948 1267//948
f 1267//949 915//949 917//949
f 1267//949 917//949 1268//949
f 1268//950 917//950 919//950
f 1268//950 919//950 1269//950
f 1269//951 919//951 921//951
f 1269//951 921//951 1270//951
f 1270//952 921//952 224//952
f 1270//952 224//952 1260//952
f 1261//943 1264//943 1262//943
f 1262//953 1264//953 1265//953
f 1262//953 1265//953 1271//953
f 1271//954 1265//954 1266//954
f 1271//1134 1266//1134 1272//1134
f 1272//957 1266//957 1267//957
f 1272//957 1267//957 1273//957
f 1273//958 1267//958 1268//958
f 1273//958 1268//958 1274//958
f 1274//959 1268//959 1269//959
f 1274//959 1269//959 1275//959
f 1275//960 1269//960 1270//960
f 1275//960 1270//960 1276//960
f 1276//961 1270//961 1260//961
f 1276//961 1260//961 1259//961
f 868//942 1262//942 866//942
f 866//1135 1262//1135 1271//1135
f 866//963 1271//963 861//963
f 861//964 1271//964 1272//964
f 861//964 1272//964 862//964
f 862//1136 1272//1136 1273//1136
f 862//966 1273//966 864//966
f 864//967 1273//967 1274//967
f 864//967 1274//967 875//967
f 875//968 1274//968 1275//968
f 875//968 1275//968 876//968
f 876//969 1275//969 1276//969
f 876//970 1276//970 877//970
f 877//1137 1276//1137 1259//1137
f 877//971 1259//971 856//971
f 1277//891 259//891 932//891
f 1278//892 1279//892 1280//892
f 1280//893 1279//893 1277//893
f 1281//894 1282//894 1283//894
f 1283//1138 1282//1138 1278//1138
f 873//1139 872//1139 1281//1139
f 1277//897 932//897 1280//897
f 1280//898 932//898 933//898
f 1280//898 933//898 1284//898
f 1284//1140 933//1140 930//1140
f 1284//899 930//899 1285//899
f 1285//900 930//900 928//900
f 1285//900 928//900 1286//900
f 1286//901 928//901 926//901
f 1286//901 926//901 1287//901
f 1287//1141 926//1141 924//1141
f 1287//1141 924//1141 1288//1141
f 1288//903 924//903 922//903
f 1288//903 922//903 1289//903
f 1289//906 922//906 908//906
f 1289//906 908//906 1263//906
f 1278//907 1280//907 1283//907
f 1283//908 1280//908 1284//908
f 1283//908 1284//908 1290//908
f 1290//909 1284//909 1285//909
f 1290//909 1285//909 1291//909
f 1291//911 1285//911 1286//911
f 1291//911 1286//911 1292//911
f 1292//913 1286//913 1287//913
f 1292//912 1287//912 1293//912
f 1293//915 1287//915 1288//915
f 1293//914 1288//914 1294//914
f 1294//916 1288//916 1289//916
f 1294//916 1289//916 1295//916
f 1295//917 1289//917 1263//917
f 1295//917 1263//917 1261//917
f 1281//918 1283//918 873//918
f 873//919 1283//919 1290//919
f 873//919 1290//919 874//919
f 874//921 1290//921 1291//921
f 874//921 1291//921 852//921
f 852//922 1291//922 1292//922
f 852//922 1292//922 853//922
f 853//923 1292//923 1293//923
f 853//1142 1293//1142 869//1142
f 869//925 1293//925 1294//925
f 869//925 1294//925 870//925
f 870//926 1294//926 1295//926
f 870//1143 1295//1143 871//1143
f 871//927 1295//927 1261//927
f 871//927 1261//927 868//927
f 850//890 1296//890 872//890
f 872//890 1296//890 1281//890
f 1281//1144 1296//1144 1282//1144
f 1282//889 1296//889 1297//889
f 1282//887 1297//887 1278//887
f 1278//888 1297//888 1298//888
f 1278//886 1298//886 1279//886
f 1279//886 1298//886 1299//886
f 1279//885 1299//885 1277//885
f 1299//884 1300//884 1277//884
f 1277//883 1300//883 261//883
f 1277//883 261//883 259//883
f 262//874 261//874 1300//874
f 262//875 1300//875 1301//875
f 1300//876 1299//876 1301//876
f 1301//877 1299//877 1298//877
f 1301//878 1298//878 1302//878
f 290//360 262//360 755//360
f 755//360 262//360 1301//360
f 755//359 1301//359 756//359
f 756//359 1301//359 1302//359
f 756//1145 1302//1145 153//1145
f 153//1145 1302//1145 1001//1145
f 850//1146 1001//1146 1296//1146
f 1296//880 1001//880 1302//880
f 1296//881 1302//881 1297//881
f 1297//882 1302//882 1298//882
f 245//127 168//127 240//127
f 240//127 168//127 228//127
f 240//1147 228//1147 284//1147
f 284//1147 228//1147 178//1147
f 284//1148 178//1148 285//1148
f 285//1148 178//1148 180//1148
f 285//1149 180//1149 287//1149
f 287//1149 180//1149 182//1149
f 287//1150 182//1150 309//1150
f 309//1150 182//1150 184//1150
f 309//1151 184//1151 308//1151
f 308//1151 184//1151 169//1151
f 308//1152 169//1152 252//1152
f 252//1152 169//1152 171//1152
f 252//1153 171//1153 250//1153
f 250//1153 171//1153 172//1153
f 250//1154 172//1154 248//1154
f 248//1154 172//1154 189//1154
f 248//1155 189//1155 241//1155
f 241//1155 189//1155 191//1155
f 241//1156 191//1156 242//1156
f 242//1156 191//1156 166//1156
f 242//1157 166//1157 245//1157
f 245//1157 166//1157 168//1157
f 1303//678 1304//678 1305//678
f 1306//678 1307//678 1308//678
f 1308//678 1307//678 1309//678
f 1310//678 1311//678 1312//678
f 1312//678 1311//678 1313//678
f 1312//678 1313//678 1314//678
f 1315//678 1316//678 1317//678
f 1317//678 1316//678 1318//678
f 1317//678 1318//678 1319//678
f 1319//678 1318//678 1320//678
f 1319//678 1320//678 1321//678
f 1321//678 1320//678 1322//678
f 1315//678 1317//678 1323//678
f 1323//678 1317//678 1324//678
f 1323//678 1324//678 1325//678
f 1325//678 1324//678 1326//678
f 1325//678 1326//678 1327//678
f 1327//678 1326//678 1328//678
f 1327//678 1328//678 1329//678
f 1329//678 1328//678 1330//678
f 1329//678 1330//678 1331//678
f 1331//678 1330//678 1332//678
f 1331//678 1332//678 1333//678
f 1333//678 1332//678 1334//678
f 1333//678 1334//678 1335//678
f 1335//678 1334//678 1307//678
f 1335//678 1307//678 1336//678
f 1336//678 1307//678 1337//678
f 1337//678 1307//678 1306//678
f 1337//678 1306//678 1338//678
f 1338//678 1306//678 1339//678
f 1338//678 1339//678 1316//678
f 1312//678 1303//678 1310//678
f 1310//678 1303//678 1305//678
f 1310//678 1305//678 1340//678
f 1340//678 1305//678 1341//678
f 1340//678 1341//678 1342//678
f 1342//678 1341//678 1343//678
f 1342//678 1343//678 1344//678
f 1344//678 1343//678 1345//678
f 1344//678 1345//678 1346//678
f 1346//678 1345//678 1347//678
f 1346//678 1347//678 1348//678
f 1348//678 1347//678 1349//678
f 1348//678 1349//678 1350//678
f 1339//678 1351//678 1316//678
f 1316//678 1351//678 1352//678
f 1316//678 1352//678 1353//678
f 1319//678 1354//678 1355//678
f 1355//678 1354//678 1356//678
f 1355//678 1356//678 1357//678
f 1357//678 1356//678 1358//678
f 1357//678 1358//678 1359//678
f 1359//678 1358//678 1360//678
f 1359//678 1360//678 1361//678
f 1361//678 1360//678 1362//678
f 1361//678 1362//678 1363//678
f 1363//678 1362//678 1364//678
f 1363//678 1364//678 1365//678
f 1365//678 1364//678 1366//678
f 1365//678 1366//678 1367//678
f 1367//678 1366//678 1368//678
f 1367//678 1368//678 1369//678
f 1369//678 1368//678 1370//678
f 1369//678 1370//678 1321//678
f 1370//678 1371//678 1321//678
f 1321//678 1371//678 1372//678
f 1321//678 1372//678 1319//678
f 1319//678 1372//678 1373//678
f 1319//678 1373//678 1354//678
f 1349//678 1374//678 1350//678
f 1350//678 1374//678 1375//678
f 1350//678 1375//678 1376//678
f 1376//678 1375//678 1377//678
f 1376//678 1377//678 1378//678
f 1378//678 1377//678 1318//678
f 1378//678 1318//678 1314//678
f 1314//678 1318//678 1316//678
f 1314//678 1316//678 1312//678
f 1312//678 1316//678 1353//678
f 1379//87 1380//87 1381//87
f 1382//87 1383//87 1384//87
f 1384//87 1383//87 1385//87
f 1385//87 1383//87 1386//87
f 1386//87 1383//87 1380//87
f 1386//87 1380//87 1387//87
f 1379//87 1388//87 1380//87
f 1380//87 1388//87 1389//87
f 1380//87 1389//87 1387//87
f 1387//87 1389//87 1390//87
f 1387//87 1390//87 1391//87
f 1391//87 1390//87 1392//87
f 1391//87 1392//87 1393//87
f 1393//87 1392//87 1394//87
f 1381//87 1395//87 1379//87
f 1379//87 1395//87 1396//87
f 1379//87 1396//87 1397//87
f 1397//87 1396//87 1398//87
f 1397//87 1398//87 1399//87
f 1399//87 1398//87 1400//87
f 1399//87 1400//87 1401//87
f 1401//87 1400//87 1402//87
f 1401//87 1402//87 1403//87
f 1403//87 1402//87 1404//87
f 1403//87 1404//87 1405//87
f 1405//87 1404//87 1406//87
f 1405//87 1406//87 1407//87
f 1407//87 1406//87 1408//87
f 1407//87 1408//87 1394//87
f 1394//87 1408//87 1409//87
f 1394//87 1409//87 1393//87
f 1410//87 1383//87 1411//87
f 1411//87 1383//87 1382//87
f 1411//87 1382//87 1412//87
f 1412//87 1382//87 1413//87
f 1414//87 1415//87 1416//87
f 1416//87 1415//87 1417//87
f 1416//87 1417//87 1418//87
f 1419//87 1420//87 1382//87
f 1382//87 1420//87 1421//87
f 1382//87 1421//87 1413//87
f 1410//87 1415//87 1383//87
f 1383//87 1415//87 1414//87
f 1383//87 1414//87 1422//87
f 1422//87 1414//87 1423//87
f 1422//87 1423//87 1424//87
f 1424//87 1423//87 1425//87
f 1424//87 1425//87 1426//87
f 1426//87 1425//87 1427//87
f 1426//87 1427//87 1428//87
f 1428//87 1427//87 1429//87
f 1428//87 1429//87 1430//87
f 1430//87 1429//87 1431//87
f 1430//87 1431//87 1432//87
f 1432//87 1431//87 1433//87
f 1432//87 1433//87 1434//87
f 1434//87 1433//87 1435//87
f 1434//87 1435//87 1436//87
f 1436//87 1435//87 1437//87
f 1436//87 1437//87 1438//87
f 1438//87 1437//87 1439//87
f 1438//87 1439//87 1440//87
f 1440//87 1439//87 1418//87
f 1440//87 1418//87 1441//87
f 1441//87 1418//87 1417//87
f 1442//87 1443//87 1444//87
f 1419//87 1445//87 1420//87
f 1420//87 1445//87 1442//87
f 1420//87 1442//87 1446//87
f 1446//87 1442//87 1444//87
f 1447//87 1448//87 1449//87
f 1450//87 1451//87 1452//87
f 1453//87 1454//87 1455//87
f 1450//87 1452//87 1456//87
f 1456//87 1452//87 1457//87
f 1456//87 1457//87 1458//87
f 1447//87 1449//87 1459//87
f 1460//87 1461//87 1462//87
f 1462//87 1461//87 1455//87
f 1462//87 1455//87 1463//87
f 1463//87 1455//87 1454//87
f 1464//87 1453//87 1465//87
f 1465//87 1453//87 1455//87
f 1465//87 1455//87 1466//87
f 1466//87 1455//87 1467//87
f 1460//87 1468//87 1461//87
f 1461//87 1468//87 1469//87
f 1461//87 1469//87 1470//87
f 1470//87 1469//87 1471//87
f 1470//87 1471//87 1472//87
f 1472//87 1471//87 1473//87
f 1472//87 1473//87 1474//87
f 1474//87 1473//87 1475//87
f 1474//87 1475//87 1449//87
f 1449//87 1475//87 1476//87
f 1449//87 1476//87 1459//87
f 1459//87 1476//87 1477//87
f 1477//87 1478//87 1459//87
f 1459//87 1478//87 1479//87
f 1459//87 1479//87 1480//87
f 1480//87 1479//87 1481//87
f 1480//87 1481//87 1482//87
f 1482//87 1481//87 1483//87
f 1482//87 1483//87 1484//87
f 1484//87 1483//87 1485//87
f 1484//87 1485//87 1486//87
f 1486//87 1485//87 1487//87
f 1486//87 1487//87 1488//87
f 1488//87 1487//87 1489//87
f 1488//87 1489//87 1490//87
f 1490//87 1489//87 1491//87
f 1490//87 1491//87 1492//87
f 1492//87 1491//87 1493//87
f 1492//87 1493//87 1494//87
f 1494//87 1493//87 1495//87
f 1494//87 1495//87 1476//87
f 1476//87 1495//87 1496//87
f 1476//87 1496//87 1477//87
f 1497//87 1498//87 1448//87
f 1448//87 1498//87 1499//87
f 1448//87 1499//87 1449//87
f 1449//87 1499//87 1500//87
f 1449//87 1500//87 1501//87
f 1501//87 1500//87 1502//87
f 1501//87 1502//87 1503//87
f 1503//87 1502//87 1504//87
f 1503//87 1504//87 1505//87
f 1505//87 1504//87 1506//87
f 1505//87 1506//87 1507//87
f 1507//87 1506//87 1508//87
f 1507//87 1508//87 1509//87
f 1509//87 1508//87 1510//87
f 1509//87 1510//87 1511//87
f 1511//87 1510//87 1512//87
f 1511//87 1512//87 1452//87
f 1452//87 1512//87 1513//87
f 1452//87 1513//87 1457//87
f 1457//87 1513//87 1514//87
f 1457//87 1514//87 1515//87
f 1515//87 1514//87 1497//87
f 1515//87 1497//87 1448//87
f 1516//678 1517//678 1518//678
f 1519//678 1520//678 1521//678
f 1522//678 1523//678 1524//678
f 1524//678 1523//678 1525//678
f 1526//678 1527//678 1528//678
f 1529//678 1530//678 1531//678
f 1531//678 1530//678 1524//678
f 1531//678 1524//678 1532//678
f 1532//678 1524//678 1525//678
f 1526//678 1528//678 1533//678
f 1528//678 1534//678 1533//678
f 1533//678 1534//678 1535//678
f 1533//678 1535//678 1536//678
f 1535//678 1537//678 1536//678
f 1536//678 1537//678 1538//678
f 1536//678 1538//678 1539//678
f 1539//678 1538//678 1516//678
f 1539//678 1516//678 1540//678
f 1540//678 1516//678 1518//678
f 1540//678 1518//678 1524//678
f 1524//678 1518//678 1541//678
f 1524//678 1541//678 1522//678
f 1542//678 1521//678 1543//678
f 1543//678 1521//678 1520//678
f 1543//678 1520//678 1544//678
f 1544//678 1520//678 1545//678
f 1544//678 1545//678 1546//678
f 1546//678 1545//678 1547//678
f 1546//678 1547//678 1548//678
f 1548//678 1547//678 1549//678
f 1548//678 1549//678 1550//678
f 1550//678 1549//678 1551//678
f 1550//678 1551//678 1552//678
f 1552//678 1551//678 1553//678
f 1552//678 1553//678 1554//678
f 1554//678 1553//678 1555//678
f 1554//678 1555//678 1534//678
f 1556//678 1557//678 1527//678
f 1527//678 1557//678 1558//678
f 1527//678 1558//678 1559//678
f 1559//678 1558//678 1560//678
f 1559//678 1560//678 1561//678
f 1561//678 1560//678 1562//678
f 1561//678 1562//678 1563//678
f 1563//678 1562//678 1564//678
f 1563//678 1564//678 1565//678
f 1565//678 1564//678 1566//678
f 1565//678 1566//678 1567//678
f 1567//678 1566//678 1568//678
f 1567//678 1568//678 1569//678
f 1569//678 1568//678 1570//678
f 1569//678 1570//678 1571//678
f 1571//678 1570//678 1572//678
f 1571//678 1572//678 1573//678
f 1573//678 1572//678 1574//678
f 1573//678 1574//678 1575//678
f 1575//678 1574//678 1576//678
f 1575//678 1576//678 1526//678
f 1526//678 1576//678 1556//678
f 1526//678 1556//678 1527//678
f 1555//678 1577//678 1534//678
f 1534//678 1577//678 1578//678
f 1534//678 1578//678 1535//678
f 1535//678 1578//678 1579//678
f 1535//678 1579//678 1521//678
f 1521//678 1579//678 1580//678
f 1521//678 1580//678 1519//678
f 1561//1158 1563//1158 1581//1158
f 1581//1159 1563//1159 1582//1159
f 1582//1160 1563//1160 1583//1160
f 1583//1161 1563//1161 1565//1161
f 1583//1162 1565//1162 1584//1162
f 1585//1163 1586//1163 1501//1163
f 1526//1164 1587//1164 1575//1164
f 1575//1165 1587//1165 1588//1165
f 1575//1166 1588//1166 1589//1166
f 1585//1167 1501//1167 1590//1167
f 1589//1168 1591//1168 1575//1168
f 1575//1169 1591//1169 1592//1169
f 1575//1170 1592//1170 1590//1170
f 1586//1171 1593//1171 1501//1171
f 1501//1172 1593//1172 1594//1172
f 1501//1173 1594//1173 1449//1173
f 1590//1167 1501//1167 1575//1167
f 1575//1174 1501//1174 1503//1174
f 1575//1174 1503//1174 1573//1174
f 1573//1175 1503//1175 1505//1175
f 1573//1175 1505//1175 1571//1175
f 1571//1176 1505//1176 1507//1176
f 1571//1176 1507//1176 1569//1176
f 1569//1177 1507//1177 1509//1177
f 1569//1177 1509//1177 1567//1177
f 1567//1178 1509//1178 1511//1178
f 1567//1178 1511//1178 1565//1178
f 1565//1179 1511//1179 1452//1179
f 1565//1180 1452//1180 1584//1180
f 1595//1181 1596//1181 1590//1181
f 1590//1181 1596//1181 1585//1181
f 1597//58 1598//58 1599//58
f 1600//58 1601//58 1602//58
f 1602//58 1601//58 1603//58
f 1602//58 1603//58 1599//58
f 1599//58 1603//58 1604//58
f 1599//58 1604//58 1597//58
f 1604//1182 1603//1182 1605//1182
f 1605//1182 1603//1182 1606//1182
f 1605//1183 1606//1183 1607//1183
f 1607//1183 1606//1183 1608//1183
f 1607//1184 1608//1184 1609//1184
f 1609//1184 1608//1184 1610//1184
f 1609//1185 1610//1185 1611//1185
f 1611//1185 1610//1185 1612//1185
f 1611//1186 1612//1186 1613//1186
f 1613//1186 1612//1186 1614//1186
f 1613//1187 1614//1187 1615//1187
f 1615//1187 1614//1187 1616//1187
f 1615//1188 1616//1188 1617//1188
f 1617//1188 1616//1188 1618//1188
f 1617//1189 1618//1189 1619//1189
f 1619//1189 1618//1189 1620//1189
f 1619//1190 1620//1190 1621//1190
f 1621//1190 1620//1190 1622//1190
f 1621//1191 1622//1191 1623//1191
f 1623//1191 1622//1191 1624//1191
f 1623//1192 1624//1192 1625//1192
f 1625//1192 1624//1192 1626//1192
f 1625//1193 1626//1193 1627//1193
f 1627//1193 1626//1193 1628//1193
f 1627//1194 1628//1194 1629//1194
f 1629//1195 1628//1195 1630//1195
f 1629//1196 1630//1196 1631//1196
f 1631//1196 1630//1196 1632//1196
f 1631//1197 1632//1197 1633//1197
f 1633//1198 1632//1198 1634//1198
f 1633//1199 1634//1199 1635//1199
f 1635//1200 1634//1200 1636//1200
f 1635//1201 1636//1201 1637//1201
f 1637//1201 1636//1201 1638//1201
f 1637//1202 1638//1202 1639//1202
f 1639//1202 1638//1202 1640//1202
f 1639//1203 1640//1203 1641//1203
f 1641//1203 1640//1203 1642//1203
f 1641//1204 1642//1204 1643//1204
f 1643//1204 1642//1204 1644//1204
f 1643//1205 1644//1205 1645//1205
f 1645//1205 1644//1205 1646//1205
f 1645//1206 1646//1206 1647//1206
f 1647//1207 1646//1207 1648//1207
f 1649//59 1650//59 1651//59
f 1652//59 1653//59 1654//59
f 1654//59 1653//59 1647//59
f 1654//59 1647//59 1651//59
f 1651//59 1647//59 1648//59
f 1651//59 1648//59 1649//59
f 1655//1208 1656//1208 1657//1208
f 1657//1208 1656//1208 1658//1208
f 1659//1209 1482//1209 1484//1209
f 1658//1210 1660//1210 1542//1210
f 1494//1211 1476//1211 1661//1211
f 1661//1212 1662//1212 1494//1212
f 1494//1213 1662//1213 1663//1213
f 1494//1214 1663//1214 1657//1214
f 1660//1215 1664//1215 1542//1215
f 1542//1216 1664//1216 1665//1216
f 1542//1217 1665//1217 1521//1217
f 1659//1218 1484//1218 1666//1218
f 1667//1219 1668//1219 1548//1219
f 1668//1220 1669//1220 1486//1220
f 1486//1221 1669//1221 1670//1221
f 1486//1222 1670//1222 1484//1222
f 1484//1223 1670//1223 1671//1223
f 1484//1224 1671//1224 1666//1224
f 1550//1225 1552//1225 1672//1225
f 1672//1226 1673//1226 1550//1226
f 1550//1227 1673//1227 1674//1227
f 1550//1228 1674//1228 1548//1228
f 1548//1229 1674//1229 1675//1229
f 1548//1230 1675//1230 1667//1230
f 1668//1231 1486//1231 1548//1231
f 1548//1232 1486//1232 1488//1232
f 1548//1232 1488//1232 1546//1232
f 1546//1233 1488//1233 1490//1233
f 1546//1233 1490//1233 1544//1233
f 1544//1234 1490//1234 1492//1234
f 1544//1234 1492//1234 1543//1234
f 1543//1235 1492//1235 1494//1235
f 1543//1235 1494//1235 1542//1235
f 1542//1236 1494//1236 1657//1236
f 1542//1236 1657//1236 1658//1236
f 1676//1237 1677//1237 1678//1237
f 1678//1238 1677//1238 1679//1238
f 1321//1239 1322//1239 1680//1239
f 1680//1240 1681//1240 1321//1240
f 1321//1241 1681//1241 1682//1241
f 1321//1242 1682//1242 1683//1242
f 1683//1243 1684//1243 1685//1243
f 1684//1244 1686//1244 1685//1244
f 1685//1245 1686//1245 1687//1245
f 1685//1246 1687//1246 1677//1246
f 1677//1247 1687//1247 1688//1247
f 1677//1248 1688//1248 1679//1248
f 1320//1249 1689//1249 1322//1249
f 1322//1250 1689//1250 1690//1250
f 1322//1251 1690//1251 1680//1251
f 1319//1252 1355//1252 1691//1252
f 1691//1253 1355//1253 1692//1253
f 1693//1254 1694//1254 1357//1254
f 1694//1255 1695//1255 1357//1255
f 1357//1256 1695//1256 1696//1256
f 1357//1257 1696//1257 1355//1257
f 1355//1258 1696//1258 1697//1258
f 1355//1259 1697//1259 1692//1259
f 1698//1260 1699//1260 1700//1260
f 1700//1261 1699//1261 1701//1261
f 1700//1262 1701//1262 1702//1262
f 1702//1263 1701//1263 1703//1263
f 1704//1264 1705//1264 1706//1264
f 1706//1265 1705//1265 1707//1265
f 1707//1266 1708//1266 1706//1266
f 1706//1267 1708//1267 1709//1267
f 1706//1268 1709//1268 1710//1268
f 1711//1269 1712//1269 1363//1269
f 1363//1270 1712//1270 1713//1270
f 1363//1271 1713//1271 1361//1271
f 1361//1272 1713//1272 1714//1272
f 1361//1273 1714//1273 1359//1273
f 1714//1274 1715//1274 1359//1274
f 1359//1275 1715//1275 1716//1275
f 1359//1276 1716//1276 1357//1276
f 1357//1277 1716//1277 1717//1277
f 1357//1278 1717//1278 1718//1278
f 1698//1279 1693//1279 1699//1279
f 1699//1254 1693//1254 1357//1254
f 1699//1280 1357//1280 1719//1280
f 1719//1281 1357//1281 1718//1281
f 1719//1282 1720//1282 1699//1282
f 1699//1283 1720//1283 1721//1283
f 1699//1284 1721//1284 1722//1284
f 1722//1285 1721//1285 1723//1285
f 1722//1273 1723//1273 1704//1273
f 1704//1286 1723//1286 1724//1286
f 1704//1287 1724//1287 1705//1287
f 1683//1243 1685//1243 1321//1243
f 1321//1288 1685//1288 1725//1288
f 1321//1288 1725//1288 1369//1288
f 1369//1289 1725//1289 1726//1289
f 1369//1289 1726//1289 1367//1289
f 1367//1290 1726//1290 1727//1290
f 1367//1290 1727//1290 1365//1290
f 1365//1291 1727//1291 1706//1291
f 1365//1291 1706//1291 1363//1291
f 1363//1292 1706//1292 1710//1292
f 1363//1293 1710//1293 1711//1293
f 1728//1294 1729//1294 1683//1294
f 1683//1294 1729//1294 1684//1294
f 1730//1295 1318//1295 1377//1295
f 1731//1296 1732//1296 1733//1296
f 1731//1297 1733//1297 1734//1297
f 1347//1298 1735//1298 1736//1298
f 1736//1299 1737//1299 1738//1299
f 1737//1300 1739//1300 1738//1300
f 1738//1301 1739//1301 1740//1301
f 1738//1302 1740//1302 1733//1302
f 1733//1303 1740//1303 1741//1303
f 1733//1304 1741//1304 1734//1304
f 1345//1305 1343//1305 1742//1305
f 1742//1306 1743//1306 1345//1306
f 1345//1307 1743//1307 1744//1307
f 1345//1308 1744//1308 1347//1308
f 1347//1309 1744//1309 1745//1309
f 1347//1310 1745//1310 1735//1310
f 1730//1311 1377//1311 1746//1311
f 1747//1312 1748//1312 1749//1312
f 1749//1313 1750//1313 1747//1313
f 1747//1314 1750//1314 1751//1314
f 1747//1315 1751//1315 1729//1315
f 1728//1316 1752//1316 1375//1316
f 1375//1317 1752//1317 1753//1317
f 1375//1318 1753//1318 1377//1318
f 1377//1319 1753//1319 1754//1319
f 1377//1320 1754//1320 1746//1320
f 1755//1321 1756//1321 1748//1321
f 1748//1322 1756//1322 1757//1322
f 1748//1323 1757//1323 1749//1323
f 1736//1299 1738//1299 1347//1299
f 1347//1324 1738//1324 1758//1324
f 1347//1324 1758//1324 1349//1324
f 1349//1325 1758//1325 1759//1325
f 1349//1325 1759//1325 1374//1325
f 1374//1326 1759//1326 1747//1326
f 1374//1326 1747//1326 1375//1326
f 1375//1327 1747//1327 1729//1327
f 1375//1327 1729//1327 1728//1327
f 1760//1328 1761//1328 1736//1328
f 1736//1328 1761//1328 1737//1328
f 1762//1329 1763//1329 1764//1329
f 1765//1330 1387//1330 1391//1330
f 1765//1331 1391//1331 1766//1331
f 1767//1332 1768//1332 1393//1332
f 1769//1333 1770//1333 1767//1333
f 1768//1334 1771//1334 1393//1334
f 1393//1335 1771//1335 1772//1335
f 1393//1336 1772//1336 1391//1336
f 1391//1337 1772//1337 1773//1337
f 1391//1338 1773//1338 1766//1338
f 1774//1339 1775//1339 1776//1339
f 1776//1340 1777//1340 1774//1340
f 1774//1341 1777//1341 1778//1341
f 1774//1342 1778//1342 1769//1342
f 1769//1343 1778//1343 1779//1343
f 1769//1344 1779//1344 1770//1344
f 1762//1345 1764//1345 1780//1345
f 1396//1346 1781//1346 1761//1346
f 1760//1347 1782//1347 1783//1347
f 1783//1348 1782//1348 1784//1348
f 1783//1349 1784//1349 1764//1349
f 1764//1350 1784//1350 1785//1350
f 1764//1351 1785//1351 1780//1351
f 1395//1352 1381//1352 1786//1352
f 1786//1353 1787//1353 1395//1353
f 1395//1354 1787//1354 1788//1354
f 1395//1355 1788//1355 1396//1355
f 1396//1356 1788//1356 1789//1356
f 1396//1357 1789//1357 1781//1357
f 1767//1332 1393//1332 1769//1332
f 1769//1358 1393//1358 1409//1358
f 1769//1358 1409//1358 1790//1358
f 1790//1359 1409//1359 1408//1359
f 1790//1359 1408//1359 1791//1359
f 1791//1360 1408//1360 1406//1360
f 1791//1360 1406//1360 1792//1360
f 1792//1361 1406//1361 1404//1361
f 1792//1361 1404//1361 1793//1361
f 1793//1362 1404//1362 1402//1362
f 1793//1362 1402//1362 1794//1362
f 1794//1363 1402//1363 1400//1363
f 1794//1363 1400//1363 1795//1363
f 1795//1364 1400//1364 1398//1364
f 1795//1364 1398//1364 1796//1364
f 1796//1365 1398//1365 1396//1365
f 1796//1365 1396//1365 1783//1365
f 1783//1366 1396//1366 1761//1366
f 1783//1366 1761//1366 1760//1366
f 1797//58 1768//58 1798//58
f 1798//58 1768//58 1767//58
f 1799//55 1800//55 1801//55
f 1801//55 1800//55 1802//55
f 240//58 1803//58 1804//58
f 1800//58 1799//58 252//58
f 1804//58 1803//58 1805//58
f 1805//58 1803//58 242//58
f 1805//58 242//58 1806//58
f 1806//58 242//58 241//58
f 1806//58 241//58 1807//58
f 1807//58 241//58 1808//58
f 1808//58 241//58 248//58
f 1808//58 248//58 1809//58
f 1809//58 248//58 250//58
f 1809//58 250//58 1810//58
f 252//58 1799//58 250//58
f 250//58 1799//58 1811//58
f 250//58 1811//58 1810//58
f 252//58 308//58 1800//58
f 1800//58 308//58 309//58
f 1800//58 309//58 1812//58
f 1812//58 309//58 287//58
f 1812//58 287//58 1813//58
f 1813//58 287//58 1443//58
f 1443//58 287//58 285//58
f 1443//58 285//58 1444//58
f 1444//58 285//58 284//58
f 1444//58 284//58 1814//58
f 240//58 1804//58 284//58
f 284//58 1804//58 1815//58
f 284//58 1815//58 1814//58
f 1816//57 1817//57 1805//57
f 1805//57 1817//57 1804//57
f 1818//58 1819//58 1820//58
f 1820//58 1819//58 1821//58
f 1822//1367 1823//1367 1824//1367
f 1825//1368 1430//1368 1432//1368
f 1825//1369 1432//1369 1826//1369
f 1827//1370 1828//1370 1434//1370
f 1828//1371 1829//1371 1434//1371
f 1434//1372 1829//1372 1830//1372
f 1434//1373 1830//1373 1432//1373
f 1432//1374 1830//1374 1831//1374
f 1432//1375 1831//1375 1826//1375
f 1832//1376 1833//1376 1834//1376
f 1834//1377 1833//1377 1835//1377
f 1834//1378 1835//1378 1836//1378
f 1836//1379 1835//1379 1837//1379
f 1836//1380 1837//1380 1827//1380
f 1822//1381 1824//1381 1838//1381
f 1441//1382 1839//1382 1821//1382
f 1819//1383 1840//1383 1841//1383
f 1841//1384 1840//1384 1842//1384
f 1841//1385 1842//1385 1824//1385
f 1824//1386 1842//1386 1843//1386
f 1824//1387 1843//1387 1838//1387
f 1417//1388 1415//1388 1844//1388
f 1844//1389 1845//1389 1417//1389
f 1417//1390 1845//1390 1846//1390
f 1417//1391 1846//1391 1441//1391
f 1441//1392 1846//1392 1847//1392
f 1441//1393 1847//1393 1839//1393
f 1827//1370 1434//1370 1836//1370
f 1836//1394 1434//1394 1436//1394
f 1836//1394 1436//1394 1848//1394
f 1848//1395 1436//1395 1438//1395
f 1848//1395 1438//1395 1849//1395
f 1849//1396 1438//1396 1440//1396
f 1849//1396 1440//1396 1850//1396
f 1850//1397 1440//1397 1441//1397
f 1850//1397 1441//1397 1841//1397
f 1841//1398 1441//1398 1821//1398
f 1841//1398 1821//1398 1819//1398
f 1851//1399 1852//1399 1827//1399
f 1827//1399 1852//1399 1828//1399
f 1853//1400 1307//1400 1334//1400
f 1854//1401 1855//1401 1856//1401
f 1857//1402 1450//1402 1456//1402
f 1858//1403 1859//1403 1860//1403
f 1458//1404 1861//1404 1862//1404
f 1862//1401 1861//1401 1863//1401
f 1863//1401 1864//1401 1862//1401
f 1862//1405 1864//1405 1865//1405
f 1862//1406 1865//1406 1860//1406
f 1860//1407 1865//1407 1866//1407
f 1860//1408 1866//1408 1858//1408
f 1458//1409 1862//1409 1456//1409
f 1456//1410 1862//1410 1867//1410
f 1456//1402 1867//1402 1857//1402
f 1332//1411 1330//1411 1868//1411
f 1450//1412 1857//1412 1451//1412
f 1451//1413 1857//1413 1869//1413
f 1451//1414 1869//1414 1870//1414
f 1328//1415 1871//1415 1330//1415
f 1330//1416 1871//1416 1872//1416
f 1330//1417 1872//1417 1868//1417
f 1324//1418 1873//1418 1326//1418
f 1326//1419 1873//1419 1874//1419
f 1326//1420 1874//1420 1875//1420
f 1875//1421 1854//1421 1326//1421
f 1326//1401 1854//1401 1856//1401
f 1326//1410 1856//1410 1328//1410
f 1328//1422 1856//1422 1876//1422
f 1328//1423 1876//1423 1871//1423
f 1317//1424 1877//1424 1324//1424
f 1324//1425 1877//1425 1878//1425
f 1324//1426 1878//1426 1873//1426
f 1879//1427 1852//1427 1869//1427
f 1869//1428 1852//1428 1332//1428
f 1869//1414 1332//1414 1870//1414
f 1870//1429 1332//1429 1868//1429
f 1852//1428 1851//1428 1332//1428
f 1332//1430 1851//1430 1880//1430
f 1332//1431 1880//1431 1334//1431
f 1334//1432 1880//1432 1881//1432
f 1334//1433 1881//1433 1853//1433
f 1882//1434 1883//1434 1884//1434
f 1884//1435 1885//1435 1882//1435
f 1882//1436 1885//1436 1886//1436
f 1882//1437 1886//1437 1869//1437
f 1869//1438 1886//1438 1887//1438
f 1869//1439 1887//1439 1879//1439
f 1584//1440 1452//1440 1870//1440
f 1870//1440 1452//1440 1451//1440
f 1693//192 1864//192 1863//192
f 1855//192 1854//192 1888//192
f 1888//192 1854//192 1694//192
f 1888//192 1694//192 1889//192
f 1889//192 1694//192 1693//192
f 1889//192 1693//192 1890//192
f 1890//192 1693//192 1863//192
f 1457//1441 1515//1441 1891//1441
f 1891//1442 1515//1442 1892//1442
f 1892//1443 1515//1443 1893//1443
f 1893//1444 1515//1444 1448//1444
f 1893//1445 1448//1445 1894//1445
f 1561//1446 1895//1446 1559//1446
f 1559//1447 1895//1447 1896//1447
f 1559//1448 1896//1448 1527//1448
f 1527//1449 1896//1449 1897//1449
f 1527//1450 1897//1450 1894//1450
f 1894//1451 1448//1451 1527//1451
f 1527//1452 1448//1452 1447//1452
f 1527//1452 1447//1452 1528//1452
f 1447//319 1459//319 1528//319
f 1528//319 1459//319 1534//319
f 1898//1453 1552//1453 1554//1453
f 1459//1454 1899//1454 1534//1454
f 1534//1455 1899//1455 1900//1455
f 1534//1456 1900//1456 1554//1456
f 1554//1457 1900//1457 1901//1457
f 1554//1458 1901//1458 1898//1458
f 1482//1459 1902//1459 1480//1459
f 1480//1460 1902//1460 1903//1460
f 1480//1461 1903//1461 1459//1461
f 1459//1462 1903//1462 1904//1462
f 1459//1463 1904//1463 1899//1463
f 1502//318 1576//318 1504//318
f 1504//318 1576//318 1574//318
f 1504//319 1574//319 1506//319
f 1506//319 1574//319 1572//319
f 1506//320 1572//320 1508//320
f 1508//320 1572//320 1570//320
f 1508//293 1570//293 1510//293
f 1510//293 1570//293 1568//293
f 1510//294 1568//294 1512//294
f 1512//294 1568//294 1566//294
f 1512//295 1566//295 1513//295
f 1513//295 1566//295 1564//295
f 1513//193 1564//193 1514//193
f 1514//193 1564//193 1562//193
f 1514//192 1562//192 1497//192
f 1497//192 1562//192 1560//192
f 1497//191 1560//191 1498//191
f 1498//191 1560//191 1558//191
f 1498//453 1558//453 1499//453
f 1499//453 1558//453 1557//453
f 1499//452 1557//452 1500//452
f 1500//452 1557//452 1556//452
f 1500//451 1556//451 1502//451
f 1502//451 1556//451 1576//451
f 1493//1464 1520//1464 1495//1464
f 1495//1464 1520//1464 1519//1464
f 1495//319 1519//319 1496//319
f 1496//319 1519//319 1580//319
f 1496//320 1580//320 1477//320
f 1477//320 1580//320 1579//320
f 1477//293 1579//293 1478//293
f 1478//293 1579//293 1578//293
f 1478//294 1578//294 1479//294
f 1479//294 1578//294 1577//294
f 1479//295 1577//295 1481//295
f 1481//295 1577//295 1555//295
f 1481//193 1555//193 1483//193
f 1483//193 1555//193 1553//193
f 1483//192 1553//192 1485//192
f 1485//192 1553//192 1551//192
f 1485//191 1551//191 1487//191
f 1487//191 1551//191 1549//191
f 1487//453 1549//453 1489//453
f 1489//453 1549//453 1547//453
f 1489//452 1547//452 1491//452
f 1491//452 1547//452 1545//452
f 1491//1465 1545//1465 1493//1465
f 1493//1465 1545//1465 1520//1465
f 1905//678 1906//678 1907//678
f 1908//678 1909//678 1910//678
f 1911//678 1912//678 1910//678
f 1910//678 1912//678 1913//678
f 1914//678 1915//678 1774//678
f 1774//678 1915//678 1775//678
f 1908//678 1910//678 1916//678
f 1916//678 1910//678 1905//678
f 1916//678 1905//678 1823//678
f 1823//678 1905//678 1907//678
f 1823//678 1907//678 1917//678
f 1915//678 1911//678 1775//678
f 1775//678 1911//678 1910//678
f 1775//678 1910//678 1918//678
f 1918//678 1910//678 1909//678
f 1763//678 1910//678 1764//678
f 1764//678 1910//678 1913//678
f 1764//678 1913//678 1783//678
f 1783//678 1913//678 1919//678
f 1783//678 1919//678 1796//678
f 1796//678 1919//678 1920//678
f 1796//678 1920//678 1795//678
f 1795//678 1920//678 1921//678
f 1795//678 1921//678 1794//678
f 1794//678 1921//678 1922//678
f 1794//678 1922//678 1793//678
f 1793//678 1922//678 1923//678
f 1793//678 1923//678 1792//678
f 1792//678 1923//678 1924//678
f 1792//678 1924//678 1791//678
f 1791//678 1924//678 1925//678
f 1791//678 1925//678 1790//678
f 1790//678 1925//678 1914//678
f 1790//678 1914//678 1769//678
f 1769//678 1914//678 1774//678
f 1917//678 1907//678 1926//678
f 1926//678 1907//678 1927//678
f 1926//678 1927//678 1928//678
f 1928//678 1927//678 1929//678
f 1928//678 1929//678 1930//678
f 1930//678 1929//678 1832//678
f 1930//678 1832//678 1931//678
f 1931//678 1832//678 1834//678
f 1931//678 1834//678 1932//678
f 1932//678 1834//678 1836//678
f 1932//678 1836//678 1933//678
f 1933//678 1836//678 1848//678
f 1933//678 1848//678 1934//678
f 1934//678 1848//678 1849//678
f 1934//678 1849//678 1935//678
f 1936//678 1808//678 1809//678
f 1917//678 1937//678 1823//678
f 1823//678 1937//678 1938//678
f 1823//678 1938//678 1824//678
f 1824//678 1938//678 1939//678
f 1824//678 1939//678 1841//678
f 1841//678 1939//678 1935//678
f 1841//678 1935//678 1850//678
f 1850//678 1935//678 1849//678
f 1809//678 1940//678 1936//678
f 1936//678 1940//678 1941//678
f 1936//678 1941//678 1942//678
f 1942//678 1941//678 1943//678
f 1942//678 1943//678 1909//678
f 1909//678 1943//678 1944//678
f 1909//678 1944//678 1918//678
f 1945//58 1946//58 1947//58
f 1945//58 1947//58 1948//58
f 1948//58 1947//58 1949//58
f 1948//58 1949//58 1950//58
f 1951//1466 1952//1466 1953//1466
f 1953//1467 1952//1467 1954//1467
f 1304//1468 1303//1468 1955//1468
f 1955//1469 1956//1469 1304//1469
f 1304//1470 1956//1470 1957//1470
f 1304//1471 1957//1471 1949//1471
f 1949//1472 1947//1472 1958//1472
f 1947//1473 1959//1473 1958//1473
f 1958//1474 1959//1474 1960//1474
f 1958//1475 1960//1475 1952//1475
f 1952//1476 1960//1476 1961//1476
f 1952//1477 1961//1477 1954//1477
f 1312//1478 1962//1478 1303//1478
f 1303//1479 1962//1479 1963//1479
f 1303//1480 1963//1480 1955//1480
f 1343//1481 1341//1481 1964//1481
f 1964//1482 1341//1482 1965//1482
f 1966//1483 1967//1483 1968//1483
f 1968//1484 1969//1484 1966//1484
f 1966//1485 1969//1485 1970//1485
f 1966//1486 1970//1486 1971//1486
f 1965//1487 1341//1487 1972//1487
f 1972//1488 1341//1488 1305//1488
f 1972//1489 1305//1489 1973//1489
f 1732//1490 1974//1490 1967//1490
f 1967//1491 1974//1491 1975//1491
f 1967//1492 1975//1492 1968//1492
f 1949//1472 1958//1472 1304//1472
f 1304//1493 1958//1493 1966//1493
f 1304//1493 1966//1493 1305//1493
f 1305//1494 1966//1494 1971//1494
f 1305//1494 1971//1494 1973//1494
f 1973//1399 1971//1399 1976//1399
f 1976//1399 1971//1399 1977//1399
f 1978//59 1979//59 1980//59
f 1981//59 1982//59 1983//59
f 1983//59 1984//59 1981//59
f 1981//59 1984//59 1976//59
f 1981//59 1976//59 1980//59
f 1980//59 1976//59 1977//59
f 1980//59 1977//59 1978//59
f 1985//1495 1383//1495 1422//1495
f 1985//1496 1422//1496 1986//1496
f 1981//1497 1980//1497 1424//1497
f 1424//1498 1980//1498 1987//1498
f 1424//1499 1987//1499 1422//1499
f 1422//1500 1987//1500 1988//1500
f 1422//1501 1988//1501 1986//1501
f 1905//1502 1989//1502 1906//1502
f 1906//1503 1989//1503 1990//1503
f 1990//1504 1991//1504 1906//1504
f 1906//1505 1991//1505 1981//1505
f 1906//1506 1981//1506 1907//1506
f 1992//1507 1993//1507 1929//1507
f 1929//1508 1993//1508 1994//1508
f 1929//1509 1994//1509 1832//1509
f 1995//1510 1996//1510 1426//1510
f 1426//1511 1996//1511 1997//1511
f 1992//1512 1929//1512 1998//1512
f 1998//1513 1929//1513 1927//1513
f 1998//1514 1927//1514 1999//1514
f 1428//1515 1430//1515 2000//1515
f 2000//1516 2001//1516 1428//1516
f 1428//1517 2001//1517 2002//1517
f 1428//1518 2002//1518 1426//1518
f 1426//1519 2002//1519 2003//1519
f 1426//1520 2003//1520 1995//1520
f 1981//1497 1424//1497 1907//1497
f 1907//1521 1424//1521 1426//1521
f 1907//1521 1426//1521 1927//1521
f 1927//1511 1426//1511 1997//1511
f 1927//1522 1997//1522 1999//1522
f 1997//1328 1996//1328 1948//1328
f 1948//1328 1996//1328 1945//1328
f 1390//318 1911//318 1392//318
f 1392//318 1911//318 1915//318
f 1392//319 1915//319 1394//319
f 1394//319 1915//319 1914//319
f 1394//320 1914//320 1407//320
f 1407//320 1914//320 1925//320
f 1407//293 1925//293 1405//293
f 1405//293 1925//293 1924//293
f 1405//294 1924//294 1403//294
f 1403//294 1924//294 1923//294
f 1403//295 1923//295 1401//295
f 1401//295 1923//295 1922//295
f 1401//193 1922//193 1399//193
f 1399//193 1922//193 1921//193
f 1399//192 1921//192 1397//192
f 1397//192 1921//192 1920//192
f 1397//191 1920//191 1379//191
f 1379//191 1920//191 1919//191
f 1379//453 1919//453 1388//453
f 1388//453 1919//453 1913//453
f 1388//452 1913//452 1389//452
f 1389//452 1913//452 1912//452
f 1389//451 1912//451 1390//451
f 1390//451 1912//451 1911//451
f 1433//318 1931//318 1435//318
f 1435//318 1931//318 1932//318
f 1435//319 1932//319 1437//319
f 1437//319 1932//319 1933//319
f 1437//320 1933//320 1439//320
f 1439//320 1933//320 1934//320
f 1439//293 1934//293 1418//293
f 1418//293 1934//293 1935//293
f 1418//294 1935//294 1416//294
f 1416//294 1935//294 1939//294
f 1416//295 1939//295 1414//295
f 1414//295 1939//295 1938//295
f 1414//193 1938//193 1423//193
f 1423//193 1938//193 1937//193
f 1423//192 1937//192 1425//192
f 1425//192 1937//192 1917//192
f 1425//191 1917//191 1427//191
f 1427//191 1917//191 1926//191
f 1427//453 1926//453 1429//453
f 1429//453 1926//453 1928//453
f 1429//452 1928//452 1431//452
f 1431//452 1928//452 1930//452
f 1431//451 1930//451 1433//451
f 1433//451 1930//451 1931//451
f 2004//318 1314//318 2005//318
f 2005//318 1314//318 1313//318
f 2005//319 1313//319 2006//319
f 2006//319 1313//319 1311//319
f 2006//320 1311//320 2007//320
f 2007//320 1311//320 1310//320
f 2007//293 1310//293 2008//293
f 2008//293 1310//293 1340//293
f 2008//294 1340//294 2009//294
f 2009//294 1340//294 1342//294
f 2009//295 1342//295 2010//295
f 2010//295 1342//295 1344//295
f 2010//193 1344//193 2011//193
f 2011//193 1344//193 1346//193
f 2011//192 1346//192 2012//192
f 2012//192 1346//192 1348//192
f 2012//191 1348//191 2013//191
f 2013//191 1348//191 1350//191
f 2013//453 1350//453 2014//453
f 2014//453 1350//453 1376//453
f 2014//452 1376//452 2015//452
f 2015//452 1376//452 1378//452
f 2015//451 1378//451 2004//451
f 2004//451 1378//451 1314//451
f 2016//1464 1362//1464 2017//1464
f 2017//1464 1362//1464 1360//1464
f 2017//319 1360//319 2018//319
f 2018//319 1360//319 1358//319
f 2018//320 1358//320 2019//320
f 2019//320 1358//320 1356//320
f 2019//293 1356//293 2020//293
f 2020//293 1356//293 1354//293
f 2020//294 1354//294 2021//294
f 2021//294 1354//294 1373//294
f 2021//295 1373//295 2022//295
f 2022//295 1373//295 1372//295
f 2022//193 1372//193 2023//193
f 2023//193 1372//193 1371//193
f 2023//192 1371//192 2024//192
f 2024//192 1371//192 1370//192
f 2024//191 1370//191 2025//191
f 2025//191 1370//191 1368//191
f 2025//453 1368//453 2026//453
f 2026//453 1368//453 1366//453
f 2026//452 1366//452 2027//452
f 2027//452 1366//452 1364//452
f 2027//1465 1364//1465 2016//1465
f 2016//1465 1364//1465 1362//1465
f 2028//318 1325//318 2029//318
f 2029//318 1325//318 1327//318
f 2029//319 1327//319 2030//319
f 2030//319 1327//319 1329//319
f 2030//320 1329//320 2031//320
f 2031//320 1329//320 1331//320
f 2031//293 1331//293 2032//293
f 2032//293 1331//293 1333//293
f 2032//294 1333//294 2033//294
f 2033//294 1333//294 1335//294
f 2033//295 1335//295 2034//295
f 2034//1523 1335//1523 1336//1523
f 2034//1524 1336//1524 2035//1524
f 2035//193 1336//193 1337//193
f 2035//192 1337//192 2036//192
f 2036//192 1337//192 1338//192
f 2036//191 1338//191 2037//191
f 2037//191 1338//191 1316//191
f 2037//453 1316//453 2038//453
f 2038//453 1316//453 1315//453
f 2038//452 1315//452 2039//452
f 2039//452 1315//452 1323//452
f 2039//451 1323//451 2028//451
f 2028//451 1323//451 1325//451
f 2040//87 2041//87 2034//87
f 2030//87 2031//87 1883//87
f 1883//87 2031//87 2032//87
f 1883//87 2032//87 2033//87
f 2040//87 2034//87 2042//87
f 1882//87 1869//87 1857//87
f 2043//87 1883//87 2044//87
f 2044//87 1883//87 2033//87
f 2044//87 2033//87 2045//87
f 2045//87 2033//87 2034//87
f 2045//87 2034//87 2046//87
f 2046//87 2034//87 2041//87
f 2022//87 2006//87 1951//87
f 2022//87 1951//87 2021//87
f 1703//87 2018//87 2019//87
f 2015//87 2004//87 1755//87
f 1755//87 2004//87 2005//87
f 1755//87 2005//87 1676//87
f 2015//87 1755//87 2014//87
f 2014//87 1755//87 1748//87
f 2014//87 1748//87 2013//87
f 2005//87 2006//87 1676//87
f 1676//87 2006//87 2022//87
f 1676//87 2022//87 1677//87
f 1952//87 1951//87 1958//87
f 1958//87 1951//87 2006//87
f 1958//87 2006//87 1966//87
f 1966//87 2006//87 2007//87
f 1966//87 2007//87 1967//87
f 1967//87 2007//87 2008//87
f 1967//87 2008//87 1732//87
f 1732//87 2008//87 2009//87
f 1732//87 2009//87 1733//87
f 1733//87 2009//87 2010//87
f 1733//87 2010//87 1738//87
f 1738//87 2010//87 2011//87
f 1738//87 2011//87 1758//87
f 1758//87 2011//87 2012//87
f 1758//87 2012//87 1759//87
f 1759//87 2012//87 2013//87
f 1759//87 2013//87 1747//87
f 1747//87 2013//87 1748//87
f 2042//87 2034//87 1951//87
f 1951//87 2034//87 2035//87
f 1951//87 2035//87 2036//87
f 2039//87 1859//87 2038//87
f 2038//87 1859//87 2037//87
f 2019//87 2020//87 1703//87
f 1703//87 2020//87 2021//87
f 1703//87 2021//87 1859//87
f 1859//87 2021//87 1951//87
f 1859//87 1951//87 2037//87
f 2037//87 1951//87 2036//87
f 1883//87 1882//87 2030//87
f 2030//87 1882//87 1857//87
f 2030//87 1857//87 2029//87
f 2029//87 1857//87 1867//87
f 2029//87 1867//87 2028//87
f 2028//87 1867//87 1862//87
f 2028//87 1862//87 2039//87
f 2039//87 1862//87 1860//87
f 2039//87 1860//87 1859//87
f 1677//87 2022//87 1685//87
f 1685//87 2022//87 2023//87
f 1685//87 2023//87 1725//87
f 1725//87 2023//87 2024//87
f 1725//87 2024//87 1726//87
f 1726//87 2024//87 2025//87
f 1726//87 2025//87 1727//87
f 1727//87 2025//87 2026//87
f 1727//87 2026//87 1706//87
f 1706//87 2026//87 2027//87
f 1706//87 2027//87 1704//87
f 1704//87 2027//87 2016//87
f 1704//87 2016//87 1722//87
f 2016//87 2017//87 1722//87
f 1722//87 2017//87 2018//87
f 1722//87 2018//87 1699//87
f 1699//87 2018//87 1703//87
f 1699//87 1703//87 1701//87
f 308//1157 2047//1157 309//1157
f 309//1156 2047//1156 2048//1156
f 309//1156 2048//1156 287//1156
f 287//1155 2048//1155 2049//1155
f 287//1155 2049//1155 285//1155
f 285//1154 2049//1154 2050//1154
f 285//1154 2050//1154 284//1154
f 284//1153 2050//1153 2051//1153
f 284//1153 2051//1153 240//1153
f 240//1152 2051//1152 2052//1152
f 240//1152 2052//1152 1803//1152
f 1803//1151 2052//1151 2053//1151
f 1803//1151 2053//1151 242//1151
f 242//1150 2053//1150 2054//1150
f 242//1150 2054//1150 241//1150
f 241//1149 2054//1149 2055//1149
f 241//1149 2055//1149 248//1149
f 248//1148 2055//1148 2056//1148
f 248//1148 2056//1148 250//1148
f 250//1147 2056//1147 2057//1147
f 250//1147 2057//1147 252//1147
f 252//127 2057//127 2058//127
f 252//127 2058//127 308//127
f 308//1157 2058//1157 2047//1157
f 2054//58 2053//58 2059//58
f 2059//58 2053//58 2052//58
f 2059//58 2052//58 2051//58
f 2057//58 2056//58 2059//58
f 2059//58 2056//58 2055//58
f 2059//58 2055//58 2054//58
f 2048//58 2047//58 2059//58
f 2059//58 2047//58 2058//58
f 2059//58 2058//58 2057//58
f 2051//58 2050//58 2059//58
f 2059//58 2050//58 2049//58
f 2059//58 2049//58 2048//58
f 1458//1525 1457//1525 1891//1525
f 1458//1526 1891//1526 1861//1526
f 1861//1527 1891//1527 1892//1527
f 1861//1528 1892//1528 1863//1528
f 1863//1529 1892//1529 1893//1529
f 1863//1530 1893//1530 1890//1530
f 1890//1531 1893//1531 1894//1531
f 1890//1531 1894//1531 1889//1531
f 1584//1532 1870//1532 1868//1532
f 1584//1533 1868//1533 1583//1533
f 1583//1534 1868//1534 1872//1534
f 1583//1535 1872//1535 1582//1535
f 1582//1536 1872//1536 1871//1536
f 1582//1536 1871//1536 1581//1536
f 1581//1537 1871//1537 1876//1537
f 1581//1537 1876//1537 1561//1537
f 1897//1538 1896//1538 1855//1538
f 1855//1539 1896//1539 1895//1539
f 1855//1540 1895//1540 1856//1540
f 1856//1541 1895//1541 1561//1541
f 1856//1542 1561//1542 1876//1542
f 1855//1543 1888//1543 1897//1543
f 1897//1544 1888//1544 1889//1544
f 1897//1544 1889//1544 1894//1544
f 1659//1545 1666//1545 1707//1545
f 1668//1546 1710//1546 1709//1546
f 1668//1547 1709//1547 1669//1547
f 1669//1548 1709//1548 1708//1548
f 1669//1549 1708//1549 1670//1549
f 1707//1550 1666//1550 1708//1550
f 1708//1551 1666//1551 1671//1551
f 1708//1552 1671//1552 1670//1552
f 1659//1553 1707//1553 1482//1553
f 1482//1554 1707//1554 1705//1554
f 1482//1555 1705//1555 1724//1555
f 1482//1556 1724//1556 1723//1556
f 1482//1557 1723//1557 1902//1557
f 1902//1558 1723//1558 1721//1558
f 1902//1559 1721//1559 1903//1559
f 1903//1560 1721//1560 1720//1560
f 1903//1560 1720//1560 1904//1560
f 1904//1561 1720//1561 1719//1561
f 1904//1561 1719//1561 1899//1561
f 1672//1562 1552//1562 1715//1562
f 1672//1563 1715//1563 1673//1563
f 1715//1564 1714//1564 1673//1564
f 1673//1565 1714//1565 1713//1565
f 1673//1566 1713//1566 1674//1566
f 1674//1567 1713//1567 1712//1567
f 1674//1568 1712//1568 1675//1568
f 1675//1569 1712//1569 1711//1569
f 1675//1570 1711//1570 1667//1570
f 1667//1571 1711//1571 1710//1571
f 1667//1572 1710//1572 1668//1572
f 1715//1537 1552//1537 1898//1537
f 1715//1537 1898//1537 1716//1537
f 1716//1573 1898//1573 1901//1573
f 1716//1574 1901//1574 1717//1574
f 1717//1575 1901//1575 1900//1575
f 1717//1576 1900//1576 1718//1576
f 1718//1577 1900//1577 1899//1577
f 1718//1577 1899//1577 1719//1577
f 1602//1578 1599//1578 2060//1578
f 2060//1578 1599//1578 2061//1578
f 2060//1579 2061//1579 1595//1579
f 1595//1579 2061//1579 1596//1579
f 1656//1580 1655//1580 2062//1580
f 2062//1580 1655//1580 2063//1580
f 2062//1581 2063//1581 1651//1581
f 1651//1581 2063//1581 1654//1581
f 2064//1582 1540//1582 1524//1582
f 1649//1583 1648//1583 1646//1583
f 2065//1584 2066//1584 2067//1584
f 2067//1585 2066//1585 2068//1585
f 2067//1586 2068//1586 1650//1586
f 2069//1587 2070//1587 2071//1587
f 2071//1588 2070//1588 2072//1588
f 2071//1589 2072//1589 2073//1589
f 1517//1590 1516//1590 2074//1590
f 2064//1591 1524//1591 2075//1591
f 2076//1592 2077//1592 2078//1592
f 2077//1593 2079//1593 2078//1593
f 2078//1594 2079//1594 2080//1594
f 2078//1595 2080//1595 2075//1595
f 1601//1596 1600//1596 2081//1596
f 2081//1597 1600//1597 2082//1597
f 2081//1598 2082//1598 2076//1598
f 1650//1599 1649//1599 2067//1599
f 2067//1600 1649//1600 1646//1600
f 2067//1601 1646//1601 2083//1601
f 2083//1602 1646//1602 1644//1602
f 1644//1603 1642//1603 2083//1603
f 2083//1604 1642//1604 1640//1604
f 2083//1605 1640//1605 2084//1605
f 1640//1606 1638//1606 2084//1606
f 2084//1607 1638//1607 1636//1607
f 2084//1608 1636//1608 2085//1608
f 1636//1609 1634//1609 2085//1609
f 2085//1610 1634//1610 1632//1610
f 2085//1611 1632//1611 2086//1611
f 1632//1612 1630//1612 2086//1612
f 2086//1613 1630//1613 1628//1613
f 2086//1614 1628//1614 2087//1614
f 1628//1615 1626//1615 2087//1615
f 2087//1616 1626//1616 1624//1616
f 2087//1617 1624//1617 2088//1617
f 1624//1618 1622//1618 2088//1618
f 2088//1619 1622//1619 1620//1619
f 2088//1620 1620//1620 2089//1620
f 1620//1621 1618//1621 2089//1621
f 2089//1622 1618//1622 1616//1622
f 2089//1623 1616//1623 2090//1623
f 1616//1624 1614//1624 2090//1624
f 2090//1625 1614//1625 1612//1625
f 2090//1626 1612//1626 2091//1626
f 1603//1627 1601//1627 1606//1627
f 1606//1628 1601//1628 2081//1628
f 1606//1629 2081//1629 1608//1629
f 1608//1630 2081//1630 2091//1630
f 1608//1631 2091//1631 1610//1631
f 1610//1632 2091//1632 1612//1632
f 2076//1633 2078//1633 2081//1633
f 2081//1634 2078//1634 2092//1634
f 2081//1634 2092//1634 2091//1634
f 2091//1635 2092//1635 2093//1635
f 2091//1635 2093//1635 2090//1635
f 2090//1636 2093//1636 2094//1636
f 2090//1636 2094//1636 2089//1636
f 2089//1637 2094//1637 2095//1637
f 2089//1637 2095//1637 2088//1637
f 2088//1638 2095//1638 2096//1638
f 2088//1638 2096//1638 2087//1638
f 2087//1639 2096//1639 2097//1639
f 2087//1640 2097//1640 2086//1640
f 2086//1641 2097//1641 2098//1641
f 2086//1641 2098//1641 2085//1641
f 2085//1642 2098//1642 2099//1642
f 2085//1642 2099//1642 2084//1642
f 2084//1643 2099//1643 2100//1643
f 2084//1644 2100//1644 2083//1644
f 2083//1645 2100//1645 2071//1645
f 2083//1646 2071//1646 2067//1646
f 2067//1647 2071//1647 2073//1647
f 2067//1648 2073//1648 2065//1648
f 2075//1649 1524//1649 2078//1649
f 2078//1650 1524//1650 1530//1650
f 2078//1650 1530//1650 2092//1650
f 2092//1651 1530//1651 1529//1651
f 2092//1651 1529//1651 2093//1651
f 2093//1652 1529//1652 1531//1652
f 2093//1652 1531//1652 2094//1652
f 2094//1653 1531//1653 1532//1653
f 2094//1653 1532//1653 2095//1653
f 2095//1654 1532//1654 1525//1654
f 2095//1654 1525//1654 2096//1654
f 2096//1655 1525//1655 1523//1655
f 2096//1655 1523//1655 2097//1655
f 2097//1656 1523//1656 1522//1656
f 2097//1656 1522//1656 2098//1656
f 2098//1657 1522//1657 1541//1657
f 2098//1657 1541//1657 2099//1657
f 2099//1658 1541//1658 1518//1658
f 2099//1659 1518//1659 2100//1659
f 2100//1660 1518//1660 1517//1660
f 2100//1660 1517//1660 2071//1660
f 2071//1661 1517//1661 2074//1661
f 2071//1662 2074//1662 2069//1662
f 1611//1663 1613//1663 2101//1663
f 1615//1664 1617//1664 2102//1664
f 1619//1665 1621//1665 2103//1665
f 1623//1666 1625//1666 2104//1666
f 1627//1667 1629//1667 2105//1667
f 1631//1668 1633//1668 2106//1668
f 1635//1669 1637//1669 2107//1669
f 2108//1670 2109//1670 2110//1670
f 2111//1671 1467//1671 1455//1671
f 2112//1672 1466//1672 1467//1672
f 2113//1673 1465//1673 1466//1673
f 2114//1674 1464//1674 1465//1674
f 2115//1675 1453//1675 1464//1675
f 2116//1676 1454//1676 1453//1676
f 2117//1677 1463//1677 1454//1677
f 1597//1678 1604//1678 1605//1678
f 2118//1679 2119//1679 2120//1679
f 2120//1680 2119//1680 2121//1680
f 2120//1681 2121//1681 2122//1681
f 2109//1682 2123//1682 2124//1682
f 2125//1683 2126//1683 2108//1683
f 2108//1684 2126//1684 2127//1684
f 2108//1685 2127//1685 2109//1685
f 2109//1686 2127//1686 2128//1686
f 2109//1687 2128//1687 2123//1687
f 1652//1688 2129//1688 1653//1688
f 1653//1689 2129//1689 1645//1689
f 1653//1690 1645//1690 1647//1690
f 1462//1691 2110//1691 1460//1691
f 1460//1692 2110//1692 2109//1692
f 1460//1692 2109//1692 1468//1692
f 1468//1693 2109//1693 2124//1693
f 1468//1694 2124//1694 1469//1694
f 1652//1695 2125//1695 2129//1695
f 2129//1696 2125//1696 2108//1696
f 2129//1697 2108//1697 2130//1697
f 2130//1670 2108//1670 2110//1670
f 2130//1698 2110//1698 2131//1698
f 2131//1691 2110//1691 1462//1691
f 2131//1699 1462//1699 1463//1699
f 2132//1700 2120//1700 2133//1700
f 2133//1701 2120//1701 2122//1701
f 2133//1702 2122//1702 1598//1702
f 1639//1703 1641//1703 2134//1703
f 2134//1704 1641//1704 1643//1704
f 1463//1699 2117//1699 2131//1699
f 2131//1705 2117//1705 2135//1705
f 2131//1698 2135//1698 2130//1698
f 2130//1706 2135//1706 2134//1706
f 2130//1697 2134//1697 2129//1697
f 2129//1707 2134//1707 1643//1707
f 2129//1708 1643//1708 1645//1708
f 1454//1677 2116//1677 2117//1677
f 2117//1709 2116//1709 2136//1709
f 2117//1705 2136//1705 2135//1705
f 2135//1710 2136//1710 2107//1710
f 2135//1706 2107//1706 2134//1706
f 2134//1711 2107//1711 1637//1711
f 2134//1712 1637//1712 1639//1712
f 1453//1676 2115//1676 2116//1676
f 2116//1713 2115//1713 2137//1713
f 2116//1709 2137//1709 2136//1709
f 2136//1714 2137//1714 2106//1714
f 2136//1710 2106//1710 2107//1710
f 2107//1715 2106//1715 1633//1715
f 2107//1716 1633//1716 1635//1716
f 1464//1675 2114//1675 2115//1675
f 2115//1717 2114//1717 2138//1717
f 2115//1713 2138//1713 2137//1713
f 2137//1718 2138//1718 2105//1718
f 2137//1714 2105//1714 2106//1714
f 2106//1719 2105//1719 1629//1719
f 2106//1720 1629//1720 1631//1720
f 1465//1674 2113//1674 2114//1674
f 2114//1721 2113//1721 2139//1721
f 2114//1717 2139//1717 2138//1717
f 2138//1722 2139//1722 2104//1722
f 2138//1718 2104//1718 2105//1718
f 2105//1723 2104//1723 1625//1723
f 2105//1724 1625//1724 1627//1724
f 1466//1673 2112//1673 2113//1673
f 2113//1725 2112//1725 2140//1725
f 2113//1721 2140//1721 2139//1721
f 2139//1726 2140//1726 2103//1726
f 2139//1722 2103//1722 2104//1722
f 2104//1727 2103//1727 1621//1727
f 2104//1728 1621//1728 1623//1728
f 1467//1672 2111//1672 2112//1672
f 2112//1729 2111//1729 2141//1729
f 2112//1725 2141//1725 2140//1725
f 2140//1730 2141//1730 2102//1730
f 2140//1726 2102//1726 2103//1726
f 2103//1731 2102//1731 1617//1731
f 2103//1732 1617//1732 1619//1732
f 1461//1733 2142//1733 1455//1733
f 1455//1734 2142//1734 2143//1734
f 1455//1671 2143//1671 2111//1671
f 2111//1735 2143//1735 2144//1735
f 2111//1736 2144//1736 2141//1736
f 2141//1737 2144//1737 2101//1737
f 2141//1730 2101//1730 2102//1730
f 2102//1738 2101//1738 1613//1738
f 2102//1739 1613//1739 1615//1739
f 2142//1740 2118//1740 2143//1740
f 2143//1741 2118//1741 2120//1741
f 2143//1735 2120//1735 2144//1735
f 2144//1742 2120//1742 2132//1742
f 2144//1737 2132//1737 2101//1737
f 2101//1743 2132//1743 1609//1743
f 2101//1744 1609//1744 1611//1744
f 1598//1745 1597//1745 2133//1745
f 2133//1746 1597//1746 1605//1746
f 2133//1747 1605//1747 2132//1747
f 2132//1748 1605//1748 1607//1748
f 2132//1749 1607//1749 1609//1749
f 1658//1750 1656//1750 2145//1750
f 1658//1751 2145//1751 1660//1751
f 1660//1752 2145//1752 2146//1752
f 1660//1753 2146//1753 1664//1753
f 1664//1754 2146//1754 2147//1754
f 1664//1755 2147//1755 1665//1755
f 1665//1756 2147//1756 1535//1756
f 1665//1757 1535//1757 1521//1757
f 2148//1758 1537//1758 1535//1758
f 1538//1759 1537//1759 2149//1759
f 2149//1759 1537//1759 2148//1759
f 2149//1760 2148//1760 2150//1760
f 2150//1760 2148//1760 2151//1760
f 2150//1761 2151//1761 1651//1761
f 1651//1761 2151//1761 2062//1761
f 1535//1758 2147//1758 2148//1758
f 2148//1762 2147//1762 2146//1762
f 2148//1763 2146//1763 2151//1763
f 2151//1764 2146//1764 2145//1764
f 2151//1765 2145//1765 2062//1765
f 2062//1765 2145//1765 1656//1765
f 2066//1766 2065//1766 2150//1766
f 2072//1767 2070//1767 2149//1767
f 2074//1768 1516//1768 1538//1768
f 2149//1769 2070//1769 1538//1769
f 1538//1770 2070//1770 2069//1770
f 1538//1771 2069//1771 2074//1771
f 2150//1772 2065//1772 2149//1772
f 2149//1773 2065//1773 2073//1773
f 2149//1774 2073//1774 2072//1774
f 1651//972 1650//972 2150//972
f 2150//1775 1650//1775 2068//1775
f 2150//1776 2068//1776 2066//1776
f 1587//1777 1526//1777 1533//1777
f 1587//1778 1533//1778 1588//1778
f 1588//1779 1533//1779 2152//1779
f 1588//1780 2152//1780 1589//1780
f 1589//1781 2152//1781 2153//1781
f 1589//1782 2153//1782 1591//1782
f 1591//1783 2153//1783 1592//1783
f 1592//1784 2153//1784 1595//1784
f 1592//1785 1595//1785 1590//1785
f 1533//1786 1536//1786 2152//1786
f 2152//1786 1536//1786 2154//1786
f 2152//1787 2154//1787 2153//1787
f 2153//1787 2154//1787 2155//1787
f 2153//1788 2155//1788 1595//1788
f 1595//1789 2155//1789 2060//1789
f 1536//1790 1539//1790 2154//1790
f 2154//1790 1539//1790 2156//1790
f 2154//1791 2156//1791 2155//1791
f 2155//1791 2156//1791 2157//1791
f 2155//1792 2157//1792 2060//1792
f 2060//1792 2157//1792 1602//1792
f 1600//1793 1602//1793 2082//1793
f 2082//1794 1602//1794 2157//1794
f 2082//1795 2157//1795 2076//1795
f 2075//1796 2080//1796 2156//1796
f 2156//1797 2080//1797 2079//1797
f 2156//1798 2079//1798 2157//1798
f 2157//1799 2079//1799 2077//1799
f 2157//1800 2077//1800 2076//1800
f 1539//1043 1540//1043 2156//1043
f 2156//1801 1540//1801 2064//1801
f 2156//1802 2064//1802 2075//1802
f 1476//1803 1475//1803 2158//1803
f 1476//1804 2158//1804 1661//1804
f 1661//1805 2158//1805 2159//1805
f 1661//1806 2159//1806 1662//1806
f 1662//1807 2159//1807 2160//1807
f 1662//1808 2160//1808 1663//1808
f 1663//1809 2160//1809 1655//1809
f 1663//1810 1655//1810 1657//1810
f 2063//1811 1655//1811 2161//1811
f 2161//1811 1655//1811 2160//1811
f 2161//1812 2160//1812 2162//1812
f 1654//1813 2063//1813 2163//1813
f 2163//1813 2063//1813 2161//1813
f 2163//1814 2161//1814 2164//1814
f 2164//1815 2161//1815 2162//1815
f 2164//1816 2162//1816 1471//1816
f 1471//1816 2162//1816 1473//1816
f 2160//1817 2159//1817 2162//1817
f 2162//1818 2159//1818 2158//1818
f 2162//1819 2158//1819 1473//1819
f 1473//1819 2158//1819 1475//1819
f 1652//1820 1654//1820 2125//1820
f 2125//1821 1654//1821 2163//1821
f 2164//1822 2127//1822 2163//1822
f 2163//1823 2127//1823 2126//1823
f 2163//1824 2126//1824 2125//1824
f 1471//410 1469//410 2164//410
f 2164//1825 1469//1825 2124//1825
f 2124//1826 2123//1826 2164//1826
f 2164//1827 2123//1827 2128//1827
f 2164//1828 2128//1828 2127//1828
f 2165//1829 2118//1829 1470//1829
f 1470//1830 2118//1830 2142//1830
f 1470//1831 2142//1831 1461//1831
f 2166//487 1599//487 1598//487
f 1598//1832 2122//1832 2166//1832
f 2166//1833 2122//1833 2121//1833
f 2166//1834 2121//1834 2165//1834
f 2165//1835 2121//1835 2119//1835
f 2165//1836 2119//1836 2118//1836
f 1596//1837 2061//1837 2167//1837
f 2167//1838 2061//1838 2168//1838
f 2167//1839 2168//1839 2169//1839
f 2169//1840 2168//1840 2170//1840
f 1472//1841 1474//1841 2170//1841
f 2170//1841 1474//1841 2171//1841
f 2170//1842 2171//1842 2169//1842
f 2061//1843 1599//1843 2168//1843
f 2168//1843 1599//1843 2166//1843
f 2168//1844 2166//1844 2170//1844
f 2170//1844 2166//1844 2165//1844
f 2170//1845 2165//1845 1472//1845
f 1472//1845 2165//1845 1470//1845
f 1585//1846 1596//1846 2167//1846
f 1585//1847 2167//1847 1586//1847
f 1586//1848 2167//1848 2169//1848
f 1586//1849 2169//1849 1593//1849
f 1593//1850 2169//1850 2171//1850
f 1593//1851 2171//1851 1594//1851
f 1594//1852 2171//1852 1474//1852
f 1594//1853 1474//1853 1449//1853
f 1768//1854 1797//1854 1771//1854
f 1771//1855 1797//1855 2172//1855
f 1771//1856 2172//1856 1772//1856
f 2173//485 1386//485 1387//485
f 1387//1857 1765//1857 2173//1857
f 2173//1858 1765//1858 1766//1858
f 2173//486 1766//486 2172//486
f 2172//1859 1766//1859 1773//1859
f 2172//1860 1773//1860 1772//1860
f 1415//1861 1410//1861 1844//1861
f 1844//1862 1410//1862 2174//1862
f 1844//1863 2174//1863 1845//1863
f 1845//1864 2174//1864 1846//1864
f 1846//1865 2174//1865 2175//1865
f 1846//1860 2175//1860 1847//1860
f 1847//1866 2175//1866 1839//1866
f 1839//1867 2175//1867 1820//1867
f 1839//1868 1820//1868 1821//1868
f 1819//1869 1818//1869 1840//1869
f 1840//1870 1818//1870 2176//1870
f 1840//1871 2176//1871 1842//1871
f 2177//1043 1916//1043 1823//1043
f 1823//1872 1822//1872 2177//1872
f 2177//1873 1822//1873 1838//1873
f 2177//1042 1838//1042 2176//1042
f 2176//1874 1838//1874 1843//1874
f 2176//1875 1843//1875 1842//1875
f 1775//1876 1918//1876 1776//1876
f 1776//1877 1918//1877 2178//1877
f 1776//1878 2178//1878 1777//1878
f 1777//1879 2178//1879 1778//1879
f 1778//1880 2178//1880 2179//1880
f 1778//1875 2179//1875 1779//1875
f 1779//1881 2179//1881 1770//1881
f 1770//1882 2179//1882 1798//1882
f 1770//1883 1798//1883 1767//1883
f 1994//1884 1993//1884 2180//1884
f 2180//1885 1993//1885 2181//1885
f 1997//1886 1948//1886 1999//1886
f 1999//1887 1948//1887 1950//1887
f 1999//1888 1950//1888 1998//1888
f 1998//1889 1950//1889 2182//1889
f 1998//1890 2182//1890 2183//1890
f 2183//1891 2184//1891 1998//1891
f 1998//1892 2184//1892 2185//1892
f 1998//1893 2185//1893 2186//1893
f 2181//1894 1993//1894 2186//1894
f 2186//1895 1993//1895 1992//1895
f 2186//1896 1992//1896 1998//1896
f 1994//1897 2180//1897 1832//1897
f 1832//1898 2180//1898 2187//1898
f 1832//1899 2187//1899 1309//1899
f 1309//1900 1307//1900 1853//1900
f 1309//1900 1853//1900 1832//1900
f 1832//1900 1853//1900 1833//1900
f 1833//1901 1853//1901 1881//1901
f 1833//1902 1881//1902 1835//1902
f 1835//1903 1881//1903 1880//1903
f 1835//1904 1880//1904 1837//1904
f 1837//1905 1880//1905 1851//1905
f 1837//1905 1851//1905 1827//1905
f 1780//1906 1785//1906 1744//1906
f 1744//1907 1785//1907 1784//1907
f 1744//1908 1784//1908 1745//1908
f 1745//1909 1784//1909 1782//1909
f 1745//1910 1782//1910 1735//1910
f 1735//1886 1782//1886 1760//1886
f 1735//1911 1760//1911 1736//1911
f 1742//1912 1343//1912 1763//1912
f 1744//1913 1743//1913 1780//1913
f 1780//1914 1743//1914 1742//1914
f 1780//1884 1742//1884 1762//1884
f 1762//1915 1742//1915 1763//1915
f 2188//1916 1964//1916 1965//1916
f 2189//678 1910//678 1763//678
f 1763//1900 1343//1900 1964//1900
f 1964//1917 2188//1917 1763//1917
f 1763//1918 2188//1918 2190//1918
f 1763//1919 2190//1919 2189//1919
f 2191//1920 2192//1920 1965//1920
f 1965//1921 2192//1921 2193//1921
f 1965//1922 2193//1922 2188//1922
f 1972//1905 1973//1905 1976//1905
f 1976//1923 1984//1923 1972//1923
f 1972//1924 1984//1924 1983//1924
f 1972//1904 1983//1904 1965//1904
f 1965//1925 1983//1925 1982//1925
f 1965//1926 1982//1926 2191//1926
f 1969//1927 1978//1927 1970//1927
f 1970//1928 1978//1928 1977//1928
f 1970//1929 1977//1929 1971//1929
f 2194//1930 2195//1930 1975//1930
f 1975//1931 2195//1931 2196//1931
f 1975//1932 2196//1932 1968//1932
f 1968//1933 2196//1933 2197//1933
f 1968//1934 2197//1934 1969//1934
f 1969//1935 2197//1935 1979//1935
f 1969//1936 1979//1936 1978//1936
f 2198//1937 1381//1937 2199//1937
f 2199//87 1381//87 1380//87
f 2194//1938 1975//1938 2200//1938
f 2200//1939 1975//1939 1974//1939
f 2200//1940 1974//1940 2198//1940
f 2198//1941 1974//1941 1732//1941
f 2198//1942 1732//1942 1381//1942
f 1786//1943 1381//1943 1732//1943
f 1732//1944 1731//1944 1786//1944
f 1786//1945 1731//1945 1734//1945
f 1786//1946 1734//1946 1787//1946
f 1787//1947 1734//1947 1788//1947
f 1734//1948 1741//1948 1788//1948
f 1788//1949 1741//1949 1740//1949
f 1788//1950 1740//1950 1789//1950
f 1789//1951 1740//1951 1739//1951
f 1789//1952 1739//1952 1781//1952
f 1781//1953 1739//1953 1737//1953
f 1781//1954 1737//1954 1761//1954
f 1884//1955 1883//1955 2043//1955
f 1886//1956 1885//1956 1826//1956
f 1826//1957 1885//1957 1884//1957
f 1826//1958 1884//1958 1825//1958
f 1825//1955 1884//1955 2043//1955
f 1825//1959 2043//1959 1430//1959
f 1826//1960 1831//1960 1886//1960
f 1886//1961 1831//1961 1830//1961
f 1886//1962 1830//1962 1887//1962
f 1887//1963 1830//1963 1829//1963
f 1887//1964 1829//1964 1879//1964
f 1879//1965 1829//1965 1828//1965
f 1879//1929 1828//1929 1852//1929
f 1946//1966 1945//1966 1996//1966
f 2000//1943 1430//1943 2043//1943
f 2043//1967 2201//1967 2000//1967
f 2000//1968 2201//1968 2202//1968
f 2000//1969 2202//1969 2001//1969
f 2001//1970 2202//1970 2203//1970
f 2001//1971 2203//1971 2002//1971
f 2002//1972 2203//1972 2204//1972
f 2002//1973 2204//1973 2003//1973
f 2003//1974 2204//1974 2205//1974
f 2003//1975 2205//1975 1995//1975
f 1995//1976 2205//1976 2206//1976
f 1995//1977 2206//1977 1996//1977
f 1996//1978 2206//1978 2207//1978
f 1996//1979 2207//1979 1946//1979
f 1905//678 1910//678 2189//678
f 2189//1980 2190//1980 1905//1980
f 1905//1981 2190//1981 2188//1981
f 1905//1982 2188//1982 1989//1982
f 1989//1983 2188//1983 2193//1983
f 1989//1984 2193//1984 1990//1984
f 2193//1985 2192//1985 1990//1985
f 1990//1986 2192//1986 2191//1986
f 1990//1987 2191//1987 1991//1987
f 1991//1988 2191//1988 1982//1988
f 1991//1989 1982//1989 1981//1989
f 1987//1990 1980//1990 1979//1990
f 2197//1991 1986//1991 1979//1991
f 1979//1992 1986//1992 1988//1992
f 1979//1993 1988//1993 1987//1993
f 2197//1994 2196//1994 1986//1994
f 1986//1995 2196//1995 2195//1995
f 1986//1996 2195//1996 1985//1996
f 1985//1997 2195//1997 2194//1997
f 2194//1998 2200//1998 1985//1998
f 1985//1999 2200//1999 2198//1999
f 1985//2000 2198//2000 1383//2000
f 1383//2001 2198//2001 2199//2001
f 1383//87 2199//87 1380//87
f 1728//2002 1683//2002 1682//2002
f 1728//2003 1682//2003 1752//2003
f 1752//2004 1682//2004 1681//2004
f 1752//2005 1681//2005 1753//2005
f 1753//2006 1681//2006 1754//2006
f 1754//2007 1681//2007 1680//2007
f 1754//2008 1680//2008 1746//2008
f 1689//2009 1320//2009 1318//2009
f 1680//2010 1690//2010 1746//2010
f 1746//2011 1690//2011 1689//2011
f 1746//2012 1689//2012 1730//2012
f 1730//2013 1689//2013 1318//2013
f 1312//2014 1353//2014 1962//2014
f 1962//2015 1353//2015 2208//2015
f 1962//2016 2208//2016 1963//2016
f 1963//2017 2208//2017 1955//2017
f 1955//2018 2208//2018 2209//2018
f 1955//2019 2209//2019 1956//2019
f 1956//2020 2209//2020 1957//2020
f 1957//2021 2209//2021 1950//2021
f 1957//2022 1950//2022 1949//2022
f 2180//2023 2181//2023 2210//2023
f 2210//2024 2181//2024 2211//2024
f 2181//2025 2186//2025 2211//2025
f 2211//2026 2186//2026 2185//2026
f 2211//2027 2185//2027 2212//2027
f 1950//2028 2209//2028 2182//2028
f 2182//2029 2209//2029 2213//2029
f 2182//2030 2213//2030 2183//2030
f 2183//2031 2213//2031 2212//2031
f 2183//2032 2212//2032 2184//2032
f 2184//2033 2212//2033 2185//2033
f 1309//2034 2214//2034 2215//2034
f 2215//2035 2214//2035 2210//2035
f 2215//2036 2210//2036 2216//2036
f 2216//2037 2210//2037 2211//2037
f 2216//2038 2211//2038 2217//2038
f 2217//2039 2211//2039 2212//2039
f 2217//2040 2212//2040 2218//2040
f 2218//2041 2212//2041 2213//2041
f 2218//2042 2213//2042 2219//2042
f 2219//2043 2213//2043 2209//2043
f 2219//2044 2209//2044 2208//2044
f 1309//2045 2215//2045 1308//2045
f 1308//2046 2215//2046 2216//2046
f 1308//2047 2216//2047 1306//2047
f 1306//2048 2216//2048 2217//2048
f 1306//2049 2217//2049 1339//2049
f 1339//2050 2217//2050 2218//2050
f 1339//2051 2218//2051 1351//2051
f 1351//2052 2218//2052 2219//2052
f 1351//2053 2219//2053 1352//2053
f 1352//2054 2219//2054 2208//2054
f 1352//2055 2208//2055 1353//2055
f 2180//2056 2210//2056 2187//2056
f 2187//2057 2210//2057 2214//2057
f 2187//2034 2214//2034 1309//2034
f 1692//2058 1697//2058 1873//2058
f 1873//2059 1697//2059 1696//2059
f 1873//2060 1696//2060 1874//2060
f 1874//2061 1696//2061 1695//2061
f 1874//2062 1695//2062 1875//2062
f 1875//2063 1695//2063 1694//2063
f 1875//2064 1694//2064 1854//2064
f 1877//2065 1317//2065 1319//2065
f 1873//2066 1878//2066 1692//2066
f 1692//2067 1878//2067 1877//2067
f 1692//2068 1877//2068 1691//2068
f 1691//2065 1877//2065 1319//2065
f 1756//2069 1755//2069 1676//2069
f 1676//2070 1678//2070 1756//2070
f 1756//2071 1678//2071 1679//2071
f 1756//2072 1679//2072 1757//2072
f 1757//2073 1679//2073 1749//2073
f 1679//2074 1688//2074 1749//2074
f 1749//2075 1688//2075 1687//2075
f 1749//2076 1687//2076 1750//2076
f 1750//2077 1687//2077 1686//2077
f 1750//2078 1686//2078 1751//2078
f 1751//2079 1686//2079 1684//2079
f 1751//2080 1684//2080 1729//2080
f 1703//2081 1859//2081 1858//2081
f 1703//2081 1858//2081 1702//2081
f 1702//2082 1858//2082 1866//2082
f 1702//2083 1866//2083 1700//2083
f 1700//2084 1866//2084 1865//2084
f 1700//2085 1865//2085 1698//2085
f 1698//2086 1865//2086 1864//2086
f 1698//2086 1864//2086 1693//2086
f 1947//2087 1946//2087 1959//2087
f 1959//2088 1946//2088 2220//2088
f 1959//2089 2220//2089 1960//2089
f 2221//485 2042//485 1951//485
f 1951//2090 1953//2090 2221//2090
f 2221//2091 1953//2091 1954//2091
f 2221//486 1954//486 2220//486
f 2220//2092 1954//2092 1961//2092
f 2220//2093 1961//2093 1960//2093
f 2222//87 2201//87 2043//87
f 2201//2094 2222//2094 2202//2094
f 2202//2095 2222//2095 2223//2095
f 2202//2096 2223//2096 2203//2096
f 2043//2097 2044//2097 2224//2097
f 2224//87 2044//87 2045//87
f 2224//2098 2045//2098 2225//2098
f 2225//2099 2045//2099 2046//2099
f 2225//2100 2046//2100 2226//2100
f 2226//2101 2046//2101 2041//2101
f 2226//2102 2041//2102 2227//2102
f 2227//2103 2041//2103 2040//2103
f 2227//2104 2040//2104 2228//2104
f 2228//2105 2040//2105 2042//2105
f 2228//2106 2042//2106 2221//2106
f 2043//87 2224//87 2222//87
f 2222//2107 2224//2107 2225//2107
f 2222//2108 2225//2108 2223//2108
f 2223//2109 2225//2109 2226//2109
f 2223//2110 2226//2110 2229//2110
f 2229//2111 2226//2111 2227//2111
f 2229//2112 2227//2112 2230//2112
f 2230//2113 2227//2113 2228//2113
f 2230//2114 2228//2114 2231//2114
f 2231//2115 2228//2115 2221//2115
f 2231//2116 2221//2116 2220//2116
f 2203//2117 2223//2117 2204//2117
f 2204//2118 2223//2118 2229//2118
f 2204//2119 2229//2119 2205//2119
f 2205//2120 2229//2120 2230//2120
f 2205//2121 2230//2121 2206//2121
f 2206//2122 2230//2122 2231//2122
f 2206//2123 2231//2123 2207//2123
f 2207//2124 2231//2124 2220//2124
f 2207//2125 2220//2125 1946//2125
f 1808//1149 1936//1149 2232//1149
f 1808//1149 2232//1149 1807//1149
f 1807//1150 2232//1150 2233//1150
f 1807//1150 2233//1150 1806//1150
f 1806//1151 2233//1151 1816//1151
f 1806//1151 1816//1151 1805//1151
f 2234//2126 2235//2126 2236//2126
f 2236//2127 2237//2127 2238//2127
f 2237//2128 1942//2128 1909//2128
f 2237//2128 1909//2128 2238//2128
f 2238//2129 1909//2129 1908//2129
f 2238//2129 1908//2129 2239//2129
f 2239//2130 1908//2130 1916//2130
f 2239//2130 1916//2130 2177//2130
f 2236//2127 2238//2127 2240//2127
f 2240//2131 2238//2131 2239//2131
f 2240//2131 2239//2131 2241//2131
f 2241//2132 2239//2132 2177//2132
f 2241//2132 2177//2132 2176//2132
f 1936//2133 1942//2133 2232//2133
f 2232//2133 1942//2133 2237//2133
f 2232//2134 2237//2134 2233//2134
f 2233//2134 2237//2134 2236//2134
f 2233//2135 2236//2135 1816//2135
f 1816//2135 2236//2135 2235//2135
f 2234//2136 2236//2136 2242//2136
f 2242//2137 2236//2137 2240//2137
f 2242//2138 2240//2138 2243//2138
f 2243//2139 2240//2139 2241//2139
f 2243//2140 2241//2140 2244//2140
f 2244//2141 2241//2141 2176//2141
f 2244//2141 2176//2141 1818//2141
f 1817//2142 1816//2142 2245//2142
f 2245//2143 1816//2143 2235//2143
f 2245//2144 2235//2144 2246//2144
f 2246//2145 2235//2145 2234//2145
f 2246//2146 2234//2146 2247//2146
f 2247//2146 2234//2146 2242//2146
f 2247//2147 2242//2147 2248//2147
f 2248//2148 2242//2148 2243//2148
f 2248//2149 2243//2149 2249//2149
f 2249//2150 2243//2150 2244//2150
f 2249//2151 2244//2151 1820//2151
f 1820//2152 2244//2152 1818//2152
f 1446//1154 1444//1154 1814//1154
f 1446//1154 1814//1154 2250//1154
f 2250//1153 1814//1153 1815//1153
f 2250//1153 1815//1153 2251//1153
f 2251//1152 1815//1152 1804//1152
f 2251//1152 1804//1152 1817//1152
f 1446//2153 2250//2153 2252//2153
f 2250//2154 2251//2154 2253//2154
f 2251//2155 1817//2155 2245//2155
f 2251//2155 2245//2155 2253//2155
f 2253//2156 2245//2156 2246//2156
f 2253//2157 2246//2157 2254//2157
f 2254//2158 2246//2158 2247//2158
f 2254//2158 2247//2158 2255//2158
f 2255//2159 2247//2159 2248//2159
f 2255//2159 2248//2159 2256//2159
f 2256//2160 2248//2160 2249//2160
f 2256//2161 2249//2161 2257//2161
f 2257//2162 2249//2162 1820//2162
f 2257//2163 1820//2163 2175//2163
f 2250//2154 2253//2154 2252//2154
f 2252//2164 2253//2164 2254//2164
f 2252//2164 2254//2164 2258//2164
f 2258//2165 2254//2165 2255//2165
f 2258//2165 2255//2165 2259//2165
f 2259//2166 2255//2166 2256//2166
f 2259//2166 2256//2166 2260//2166
f 2260//2167 2256//2167 2257//2167
f 2260//2167 2257//2167 2261//2167
f 2261//2168 2257//2168 2175//2168
f 2261//2168 2175//2168 2174//2168
f 1446//2153 2252//2153 1420//2153
f 1420//2169 2252//2169 2258//2169
f 1420//2169 2258//2169 1421//2169
f 1421//2170 2258//2170 2259//2170
f 1421//2170 2259//2170 1413//2170
f 1413//2171 2259//2171 2260//2171
f 1413//2171 2260//2171 1412//2171
f 1412//2172 2260//2172 2261//2172
f 1412//2172 2261//2172 1411//2172
f 1411//2173 2261//2173 2174//2173
f 1411//2173 2174//2173 1410//2173
f 1940//1148 1809//1148 1810//1148
f 1940//1148 1810//1148 2262//1148
f 2262//1147 1810//1147 1811//1147
f 2262//1147 1811//1147 2263//1147
f 2263//127 1811//127 1799//127
f 2263//127 1799//127 1801//127
f 2264//2174 2265//2174 2266//2174
f 2266//2175 2267//2175 2268//2175
f 2267//2176 1944//2176 1943//2176
f 2267//2176 1943//2176 2268//2176
f 2268//2177 1943//2177 1941//2177
f 2268//2177 1941//2177 2269//2177
f 2269//2178 1941//2178 1940//2178
f 2269//2178 1940//2178 2262//2178
f 2266//2175 2268//2175 2270//2175
f 2270//2179 2268//2179 2269//2179
f 2270//2179 2269//2179 2271//2179
f 2271//2180 2269//2180 2262//2180
f 2271//2180 2262//2180 2263//2180
f 1918//2181 1944//2181 2178//2181
f 2178//2181 1944//2181 2267//2181
f 2178//2182 2267//2182 2179//2182
f 2179//2182 2267//2182 2266//2182
f 2179//2183 2266//2183 1798//2183
f 1798//2183 2266//2183 2265//2183
f 2264//2184 2266//2184 2272//2184
f 2272//2185 2266//2185 2270//2185
f 2272//2186 2270//2186 2273//2186
f 2273//2187 2270//2187 2271//2187
f 2273//2188 2271//2188 2274//2188
f 2274//2189 2271//2189 2263//2189
f 2274//2189 2263//2189 1801//2189
f 1443//1155 1442//1155 2275//1155
f 1443//1155 2275//1155 1813//1155
f 1813//1156 2275//1156 2276//1156
f 1813//1156 2276//1156 1812//1156
f 1812//1157 2276//1157 1802//1157
f 1812//1157 1802//1157 1800//1157
f 1797//2190 1798//2190 2277//2190
f 2277//2191 1798//2191 2265//2191
f 2277//2192 2265//2192 2278//2192
f 2278//2193 2265//2193 2264//2193
f 2278//2194 2264//2194 2279//2194
f 2279//2194 2264//2194 2272//2194
f 2279//2195 2272//2195 2280//2195
f 2280//2195 2272//2195 2273//2195
f 2280//2196 2273//2196 2281//2196
f 2281//2197 2273//2197 2274//2197
f 2281//2198 2274//2198 1802//2198
f 1802//2199 2274//2199 1801//2199
f 1386//2200 2173//2200 2282//2200
f 2173//2201 2172//2201 2283//2201
f 2172//2202 1797//2202 2277//2202
f 2172//2203 2277//2203 2283//2203
f 2283//2204 2277//2204 2278//2204
f 2283//2204 2278//2204 2284//2204
f 2284//2205 2278//2205 2279//2205
f 2284//2206 2279//2206 2285//2206
f 2285//2207 2279//2207 2280//2207
f 2285//2208 2280//2208 2286//2208
f 2286//2209 2280//2209 2281//2209
f 2286//2209 2281//2209 2287//2209
f 2287//2210 2281//2210 1802//2210
f 2287//2211 1802//2211 2276//2211
f 2173//2201 2283//2201 2282//2201
f 2282//2212 2283//2212 2284//2212
f 2282//2212 2284//2212 2288//2212
f 2288//2213 2284//2213 2285//2213
f 2288//2213 2285//2213 2289//2213
f 2289//2214 2285//2214 2286//2214
f 2289//2214 2286//2214 2290//2214
f 2290//2215 2286//2215 2287//2215
f 2290//2215 2287//2215 2291//2215
f 2291//2216 2287//2216 2276//2216
f 2291//2216 2276//2216 2275//2216
f 1386//2200 2282//2200 1385//2200
f 1385//2217 2282//2217 2288//2217
f 1385//2217 2288//2217 1384//2217
f 1384//2218 2288//2218 2289//2218
f 1384//2218 2289//2218 1382//2218
f 1382//2219 2289//2219 2290//2219
f 1382//2219 2290//2219 1419//2219
f 1419//2220 2290//2220 2291//2220
f 1419//2220 2291//2220 1445//2220
f 1445//2221 2291//2221 2275//2221
f 1445//2221 2275//2221 1442//2221
