<?xml version="1.0" encoding="utf-8"?>
<COLLADA xmlns="http://www.collada.org/2005/11/COLLADASchema" version="1.4.1" xmlns:xsi="http://www.w3.org/2001/XMLSchema-instance">
  <asset>
    <contributor>
      <author>Blender User</author>
      <authoring_tool>Blender 4.0.2 commit date:2023-12-05, commit time:07:41, hash:9be62e85b727</authoring_tool>
    </contributor>
    <created>2024-01-22T08:13:36</created>
    <modified>2024-01-22T08:13:36</modified>
    <unit name="meter" meter="1"/>
    <up_axis>Z_UP</up_axis>
  </asset>
  <library_cameras>
    <camera id="Camera-camera" name="Camera">
      <optics>
        <technique_common>
          <perspective>
            <xfov sid="xfov">39.59775</xfov>
            <aspect_ratio>1.777778</aspect_ratio>
            <znear sid="znear">0.1</znear>
            <zfar sid="zfar">100</zfar>
          </perspective>
        </technique_common>
      </optics>
      <extra>
        <technique profile="blender">
          <shiftx sid="shiftx" type="float">0</shiftx>
          <shifty sid="shifty" type="float">0</shifty>
          <dof_distance sid="dof_distance" type="float">10</dof_distance>
        </technique>
      </extra>
    </camera>
  </library_cameras>
  <library_lights>
    <light id="Light-light" name="Light">
      <technique_common>
        <point>
          <color sid="color">1000 1000 1000</color>
          <constant_attenuation>1</constant_attenuation>
          <linear_attenuation>0</linear_attenuation>
          <quadratic_attenuation>0</quadratic_attenuation>
        </point>
      </technique_common>
      <extra>
        <technique profile="blender">
          <type sid="type" type="int">0</type>
          <flag sid="flag" type="int">0</flag>
          <mode sid="mode" type="int">1</mode>
          <red sid="red" type="float">1</red>
          <green sid="green" type="float">1</green>
          <blue sid="blue" type="float">1</blue>
          <shadow_r sid="blender_shadow_r" type="float">0</shadow_r>
          <shadow_g sid="blender_shadow_g" type="float">0</shadow_g>
          <shadow_b sid="blender_shadow_b" type="float">0</shadow_b>
          <energy sid="blender_energy" type="float">1000</energy>
          <spotsize sid="spotsize" type="float">75</spotsize>
          <spotblend sid="spotblend" type="float">0.15</spotblend>
          <clipsta sid="clipsta" type="float">0.04999995</clipsta>
          <clipend sid="clipend" type="float">30.002</clipend>
          <bias sid="bias" type="float">1</bias>
          <radius sid="radius" type="float">0.1</radius>
          <area_shape sid="area_shape" type="int">1</area_shape>
          <area_size sid="area_size" type="float">0.1</area_size>
          <area_sizey sid="area_sizey" type="float">0.1</area_sizey>
          <area_sizez sid="area_sizez" type="float">1</area_sizez>
        </technique>
      </extra>
    </light>
  </library_lights>
  <library_images/>
  <library_geometries>
    <geometry id="rplidar-mesh" name="rplidar">
      <mesh>
        <source id="rplidar-mesh-positions">
          <float_array id="rplidar-mesh-positions-array" count="2973">34.62503 19.3 4.747186 34.85802 19.3 -3.04332 33.4193 19.3 10.12502 33.53184 19.3 -9.745785 30.87433 19.3 16.46571 31.16843 19.3 -15.90197 27.17734 19.3 21.92617 27.424 19.3 -21.61687 22.4389 19.3 26.84845 24.43452 19.3 -24.94633 20.22428 19.3 -28.50275 16.96297 19.3 30.52249 15.32891 19.3 -31.37498 11.80652 19.3 32.89428 10.21248 19.3 -33.42354 4.158999 19.3 34.74258 4.661548 19.3 -34.60686 0.1977806 19.3 -34.91885 -3.635 19.3 34.75938 -4.269184 19.3 -34.65745 -9.048703 19.3 33.72664 -9.674722 19.3 -33.58314 -15.4677 19.3 31.38621 -14.97248 19.3 -31.54664 -18.88367 19.3 -29.37299 -22.92308 19.3 26.43627 -23.28779 19.3 -26.05968 -28.87904 19.3 19.75715 -27.8399 19.3 -21.12743 -31.36518 19.3 -15.41601 -32.49897 19.3 12.85475 -33.4193 19.3 -10.12502 -34.08737 19.3 7.577322 -34.79697 19.3 -3.676236 -34.77649 19.3 3.156049 38.07244 1.90735e-5 -1.176455 37.3437 18.85001 -2.319485 36.76963 18.85001 6.922775 37.20356 1.90735e-5 8.172474 33.94332 18.85001 15.741 34.07416 9.53674e-6 17.02478 29.03783 18.85001 23.5951 28.87443 9.53674e-6 24.8426 22.35357 18.85002 30.00393 21.9204 9.53674e-6 31.15087 14.29996 18.85001 34.57486 13.63473 9.53674e-6 35.56636 5.370232 18.85001 37.02784 4.520917 9.53674e-6 37.82094 -3.888644 18.85002 37.21246 -4.867313 9.53674e-6 37.77776 -12.90943 18.85002 35.11727 -13.95949 9.53674e-6 35.43964 -21.13941 18.85002 30.87047 -22.20328 9.53674e-6 30.94889 -28.07439 18.85001 24.73201 -29.09811 9.53674e-6 24.57848 -33.28916 18.85001 17.07795 -34.22526 9.53674e-6 16.71564 -36.46406 18.85001 8.377103 -36.61878 0 10.21467 -37.91129 9.53674e-6 3.517547 -37.33115 18.85001 1.158291 -37.8729 9.53674e-6 -3.302238 -37.16125 18.85001 -3.675059 -37.17879 0 -7.937743 -35.8745 18.85001 -10.62209 -35.19174 9.53674e-6 -14.5711 -32.16624 18.85001 -19.10922 -30.55977 9.53674e-6 -22.73538 -26.48694 18.85001 -26.42518 -24.07144 9.53674e-6 -29.51917 -19.18479 18.85002 -32.12178 -16.12064 9.53674e-6 -34.51024 -10.70733 18.85002 -35.85013 -7.871595 -4.00543e-5 -37.24447 -3.774146 18.85 -37.1433 -4.528057 5.29796 -37.53879 -4.042881 7.46976 -37.51627 -2.4752 9.311457 -37.59285 0.6034906 18.85 -37.33901 0.03183996 10.00721 -37.64684 1.966722 9.537798 -37.61029 3.814469 7.97828 -37.52547 6.156807 18.85002 -36.8708 4.518943 5.51797 -37.53183 7.761879 -3.05176e-5 -37.25903 3.506198 0 -37.8379 4.036995 3.53873 -37.65854 2.470644 1.705931 -37.86475 0.1194661 7.05719e-5 -38.01901 -0.02452439 1.009701 -37.9679 -1.727054 1.39117 -37.91246 -3.506198 0 -37.8379 -3.51555 2.6378 -37.7468 36.62799 9.53674e-6 -10.45391 35.63034 18.85001 -11.41969 32.958 9.53674e-6 -19.09611 31.73449 18.85001 -19.82041 27.28554 9.53674e-6 -26.57791 25.89475 18.85001 -27.0071 19.95533 9.53674e-6 -32.44478 18.46875 18.85002 -32.53951 13.6498 0 -35.48298 12.06444 18.85001 -35.34124 19.5818 5.2 21.65158 19.64839 0 21.72107 19.5818 0 20.34843 19.64839 5.2 20.27893 20.38882 5.2 19.61772 20.45474 0 19.59041 21.54208 5.2 19.53645 21.65157 0 19.5818 22.38228 5.2 20.38883 22.55398 0 20.85518 22.46355 5.2 21.54208 22.04633 0 22.11893 21.61118 5.2 22.38228 20.73768 0 22.53852 20.65331 5.2 22.49218 19.5818 5.2 -20.34843 19.53645 0 -20.45792 19.59041 5.2 -21.54526 19.61771 0 -21.61118 20.34842 5.2 -22.4182 20.45792 0 -22.46355 21.72107 5.2 -22.35161 21.80999 0 -22.30027 22.46561 5.2 -21.44586 22.55398 0 -21.14482 22.40959 5.2 -20.45475 22.04632 0 -19.88108 21.65157 5.2 -19.5818 20.73768 0 -19.46149 20.45474 5.2 -19.59041 -22.38229 5.2 21.61118 -22.35161 0 21.72107 -22.46356 5.2 20.45792 -22.4182 0 20.34843 -21.61118 5.2 19.61771 -21.54526 0 19.59041 -20.45792 5.2 19.53645 -20.34843 0 19.5818 -19.61772 5.2 20.38883 -19.44602 0 20.85518 -19.53645 5.2 21.54208 -19.95368 0 22.11893 -20.38883 5.2 22.38228 -21.26233 0 22.53852 -21.54209 5.2 22.46355 -22.30028 5.2 -20.19001 -22.35161 0 -20.27893 -22.46356 5.2 -21.54208 -22.4182 0 -21.65158 -21.61118 5.2 -22.38229 -21.34669 0 -22.49218 -20.45792 5.2 -22.46355 -20.19002 0 -22.30027 -19.5344 5.2 -21.44586 -19.44602 0 -21.14482 -19.59042 5.2 -20.45475 -19.95368 0 -19.88108 -20.34843 5.2 -19.5818 -21.26233 0 -19.46149 -21.54526 5.2 -19.59041 34.85802 18.85 3.043313 34.62503 18.85 -4.747195 33.4193 18.85 -10.12501 31.36517 18.85 -15.41602 27.15742 18.85 -22.06396 22.48475 18.85 -26.71706 18.88365 18.85 -29.37299 14.97249 18.85 -31.54663 9.674725 18.85 -33.58314 4.2692 18.85 -34.65745 -0.1977984 18.85 -34.91885 -4.661526 18.85 -34.60687 -9.048708 18.85 -33.72663 -14.4028 18.85 -31.84317 -19.2152 18.85 -29.15718 -23.70308 18.85 -25.68253 -28.17542 18.85 -20.67787 -31.60858 18.85 -14.91059 -33.87598 18.85 -8.593378 -34.77649 18.85 -3.156049 -34.79697 18.85 3.676229 -33.41928 18.85 10.12504 -30.87433 18.85 16.46572 -27.17735 18.85 21.92617 -23.2878 18.85 26.05968 -18.88365 18.85 29.373 -13.88984 18.85 32.07024 -8.666051 18.85 33.82698 -3.076607 18.85 34.81325 3.635013 18.85 34.75938 9.048707 18.85 33.72664 15.46769 18.85 31.38622 22.00891 18.85 27.14841 27.55387 18.85 21.56682 31.60857 18.85 14.9106 33.53184 18.85 9.74579 -1.033255 2.908211 -41.1 -1.010482 2.913919 -39.6 -2.112358 3.71873 -39.6 -2.583635 4.37803 -41.1 -2.561738 4.5 -39.6 -1.033255 2.908211 -44.1 -1.010482 2.913919 -42.6 -2.112358 3.71873 -42.6 -2.583635 4.37803 -44.1 -2.561738 4.5 -42.6 1.017194 2.898331 -39.6 1.020536 2.919701 -41.1 2.112358 3.71873 -41.1 2.621862 4.43307 -39.6 2.561738 4.5 -41.1 1.017194 2.898331 -42.6 1.020536 2.919701 -44.1 2.112358 3.71873 -44.1 2.621862 4.43307 -42.6 2.561738 4.5 -44.1 -1 8.06174 -42.6 -1.121975 8.083641 -44.1 -1.781273 7.61236 -42.6 -2.591793 6.53326 -44.1 -2.586081 6.51049 -42.6 -1 8.06174 -39.6 -1.121975 8.083641 -41.1 -1.781273 7.61236 -39.6 -2.591793 6.53326 -41.1 -2.586081 6.51049 -39.6 1 8.06174 -44.1 1.066934 8.12187 -42.6 1.781273 7.61236 -44.1 2.601671 6.517199 -42.6 2.580298 6.52054 -44.1 1 8.06174 -41.1 1.066934 8.12187 -39.6 1.781273 7.61236 -41.1 2.601671 6.517199 -39.6 2.580298 6.52054 -41.1 1 9.624252 -41.1 2.440102 9.03986 -41.10009 3.746194 7.5275 -41.10002 4.124247 6.5 -41.1 4.220652 6.5 -39.6 1 9.431056 -44.1 2.672288 8.66189 -44.10023 3.948739 6.51499 -44.09988 4.027716 6.5 -42.6 -2.257647 9.24629 -39.60006 -1 9.720657 -39.6 -3.511561 8.066591 -39.60001 -4.239706 6.52874 -39.60028 -4.124247 6.5 -41.1 -1 9.52772 -42.6 -2.701131 8.7402 -42.60016 -4.050434 6.54258 -42.60023 -3.931051 6.5 -44.1 1 1.47229 -42.6 2.70113 2.259809 -42.60016 4.050134 4.4552 -42.60023 3.952879 4.48627 -44.09988 1.11577 1.24091 -39.60055 3.290333 2.618099 -39.60003 4.244335 4.47402 -39.60025 4.124247 4.5 -41.1 -1 1.568951 -44.1 -2.334232 2.141859 -44.09995 -3.516925 3.44669 -44.1 -3.931051 4.5 -44.1 -4.050434 4.45743 -42.60023 -1 1.375759 -41.1 -2.027489 1.753799 -41.10002 -3.539853 3.0599 -41.10009 -4.124247 4.5 -41.1 -4.220652 4.5 -39.6 3.746605 7.7571 -39.60005 2.566822 9.01143 -39.60001 1.026228 9.744591 -39.60024 3.240191 8.201141 -42.60016 1.043732 9.550255 -42.60023 -3.746194 7.5275 -41.10002 -2.440102 9.03986 -41.10009 -1 9.624252 -41.1 -3.516925 7.55331 -44.1 -2.334228 8.85815 -44.09995 -1 9.431056 -44.1 2.67229 2.338119 -44.10023 1 1.568951 -44.1 3.539853 3.0599 -41.10009 2.027494 1.753811 -41.10002 1 1.375759 -41.1 -2.70113 2.259809 -42.60016 -1 1.47229 -42.6 -3.747949 3.24535 -39.60006 -2.568164 1.98945 -39.60001 -1.026391 1.25522 -39.60025 2.591362 6.4657 -53 2.62811 6.36068 -45 2.702525 4.65138 -53 2.642025 4.47849 -45 1.283345 3.018869 -53 0.84862 2.79748 -45 -0.254283 2.746269 -53 -1.283345 3.018869 -45 -1.678593 3.26723 -53 -2.702525 4.65138 -45 -2.591362 4.53431 -53 -2.739975 6.0436 -53 -2.348475 7.08382 -45 -1.994411 7.41574 -53 -0.6990659 8.20449 -53 -0.5436 8.23998 -45 1.42871 7.94594 -53 1.583811 7.84848 -45 -4.061719 5.50163 -45.00038 -0.1256709 9.555706 -45.00026 4.027481 5.46647 -45.00011 -0.119142 1.445589 -45.00026 2.358711 2.16378 -45.00024 3.716238 3.97543 -45.00002 2.358707 8.836231 -45.00024 3.716238 7.02458 -45.00002 -2.338526 8.813031 -45.00005 -3.58612 7.30952 -45.00002 -2.338528 2.18697 -45.00005 -3.58612 3.69049 -45.00002 -1.476597 19.3 -34.95945 6.368513 19.3 -34.36379 -10.29594 19.3 -33.44155 11.83896 19.3 -32.85124 15.9427 19.3 -31.06759 -16.35968 19.3 -30.85006 21.53734 19.3 -27.57692 -20.1704 19.3 -28.50474 -24.5407 19.3 -24.88337 27.12485 19.3 -22.03793 -29.51758 19.3 -18.78981 31.36965 19.3 -15.50125 -32.45491 19.3 -12.88581 33.71694 19.3 -9.084755 -33.83626 19.3 -8.629754 34.89416 19.3 -2.596347 -34.81652 19.3 -3.039368 34.41152 19.3 6.339589 -34.75547 19.3 3.672132 -33.41259 19.3 10.24825 32.45491 19.3 12.88582 30.04988 19.3 17.84469 -30.31203 19.3 17.47926 26.08456 19.3 23.25991 -25.65716 19.3 23.73053 21.15721 19.3 27.81727 -21.58757 19.3 27.44708 16.35969 19.3 30.85005 -16.87238 19.3 30.60638 10.29594 19.3 33.44155 -9.614634 19.3 33.64376 2.556275 19.3 34.85532 -3.118921 19.3 34.77984 -15.36358 30.88333 13.5389 -13.87936 31.00591 12.23106 -16.67274 31.01451 12.02692 -15.21315 31.04625 10.74064 -13.78019 32.22395 12.14368 -15.36181 32.08402 13.53784 -15.25228 31.89689 10.77514 -16.6878 31.96247 12.04023 -12.12997 31.03613 8.023653 -10.81625 31.05106 9.530159 -10.82241 31.98411 9.54485 -12.14948 31.98519 8.040845 -12.37945 31.9941 10.90928 -13.6903 31.95376 9.39865 -12.38362 30.99806 10.91296 -13.65116 31.10311 9.364175 -14.64318 29.25741 12.90416 -13.52902 30.52776 11.92232 -13.80994 28.63577 12.16991 -14.38472 34.02448 12.67642 -13.19706 34.51605 11.62859 -12.91559 32.60676 11.38174 -11.96875 34.19185 10.54736 -11.07917 32.95687 9.7635 -12.9156 30.39324 11.38175 -12.78908 28.51712 11.27048 -12.15779 28.76197 10.71775 -11.61264 29.18047 10.23735 -11.09412 29.98675 9.78443 -19.07582 30.82143 6.147318 -19.26161 31.72885 6.311036 -18.92295 32.38078 6.012606 -18.30715 32.63419 5.46994 -17.76141 32.17857 4.989005 -17.89428 30.59265 5.106083 -18.63567 30.41492 5.759455 -17.57626 31.46236 4.825825 -0.8410941 19.6 -34.98051 6.919265 19.6 -34.25714 12.21036 19.6 -32.71501 16.29364 19.6 -30.88499 21.09766 19.6 -27.86246 26.82445 19.6 -22.46759 31.64616 19.6 -14.92866 33.81769 19.6 -8.702203 34.65287 19.6 -4.3062 34.92234 19.6 1.363117 34.01778 19.6 8.013674 32.30685 19.6 13.25265 30.34689 19.6 17.27517 26.46079 19.6 22.89477 20.708 19.6 28.15327 16.00915 19.6 31.0334 11.90918 19.6 32.82585 7.613749 19.6 34.07926 0.841088 19.6 34.98052 -6.919264 19.6 34.25714 -13.34018 19.6 32.30275 -18.23897 19.6 29.77759 -21.89712 19.6 27.20076 -26.03474 19.6 23.31567 -30.62465 19.6 16.92556 -33.57277 19.6 9.710639 -34.80994 19.6 3.113796 -34.83701 19.6 -2.39744 -34.01778 19.6 -8.013675 -32.30685 19.6 -13.25264 -29.17126 19.6 -19.32308 -24.97245 19.6 -24.40783 -21.64622 19.6 -27.40085 -16.9378 19.6 -30.57023 -9.686555 19.6 -33.62312 36.72906 32.09911 2.369199 36.58718 30.32985 4.932526 36.90111 19.60151 5.37629 36.50572 27.9076 6.06873 36.02362 26.11918 8.804397 36.25349 19.60163 8.665655 35.31541 19.60138 11.96904 34.03396 26.01176 14.80983 33.49665 19.60107 16.37175 31.26043 26.00176 19.95734 31.2067 19.60128 20.401 28.54993 26.00173 23.67304 28.4346 19.60107 24.11497 25.40036 26.00169 27.0247 25.22314 19.60106 27.45635 21.86019 26.00166 29.96074 21.62196 19.60106 30.37348 17.98378 26.00162 32.43607 17.68669 19.60106 32.8213 13.83085 26.00159 34.41256 13.47818 19.60106 34.76198 9.465229 26.00156 35.85983 9.061394 19.60106 36.16555 4.729996 26.04718 36.77929 5.685228 19.6014 36.83483 2.131561 19.602 37.23797 2.780127 26.81738 36.93856 1.255887 28.1629 36.97575 0.288675 30.33869 36.9181 -2.319105 19.60108 37.2114 -2.028356 32.66327 36.68061 -5.595408 32.09914 36.39526 -6.918801 19.60108 36.636 -10.09663 31.50716 35.46779 -11.41163 19.60108 35.49424 -13.32195 32.09341 34.31047 -15.72804 19.60108 33.80377 -16.52354 32.09392 32.90867 -19.80127 19.60108 31.59076 -20.5136 31.50031 30.64601 -23.56841 19.60108 28.88939 -24.15782 32.08989 27.79343 -26.97122 19.60108 25.7414 -27.43712 32.08795 24.56242 -29.95707 19.60108 22.1955 -30.31457 31.49291 21.00242 -32.47982 19.60129 18.30649 -32.69701 31.49068 17.05896 -34.50049 19.60108 14.13444 -34.56916 31.48862 12.84926 -36.30278 19.60108 8.626225 -35.9018 31.48671 8.438956 -36.67416 31.48496 3.896891 -37.17082 19.60108 2.897598 -36.87418 31.48336 -0.7060694 -37.24308 19.60108 -1.737404 -36.42985 31.9741 -5.494191 -36.73962 19.60108 -6.345566 -35.55363 31.48068 -9.807458 -35.66822 19.60108 -10.85564 -34.43451 32.07957 -13.01127 -34.04541 19.60108 -15.1979 -33.10266 31.47912 -16.26315 -31.89632 19.60108 -19.30522 -30.74259 32.07439 -20.28045 -29.2541 19.60108 -23.11416 -27.97276 32.07391 -23.95724 -26.15968 19.60108 -26.56573 -25.68637 32.08093 -26.36846 -23.09487 31.47705 -28.75694 -21.74598 19.60108 -30.32189 -18.83039 31.27827 -31.75134 -15.74248 19.60108 -33.83014 -14.20374 31.52733 -34.03599 -10.30506 19.60108 -35.83116 -9.849645 31.52602 -35.54102 -5.779006 19.60108 -36.83299 -5.414055 32.08618 -36.42856 -1.163604 19.60108 -37.26543 -0.8280043 32.08658 -36.81903 3.469795 19.60129 -37.12178 2.68977 32.09294 -36.71098 6.05299 32.08747 -36.32696 9.185974 19.60108 -36.1652 10.62176 31.52265 -35.31676 14.66412 19.60108 -34.2787 13.83625 32.09234 -34.10923 17.01885 31.5223 -32.71729 19.81331 19.60108 -31.61861 19.9473 32.09266 -30.93464 22.73563 32.09139 -28.96995 24.45127 19.60108 -28.14607 26.17199 32.09267 -25.90678 27.75503 19.60108 -24.89427 29.19944 32.09405 -22.43868 30.6297 19.60108 -21.25765 31.16936 32.09504 -19.57609 33.03089 19.60108 -17.29239 32.87223 32.09627 -16.59721 34.92144 19.60108 -13.05983 34.753 31.52369 -12.33437 36.27215 19.60108 -8.625374 35.95739 32.0994 -7.940267 37.06214 19.60108 -4.057587 36.52586 32.09912 -4.528446 36.86104 31.52494 -1.050207 37.27919 19.60108 0.5729082 27.83869 34.72136 18.88805 27.7584 35.0966 19.08421 27.14335 34.41998 20.61333 26.74569 30.82583 22.50481 26.58821 31.99067 22.71497 27.06222 29.59344 22.38934 26.63434 31.66151 22.42919 26.72824 33.30418 21.9688 26.6926 32.8523 21.88989 26.94323 33.75406 20.80349 27.26996 34.26566 19.93028 27.3284 34.33889 19.35122 27.77654 34.50683 18.48108 31.01692 34.53246 12.38292 32.0814 34.47592 9.020935 32.39717 34.74001 9.058472 31.41618 34.80052 11.99201 32.5781 35.01381 8.688068 31.39908 35.1652 12.09977 32.30876 35.39076 8.920759 29.72796 35.14863 15.77851 29.68306 34.71318 15.73842 32.95877 34.40128 8.061884 33.67318 33.33459 7.26311 33.76197 33.61681 7.087781 34.19865 30.84339 7.231798 34.36466 31.59795 6.863327 33.95587 32.17501 7.129547 33.68264 31.14618 7.205057 33.85319 31.44375 7.205971 33.53785 32.08902 7.108858 33.12815 33.01838 7.16804 33.39191 33.13382 7.325335 32.75082 33.80149 7.736482 34.08012 30.46005 7.455247 34.31237 29.63874 7.565909 33.6565 33.99839 6.922037 32.9841 34.10615 7.904493 32.44079 34.16986 8.206784 33.75214 28.7989 9.21137 33.76656 28.33222 9.844169 33.26116 28.51739 10.46135 33.67708 30.35381 7.518661 33.46516 28.97468 8.979079 34.02103 29.52593 8.121716 33.63198 29.70559 8.020298 32.62751 28.21658 13.11453 30.64651 28.4722 16.7314 28.53606 28.48345 20.077 28.3226 28.30781 20.84853 29.52885 28.05693 19.16728 31.36421 28.20214 15.94906 27.29934 29.35879 21.73473 26.94158 30.07533 22.29133 27.67561 28.93796 21.34204 28.10091 28.64251 20.76686 12.89906 28.5025 -11.36744 13.59796 28.62238 -12.36586 13.77524 29.07055 -13.32133 14.4528 29.6912 -13.64173 15.20248 30.85306 -13.6662 15.2061 32.10984 -13.67382 14.50643 33.3111 -13.5947 13.94622 34.11071 -12.87542 13.06264 34.4053 -12.4487 12.94063 34.51228 -11.40305 34.43658 28.8449 7.142913 34.54097 30.38502 6.331643 34.03328 27.57864 9.08408 32.67366 27.49998 13.17874 30.18771 27.49976 18.23892 26.42393 27.49994 23.33483 24.5072 31.61437 25.07218 21.4179 27.49994 28.02319 21.51131 30.91296 27.75005 19.34358 30.59523 29.32049 18.18224 28.89389 30.08091 17.01446 27.50027 30.8504 16.90382 28.29818 30.83577 13.30488 28.21952 32.56724 10.99834 27.50003 33.53686 9.328307 28.19942 33.92804 5.600587 28.35748 34.7081 4.732086 27.57856 34.9055 3.6622 29.28024 34.95221 3.003151 28.61965 35.04801 2.819482 30.53003 34.98087 1.927035 30.25618 35.07676 2.961174 31.04674 34.59259 2.835772 31.72965 34.23797 2.768246 32.35435 34.58057 2.511988 32.38945 34.79897 3.303721 33.91129 34.03997 3.031989 33.98277 34.18933 4.408516 34.99972 33.44022 3.967949 35.02936 33.51708 4.912528 34.74489 33.28124 4.060524 34.5441 33.62055 3.960815 34.19137 33.46438 3.394167 33.65876 33.7906 3.705182 34.00602 33.22949 4.901794 34.47041 32.96452 3.126823 33.33783 33.61576 2.955525 32.81235 34.17437 2.825107 32.5549 33.9523 7.580637 35.23972 32.76789 2.903479 30.99809 34.24727 9.986325 34.50997 31.80323 8.40491 34.66539 32.48836 6.663505 34.94387 33.00233 15.99871 35.04085 29.71484 12.01286 35.15842 31.43454 15.27645 34.75213 29.98908 11.7298 34.73149 31.50546 15.09126 34.49684 29.78776 18.89396 32.60785 29.23846 18.89618 30.63226 29.38135 18.95343 31.68179 29.26525 18.27846 32.88897 29.21064 17.50319 33.93161 29.41467 17.21325 33.75267 29.32962 16.19471 34.66098 29.72489 16.32843 34.23085 29.53944 18.18728 33.74928 29.25128 17.231 28.71096 30.36457 17.89883 29.12765 29.98288 18.4139 29.64272 29.68042 16.3776 28.49411 30.81499 6.359873 28.49975 34.29474 10.37113 28.47224 33.34044 5.219302 28.77125 34.35554 4.114571 29.23152 34.75338 3.285034 30.11009 34.78447 3.387216 30.12245 34.39427 4.185472 29.32683 34.39988 10.87808 30.65893 -9.586153 11.26997 29.72349 -9.940767 12.03747 28.83717 -10.61366 11.32379 33.36147 -9.987376 12.03269 34.14712 -10.60541 10.94302 32.58007 -9.64337 10.83083 31.82815 -9.563312 10.91006 30.89348 -9.615204 12.30472 28.60056 -11.94269 12.20915 34.37846 -11.54073 12.89422 28.7495 -12.78121 11.10885 29.40636 -10.66994 11.1584 29.21186 -11.83736 12.02881 29.13008 -13.11838 10.57538 30.0463 -12.38594 11.25853 29.66393 -13.07809 12.55257 29.66393 -13.90281 10.41519 30.20204 -11.2388 11.26644 30.32788 -13.68085 12.92364 30.32789 -14.37789 10.34358 31.08901 -10.37607 14.36085 30.56174 -14.15807 10.1316 31.5 -11.106 10.21377 31.5 -12.40764 10.83489 31.50001 -13.55448 11.88015 31.5 -14.33452 13.15633 31.5 -14.60357 14.42754 31.5 -14.3119 10.68659 32.72784 -10.29646 10.39502 32.73355 -11.13816 10.41388 32.72784 -12.0345 10.69114 32.73355 -12.88102 11.2486 32.72784 -13.58318 11.98162 32.73355 -14.0893 13.08183 32.66221 -14.36603 14.05995 32.75113 -14.186 11.24844 33.7459 -10.82009 11.10734 33.7459 -11.67921 11.34001 33.7459 -12.51818 11.97979 33.53764 -13.48852 13.00453 33.78815 -13.55527 12.0673 34.14485 -12.60683 30.35739 35.50017 14.03333 27.42147 35.4988 19.11968 24.85685 35.49664 22.37989 24.42546 33.80107 24.31448 21.06467 32.72777 27.733 20.53949 34.23743 27.3674 17.19475 35.50053 28.71707 34.44635 31.92231 6.1729 21.71517 35.49647 25.43421 10.10431 35.50017 31.88116 5.40747 35.48072 32.98225 2.655895 33.96225 34.24612 1.865152 32.34586 34.85872 10.59502 36.74885 33.1257 4.843397 36.73602 34.41515 10.94174 35.49988 32.34951 5.352576 35.47437 33.64354 15.78445 36.75723 30.94805 17.02584 35.49999 29.5218 20.5293 36.75566 28.06275 22.34308 35.49989 25.82634 24.68791 36.7557 24.44242 28.1938 35.49988 19.26973 27.59524 36.75584 21.1061 30.0545 36.75592 17.42794 31.43671 35.49999 13.17572 32.0261 36.75593 13.4677 32.69506 35.47769 9.5705 33.54767 36.72693 9.094549 34.86098 30.20485 6.380729 34.62063 32.49805 6.256009 36.42707 32.37844 4.83666 35.57647 34.68448 5.680362 33.92593 34.07199 7.070016 34.4738 36.06086 7.247357 33.21537 35.08428 8.255742 34.69374 28.49046 7.510957 34.28136 27.54675 9.33438 32.26197 27.50015 15.05087 27.57843 27.50015 22.51209 22.02936 27.50005 27.9151 16.48494 27.50006 31.5086 10.11017 27.50008 34.1043 5.214086 27.5257 35.13279 2.424809 29.29161 35.37661 3.601626 28.10312 35.32083 1.806746 30.77409 35.36118 0.2045636 32.32713 36.75576 1.918798 32.59081 35.10639 1.120485 34.62512 36.03717 2.818767 36.03728 35.13034 4.002537 35.07751 33.99233 2.629416 33.94099 34.60808 -1.380183 39.67969 -30.91515 4.338875 40.07985 -29.6076 4.681059 39.13741 -31.69961 -3.266952 38.42881 -32.93219 3.246539 37.58675 -33.8456 -0.7114655 37.67752 -33.89665 2.592504 35.80035 -35.34729 -1.107769 34.61431 -36.0382 3.431195 34.0504 -36.10687 8.318265 40.37765 -27.37137 0.959618 40.47726 -27.85602 16.68991 40.4682 -22.51304 12.50285 40.07269 -27.21129 20.92035 40.21469 -20.7194 17.98355 39.853 -24.6116 26.82525 36.67971 -22.1501 25.24038 38.46318 -21.28405 28.80699 36.6814 -19.53151 29.8345 34.61431 -20.24554 32.13668 34.61431 -16.34666 34.33464 33.48263 -12.34043 35.33118 35.70249 3.254914 33.58012 37.5875 5.332144 23.23202 39.71858 -20.33095 21.28632 39.07551 -24.02468 28.36637 37.99497 -17.94759 31.02776 36.68141 -15.76705 33.21419 35.80855 -12.28226 27.7965 39.10245 -16.04704 34.35833 35.15219 -9.95958 35.30279 34.48041 -7.59578 31.68098 37.61979 -12.29942 24.68671 40.46821 -13.26482 26.42771 40.08988 -13.8976 33.97409 36.6814 -7.555379 36.11026 34.05041 -3.395324 36.50016 33.4918 -0.02175259 28.76336 39.64615 -11.62042 30.47823 39.08635 -10.06199 32.02724 38.40114 -8.339114 35.33752 35.68578 -3.30961 32.07975 39.07551 1.087458 31.53896 39.07677 6.094849 29.7928 40.0946 -1.125064 29.55996 40.06645 4.8258 27.69572 40.47357 -3.152135 27.12962 40.46113 7.235498 28.90673 39.67719 11.06446 27.22738 40.21081 10.90275 24.4108 40.09134 17.25456 27.64456 39.35941 15.27231 28.4555 38.38866 16.89785 25.47999 38.39079 21.15763 20.54846 38.00608 26.57589 21.16735 39.07551 24.12957 23.42947 39.63612 20.41786 17.84978 39.853 24.70879 17.51578 40.35126 22.87699 22.75394 40.47648 15.98584 10.93588 40.46715 25.89046 12.21077 40.08988 27.2482 6.816955 40.07225 29.12618 -10.19775 33.48263 35.03083 2.738903 39.00829 32.08676 -2.093915 39.07677 32.05417 0.4043602 37.69651 33.91434 -0.7234171 36.76676 34.72738 -5.365227 37.58675 33.57499 -2.240407 35.68801 35.43795 -9.170021 35.80035 34.23541 -5.664758 34.61432 35.60744 5.037881 39.63612 30.66674 -14.42091 34.0504 33.27937 -0.2225992 40.47422 27.87208 -2.570208 40.09346 29.77527 -9.530994 37.58675 32.63779 -14.12382 35.68578 32.56089 -7.079367 39.07551 31.30775 -18.37491 34.61431 31.02165 -21.43664 33.49181 29.54204 -13.54647 37.58676 31.18587 -11.48459 39.13202 29.89012 -18.53139 36.60026 29.56004 -10.66552 40.35696 26.78183 -16.3934 40.47649 22.67579 -20.93786 39.13741 24.25662 -24.47638 38.73298 21.52584 -24.07547 37.58676 24.00909 -27.18346 37.99497 19.69331 -27.52374 36.6814 21.3018 -29.38989 36.67971 18.61331 -29.59815 34.74791 20.47467 -31.63767 35.68579 16.08575 -30.80643 33.49182 19.57615 -32.67445 33.34035 16.32241 -34.33462 33.48263 12.34045 -19.11923 40.11423 22.85287 -23.26574 40.04035 18.92894 -26.18313 39.13254 18.43051 -30.31636 37.58676 15.39427 -33.21418 35.80855 12.28228 -35.32573 33.48109 9.053697 -34.35834 35.15218 9.959589 -36.18112 32.89642 5.715696 -29.19469 39.1675 13.08812 -32.37722 37.1359 11.62539 -35.6152 34.61431 5.6158 -22.97172 40.48085 15.56797 -27.22814 39.85511 13.76849 -31.15824 38.38867 11.15424 -33.97407 36.68141 7.555399 -36.61219 32.89639 1.13598 -25.83606 40.35917 12.65351 -36.0382 34.61431 1.107763 -27.69573 40.47357 3.152129 -28.68077 40.21154 6.2789 -29.94497 40.07269 0.2730939 -34.88199 35.69907 -6.604252 -33.17182 37.58676 -7.462889 -32.50888 36.60026 -12.66414 -34.94326 34.62602 -8.936097 -32.92218 34.72948 -14.56104 -34.72041 33.49182 -11.25848 -31.9958 33.49182 -17.56501 -32.09585 39.08634 0.1512316 -30.62615 39.63732 -4.965853 -32.94205 38.38867 -3.173898 -31.57791 38.73713 -8.163695 -30.81219 38.40114 -12.07867 -30.63515 35.80857 -17.76298 -27.12963 40.46113 -7.235497 -29.54445 39.67719 -9.227535 -29.79334 37.58975 -16.43531 -28.75022 35.69907 -20.82776 -28.35548 34.48041 -22.35956 -28.15804 40.21154 -8.314826 -28.54898 39.3594 -13.50635 -25.47738 34.61432 -25.5124 -27.18043 39.08635 -17.07016 -26.83723 37.58677 -20.87648 -22.34646 33.48262 -28.84076 -26.33516 40.09109 -14.00074 -24.02279 36.60026 -25.30048 -17.43115 39.13202 -26.86019 -14.76256 38.73298 -29.06066 -17.26749 37.58676 -29.28991 -13.76621 37.68271 -30.97773 -11.454 36.78198 -32.77596 -14.06751 35.68577 -32.58526 -9.959592 35.15218 -34.35834 -9.053696 33.48109 -35.32573 -5.615802 34.61431 -35.6152 -19.29806 40.07269 -22.89893 -14.6122 39.853 -26.75113 -7.5554 36.68141 -33.97408 -22.75394 40.47648 -15.98584 -8.925799 40.48346 -26.3426 -16.41393 40.42837 -23.0785 -11.34001 39.13254 -29.94402 -8.339131 38.40113 -32.02725 -10.69498 40.21273 -27.38436 -3.237751 36.68141 -34.65312 -8.422582 39.85511 -29.32581 -5.853782 39.3594 -31.03544 24.63688 36.6814 -24.58346 21.09416 38.31032 -25.66236 17.07015 39.08635 -27.18043 27.06179 34.61432 -23.82517 21.53631 36.78196 -27.23318 12.41738 39.13741 -29.53957 23.8623 34.61431 -27.02906 17.34826 37.58676 -29.24214 18.98141 35.69906 -30.00127 20.53498 34.48041 -29.7035 12.57163 37.58975 -31.61828 15.80432 35.80855 -31.69006 7.521968 38.30628 -32.33084 16.58127 33.48263 -32.49946 12.05138 35.68578 -33.38349 7.629173 36.68141 -33.95759 11.25847 33.49182 -34.72042 7.889357 34.61431 -35.18149 6.346102 38.33414 32.5719 33.98266 37.58676 1.11489 32.81986 38.40114 -4.259298 33.9673 37.48969 -2.923664 35.47579 35.68391 0.02515548 29.30518 40.08128 -5.862419 31.34176 39.3594 -3.89351 30.53828 38.46094 12.55688 32.20494 37.98909 9.391734 17.9762 39.07551 26.59227 14.50157 39.07551 28.63559 10.79822 39.07551 30.22732 13.29373 38.00608 30.85116 -10.42328 39.85511 28.67575 -22.02183 35.56249 27.92284 -16.28529 38.46094 28.72372 -25.00504 35.31802 25.53236 -20.87648 37.58677 26.83724 -27.06179 34.61432 23.82518 -15.89139 39.63732 26.64741 -32.61114 38.31031 6.327259 -34.65312 36.68141 3.23775 -36.32122 33.4826 -3.452984 -30.10894 39.67969 7.148643 -31.8238 39.08635 4.172694 -35.39288 35.79452 -1.417375 -33.89664 37.67753 0.7114723 -34.53345 36.78197 -3.591496 -24.82668 39.08635 -20.34213 -21.569 35.5625 -28.27409 -18.55555 33.48262 -31.41409 -23.81828 40.07225 -18.09682 -23.69691 37.98909 -23.74487 -21.85599 39.02136 -23.65545 -20.80233 37.58676 -26.89476 -18.04058 35.68579 -30.56519 -15.51272 33.48109 -33.00353 -12.34045 33.48262 -34.33462 -3.562741 40.21081 -29.11197</float_array>
          <technique_common>
            <accessor source="#rplidar-mesh-positions-array" count="991" stride="3">
              <param name="X" type="float"/>
              <param name="Y" type="float"/>
              <param name="Z" type="float"/>
            </accessor>
          </technique_common>
        </source>
        <source id="rplidar-mesh-normals">
          <float_array id="rplidar-mesh-normals-array" count="5700">0 1 0 0 1 0 0 1 0 0 1 0 0 1 0 0 1 0 0 1 0 0 1 0 0 1 -1.46515e-7 0 1 -1.93615e-7 0.997183 0.04230779 0.06193774 0.995289 0.02904403 0.09250122 0.9514386 0.04211944 0.3049436 0.9424185 0.02923089 0.3331564 0.8474137 0.04192841 0.5292752 0.8322865 0.02942055 0.5535646 0.6914759 0.04173481 0.721193 0.671586 0.02961325 0.7403347 0.4931767 0.04153788 0.8689369 0.4700865 0.02980899 0.8821169 0.2646585 0.04133707 0.9634558 0.2400337 0.0300095 0.9703006 0.01991957 0.04113274 0.9989552 -0.004598021 0.03021401 0.9995329 -0.226051 0.04092359 0.9732555 -0.2489385 0.0304228 0.9680414 -0.4581831 0.04070878 0.8879252 -0.4781465 0.03063768 0.8777456 -0.6622526 0.04048949 0.7481859 -0.6782993 0.03085803 0.7341375 -0.8257532 0.04026347 0.5625929 -0.8372439 0.03108441 0.5459455 -0.93866 0.04003059 0.3425129 -0.9376143 0.04134851 0.3452098 -0.9815358 0.02652239 0.1894309 -0.9918381 0.04543608 0.1191336 -0.9995324 0.0300579 -0.005626142 -0.9986982 0.03701013 -0.03510403 -0.9883895 0.0343877 -0.1479994 -0.9824052 0.04206252 -0.181964 -0.9576346 0.02541077 -0.2868633 -0.9151748 0.05062252 -0.3998657 -0.8695802 0.02079665 -0.4933537 -0.7889108 0.0505771 -0.6124229 -0.7225123 0.02084106 -0.691044 -0.6143082 0.05053001 -0.7874467 -0.5315528 0.02088654 -0.8467677 -0.4020692 0.0504812 -0.9142166 -0.3145452 0.02287626 -0.9489668 -0.18317 0.04508662 -0.9820469 -0.1455805 0.03695046 -0.9886562 -0.1113702 0.03517931 -0.9931562 -0.08942997 0.03473412 -0.9953873 -0.04462444 0.04096639 -0.9981635 -0.0317282 0.03682142 -0.9988182 0.02688944 0.03304153 -0.9990923 0.08010172 0.04074013 -0.9959539 0.0839402 0.04186701 -0.9955909 0.1140348 0.03521895 -0.9928524 0.1379515 0.03213471 -0.9899176 0.1347212 0.03021037 -0.9904229 0.141103 0.02898848 -0.9895705 0.08734858 0.03735363 -0.9954773 0.05339527 0.01669573 -0.9984339 0.02612215 0.0542559 -0.9981854 -0.02189081 0.04743033 -0.9986348 -0.04988628 0.01027613 -0.9987021 -0.06852376 0.03419154 -0.9970635 -0.1149426 0.03387939 -0.9927943 -0.1346412 0.02994889 -0.9904417 0.9876841 0.02885901 -0.1537772 0.981846 0.04249441 -0.184859 0.920065 0.02867698 -0.390715 0.9063675 0.04267919 -0.4203292 0.7965418 0.0284962 -0.6039116 0.7753714 0.04286324 -0.6300492 0.6246204 0.02831673 -0.7804151 0.5968806 0.04304581 -0.8011747 0.4338785 0.02969193 -0.9004821 0.400471 0.04056429 -0.9154111 0.2886478 0.03147166 -0.956918 0.2504331 0.04124575 -0.9672549 0.9987518 0.0121423 -0.04845279 0.9987518 -0.0121417 0.04845231 0.6660801 0.001439154 0.7458789 0.6556504 0.004346132 0.7550521 0.07029277 -0.004347681 0.9975169 0.007195532 0.00887221 0.9999348 -0.7121496 -0.008872389 0.7019717 -0.8156401 0.02490657 0.5780232 -0.9971728 -0.0266236 0.07026946 -0.9274231 0.03308337 -0.372548 -0.701825 -0.02267241 -0.7119886 -0.3052378 0.02267026 -0.9520063 -0.1139808 -0.01070237 -0.9934253 0.6172283 0.003003001 -0.7867784 0.6002252 -0.003001332 -0.7998255 0 -1 0 0 -1 0 0 -1 1.34107e-6 0 -1 8.52263e-7 0.9999347 -0.008872449 0.007194876 0.9975175 0.004345834 0.07028681 0.7550566 -0.004347145 0.6556454 0.7121407 0.008874237 0.7019807 -0.04845267 -0.009730994 0.9987781 -0.119891 0.007751524 0.9927569 -0.7724848 -0.006939828 0.6349954 -0.8406589 0.01705062 0.5412965 -0.9982022 -0.02023035 -0.05641978 -0.9276675 0.02369427 -0.3726549 -0.7549162 -0.01958048 -0.6555291 -0.3051697 0.03161185 -0.9517732 0.007193684 -0.0243929 -0.9996766 0.6555624 0.01695287 -0.7549507 0.6384088 0.01063728 -0.7696241 0 -1 1.99687e-7 0 -1 -3.81861e-7 0.9975166 0.00439912 -0.07029503 0.9987781 0.009732007 -0.04845398 0.7019763 -0.008871138 0.7121452 0.6556504 0.004347741 0.7550521 0.0702877 -0.004345893 0.9975174 -0.9274206 0.03308385 -0.372554 -0.701821 -0.02267181 -0.7119925 -0.07028436 -0.01816058 -0.9973617 0.600102 0.02075648 -0.7996543 0.7121333 -0.01063269 -0.7019637 0 -1 4.71387e-7 0 -1 -1.05999e-6 0 -1 -7.67918e-7 0 -1 1.05997e-6 0.9927574 -0.007749378 -0.1198871 0.9987781 0.009731948 -0.04845368 0.7019775 -0.00887233 0.7121439 0.6171625 0.0147652 0.7866972 0.07027763 -0.0175026 0.997374 -0.1636357 0.02253836 0.9862634 -0.7404313 -0.017048 0.6719158 -0.8406552 0.01704841 0.5413025 -0.9982022 -0.02023255 -0.05641978 -0.9276675 0.0236932 -0.3726549 -0.7549203 -0.01958119 -0.6555244 -0.3051676 0.03161221 -0.9517739 0.6218317 0.01442092 -0.7830183 0.6002077 0.00775212 -0.7998067 0 -1 -6.60775e-7 0 -1 1.34109e-6 0.9266642 0.3748672 0.02771437 0.9266614 -0.374874 -0.02771478 0.956639 0.2213891 -0.1892847 0.9740426 -0.05957329 -0.2183854 0.9313809 0.06839424 -0.3575642 0.9320816 0.01673752 -0.3618617 0.8272415 -0.2037564 -0.5235979 0.835449 0.04893374 -0.5473853 0.7262414 0.2176371 -0.6520794 0.6813863 -0.2598226 -0.6842551 0.6315146 0.2055858 -0.747612 0.580657 -0.2073503 -0.7873013 0.4996713 0.1583244 -0.8516231 0.485134 -0.0512734 -0.8729354 0.3710415 0.05960738 -0.9267013 0.3571088 -0.0972743 -0.9289839 0.2075018 0.09725821 -0.9733878 0.1945831 -0.05958378 -0.9790747 0.06963419 0.05129134 -0.9962531 0.05833989 -0.0512858 -0.9969787 -0.0583412 0.05128687 -0.9969785 -0.06963002 -0.05126786 -0.9962547 -0.1945852 0.05960631 -0.9790729 -0.1965703 0.03894215 -0.9797161 -0.3276317 -0.1588062 -0.9313637 -0.35426 0.1587969 -0.9215658 -0.4854063 -0.03895914 -0.8734203 -0.4864969 -0.05959546 -0.8716474 -0.6001203 0.05957388 -0.7976883 -0.609287 -0.09726351 -0.7869619 -0.7304741 0.1090958 -0.6741704 -0.741199 -0.1090758 -0.6623644 -0.8458759 0.1090966 -0.5221034 -0.8541476 -0.1090863 -0.5084605 -0.9277908 0.09728759 -0.3601937 -0.9238731 -0.191051 -0.3315994 -0.9413827 0.2708393 -0.2011086 -0.960664 -0.2276195 -0.1591042 -0.9987995 -0.04889613 -0.002992987 -0.9987992 0.04890102 0.002992928 -0.964388 0.217628 0.1503126 -0.9443469 -0.2598233 0.2017447 -0.9371131 0.2055857 0.2820526 -0.8727487 -0.3400005 0.3502988 -0.7826175 0.4680261 0.4104408 -0.7609777 -0.3942901 0.5152168 -0.6963805 0.3597777 0.6209784 -0.7281666 0.01674938 0.6851955 -0.5915215 -0.1785821 0.7862638 -0.5002679 0.4266092 0.7534831 -0.451443 -0.3124073 0.8358235 -0.3340523 0.221367 0.916191 -0.3181889 -0.05960011 0.946152 -0.1870506 0.05957764 0.9805421 -0.1729448 -0.09726828 0.9801169 0.002139747 0.1214839 0.9925912 0.008023202 0.0279749 0.9995765 0.1843724 -0.1786044 0.9664924 0.2211619 0.3372282 0.9150763 0.322142 -0.3399919 0.8835328 0.3937751 0.3347414 0.8560896 0.5395634 -0.2493311 0.8041799 0.5432906 0.03985846 0.838598 0.6945512 -0.2037231 0.6899968 0.7195717 0.04892218 0.6926928 0.804245 0.2381146 0.5445103 0.7917405 -0.3748818 0.4822974 0.9050149 0.221363 0.3632444 0.9354681 -0.05959832 0.3483499 0.974043 0.05957323 0.2183835 0.9566413 -0.2213796 0.1892848 -3.60413e-6 1 3.70104e-7 -4.21683e-6 1 3.70702e-7 -3.8127e-6 1 1.13435e-6 -3.51432e-6 1 2.12546e-6 -3.95411e-6 1 7.53098e-7 -3.02079e-6 1 2.90813e-6 -3.46286e-6 1 1.5419e-6 -2.57662e-6 1 3.54395e-6 -2.50753e-6 1 3.02119e-6 -2.69915e-6 1 2.87641e-6 -4.4304e-6 1 0 -3.55953e-6 1 -8.49723e-7 -4.08779e-6 1 -1.11255e-6 -3.60697e-6 1 -1.6761e-6 -3.3573e-6 1 -2.42105e-6 -3.46693e-6 1 -1.76567e-6 -2.72562e-6 1 -3.12527e-6 -3.18826e-6 1 -2.82127e-6 -2.40814e-6 1 -3.03067e-6 -2.44187e-6 1 -3.56296e-6 -1.25854e-6 1 -3.44154e-6 -1.14362e-6 1 -2.98379e-6 -6.99859e-7 1 -3.25283e-6 1.20342e-7 1 -4.29346e-6 0 1 -3.80072e-6 7.94235e-7 1 -3.22116e-6 1.16792e-6 1 -5.20268e-6 1.41632e-6 1 -3.22489e-6 2.32391e-6 1 -4.37771e-6 2.27596e-6 1 -3.37524e-6 2.69511e-6 1 -3.25367e-6 3.02719e-6 1 -2.26897e-6 2.69607e-6 1 -3.13078e-6 3.40997e-6 1 -2.99753e-6 3.36755e-6 1 -1.75987e-6 3.58448e-6 1 -1.80901e-6 3.96213e-6 1 -1.09289e-6 3.56999e-6 1 -6.64307e-7 2.04705e-6 1 -1.42069e-6 7.27248e-7 1 0 7.99285e-7 1 0 5.39063e-7 1 1.10668e-6 4.08508e-6 1 9.01564e-7 3.49757e-6 1 1.77171e-6 3.98666e-6 1 9.3946e-7 3.11961e-6 1 2.5964e-6 3.43902e-6 1 1.69226e-6 2.76626e-6 1 2.65314e-6 2.48622e-6 1 3.585e-6 3.01265e-6 1 3.46814e-6 2.16696e-6 1 3.22706e-6 2.11321e-6 1 4.53437e-6 1.48721e-6 1 4.21125e-6 9.34792e-7 1 4.24792e-6 2.19864e-6 1 -3.24892e-6 -1.61626e-7 1 -2.763e-6 -9.20262e-7 1 -1.09641e-6 0 1 0 -3.42605e-6 1 2.31629e-6 -1.17156e-6 1 5.45261e-6 1.46394e-6 1 3.26009e-6 -2.73917e-7 1 2.15205e-6 -2.57096e-6 1 9.44565e-7 -2.16629e-6 1 5.31529e-6 -5.99472e-7 -1 0 1.90911e-7 -1 7.7173e-7 4.77624e-7 -1 8.96263e-7 -9.26469e-7 -1 1.23456e-6 3.4007e-7 -1 1.06063e-6 9.70109e-7 -1 1.06942e-6 1.2038e-6 -1 4.83569e-7 1.06288e-6 -1 7.06936e-7 6.69963e-7 -1 -4.74786e-7 5.88786e-7 -1 -8.69175e-7 1.31617e-6 -1 1.22324e-7 1.12816e-6 -1 0 0 -1 1.02497e-6 2.16824e-7 -1 6.76244e-7 9.01536e-7 -1 -3.82846e-7 8.49449e-7 -1 3.41234e-7 -5.54886e-7 -1 0 9.22303e-7 -1 -1.60201e-6 -1.18348e-6 -1 1.90271e-6 -5.96398e-7 -1 -6.86813e-7 -1.01044e-6 -1 6.58882e-7 0 -1 5.57317e-7 0 -1 -4.0985e-6 2.04395e-5 -1 1.95171e-5 1.05441e-5 -1 1.00683e-5 -6.80985e-6 -1 -2.40786e-6 7.99293e-7 -1 -5.1467e-7 -6.20027e-7 -1 -9.87707e-7 2.40653e-7 -1 -1.45048e-6 1.07751e-6 -1 -8.1693e-7 1.15879e-6 -1 -7.4614e-7 2.33185e-7 -1 -1.93095e-6 7.96841e-7 -1 -9.95591e-7 -9.22187e-7 -1 -9.09033e-7 1.90794e-6 -1 -8.20833e-7 5.95601e-6 -1 -2.56238e-6 2.35504e-6 -1 1.6594e-7 -8.19976e-6 -1 7.56296e-6 -2.19189e-5 -1 2.02167e-5 -1.38512e-6 -1 0 -9.03608e-7 -1 1.20408e-6 -9.49529e-7 -1 1.02769e-6 3.77097e-7 -1 1.17611e-6 -5.16645e-7 -1 9.48419e-7 8.40592e-7 -1 3.37675e-7 -1.86164e-7 -1 7.2393e-7 -1.17898e-6 -1 0 -1.03907e-6 -1 -9.93813e-7 -8.1636e-7 -1 -1.04061e-6 -9.93223e-7 -1 -5.63502e-7 -4.66434e-7 -1 6.21545e-7 -1.32919e-6 -1 -1.83586e-6 1.67065e-6 -1 2.30748e-6 -5.77299e-7 -1 0 0 -1 5.43659e-7 -0.589779 -0.8074752 0.01202726 -0.6843931 -0.7219043 -0.1022753 -0.8656107 -0.4978918 0.0531215 -0.6843925 -0.7219049 -0.1022754 0.5905455 -0.8069401 -0.01018041 0.6870861 -0.7183936 0.1087356 0.8654293 -0.4977898 -0.0568999 0.6870873 -0.7183924 0.1087354 0.8654301 -0.4977886 -0.05689972 -0.4978896 0.8656117 0.0531249 -0.7219038 0.684394 -0.1022732 -0.8074736 0.5897813 0.0120278 -0.7219061 0.6843916 -0.1022729 0.497788 0.8654301 -0.05690485 0.718393 0.687087 0.1087335 0.8069424 0.5905425 -0.01018255 0.4977859 0.8654313 -0.05690491 0.7183941 0.6870859 0.1087333 0.806942 0.5905429 -0.01018255 5.76398e-5 0 1 2.9732e-5 4.85693e-5 1 1.5001e-5 5.58691e-5 1 1.1017e-5 7.33572e-6 1 1.51028e-7 1.86543e-5 1 0.01330244 0.9999095 0.002037346 0.01062303 0.9999434 -6.82483e-4 1.36603e-4 0 1 8.4398e-5 1.46529e-4 1 1.3899e-4 1.0096e-4 1 -8.69822e-5 1.107e-4 1 0.004055738 0.9999895 0.002169668 0.0120595 0.9998835 0.00935775 1.53548e-5 -3.19902e-5 -1 5.11958e-5 0 -1 -5.84452e-6 -3.83627e-5 -1 6.71566e-6 -4.05361e-6 -1 1.70398e-4 9.34145e-5 -1 -0.02169626 0.9996482 0.01525717 0.01103657 0.9997714 -0.01830971 9.33092e-5 0 -1 5.59894e-5 -9.6695e-5 -1 9.53049e-5 -6.71145e-5 -1 1.54833e-4 -6.38629e-5 -1 -0.02482432 0.9995753 0.01526832 0.0219047 0.9994053 -0.02663069 -9.32983e-5 1.14196e-6 -1 -6.76474e-5 7.1237e-5 -1 -1.62323e-4 6.78387e-5 -1 -0.009855628 -0.998975 -0.0441786 0.01548504 -0.9996443 -0.02171504 2.85598e-5 3.33072e-4 -1 -9.68602e-6 1.24343e-5 -1 -1.55383e-4 -3.91091e-5 -1 0 -0.999006 -0.04457575 0.02522325 -0.9994949 -0.01933383 3.88411e-5 9.32852e-7 1 2.46083e-5 2.47989e-5 1 -2.30269e-5 1.99557e-5 1 -2.78702e-6 0 1 -0.08984941 -0.9925723 0.08202141 0.02857816 -0.9992512 -0.02608811 -1.95374e-5 -4.06066e-7 1 -9.38678e-6 -9.09568e-6 1 -5.8825e-5 -2.0674e-5 1 -6.21762e-6 -6.29473e-5 1 -0.0786578 -0.9935288 0.08193588 0 -3.96075e-5 -1 -2.24384e-5 -2.03492e-5 -1 -1.8222e-5 1.49154e-5 -1 7.41285e-5 -1.46118e-4 -1 0.9990059 0 -0.04457825 0.9994958 0.02506929 -0.01949077 0 -9.47111e-5 -1 -7.18753e-5 -6.81324e-5 -1 -6.63193e-5 -1.6134e-4 -1 0.999006 0 -0.04457813 0.9994051 0.01622891 -0.03043156 0 1.87124e-5 1 -9.38681e-6 8.62306e-6 1 -2.11771e-5 6.32565e-5 1 -6.03997e-5 4.98375e-6 1 -0.9935283 0.0786609 0.0819391 -1 0 0 0 0 1 1.22178e-5 -4.7549e-5 1 3.97393e-5 -3.50077e-6 1 -0.9925717 0.08985298 0.08202469 -8.37608e-5 5.01873e-5 1 0 -1.64808e-4 1 9.36705e-5 -1.27839e-4 1 1.36054e-4 -2.09551e-6 1 0.9998825 -0.01520144 0.00201106 0.9999271 -0.01205646 -7.76913e-4 0 -6.09249e-5 1 5.40584e-5 -2.79367e-5 1 5.3337e-5 -1.212e-5 1 1.1017e-5 -1.00238e-5 1 2.41647e-5 -2.48121e-7 1 0.9999095 -0.01329964 0.00203824 0.9956764 0.05924218 -0.07154691 1.54885e-4 8.70027e-5 -1 1.40314e-4 5.38722e-5 -1 6.23137e-5 8.48178e-5 -1 9.05235e-5 6.87067e-7 -1 -0.9995753 -0.02481979 0.01526999 -0.9999735 -0.007270395 -4.68506e-4 3.07107e-5 1.8401e-5 -1 0 4.86471e-5 -1 4.08828e-5 -3.48398e-6 -1 0 5.54946e-6 -1 -8.31536e-5 1.50273e-4 -1 -0.9996483 -0.02169245 0.0152592 -0.9998125 0.009592354 -0.01682269 0.9981212 0.06115466 -0.003782033 0.999943 0.007392585 0.007721781 0.7546688 -0.6560513 -0.008470892 0.6837761 -0.7294948 0.01696902 0.1745365 -0.9844905 -0.01776009 -0.1032657 -0.9944404 0.0206021 -0.3434816 -0.9390804 -0.01218378 -0.7545875 -0.6559814 0.01691609 -0.8113884 -0.5845012 -0.00272113 -0.9951109 -0.09798401 -0.01239353 -0.9891364 0.1439722 0.02968549 -0.8785088 0.4773452 -0.01907598 -0.520041 0.8540511 0.0124185 -0.5393854 0.8420321 0.006746649 0.1206217 0.9926756 -0.00674808 0.1809806 0.9834502 0.008472204 0.7863966 0.6176738 -0.007721602 0.8184918 0.5745059 0.003782093 0 0 -1 7.84944e-7 0 -1 1.60374e-6 0 -1 -0.9892264 0.1343466 -0.05815792 -0.97591 0.2180829 -0.006303012 -0.8985875 0.4254839 -0.107257 -0.7616299 0.647955 -0.00861448 -0.6819635 0.724865 -0.09745001 -0.3520845 0.9334608 -0.06846672 -0.2674146 0.9635816 -9.64895e-5 -0.1657075 0.984532 -0.05690157 0.2359406 0.9717105 -0.01053184 0.1020594 0.9914475 -0.08133739 0.161529 0.9847953 -0.06392711 0.09931176 0.9939864 -0.04613137 0.175076 0.9810436 -0.0830779 0.4271869 0.8976154 -0.1086193 0.6451721 0.7640002 -0.007528781 0.7250257 0.681939 -0.09642148 0.9335141 0.3520204 -0.06806749 0.9613304 0.2752835 -0.007939219 0.9841415 0.1657252 -0.06325078 0.9841853 0.1654326 -0.06333678 0.9367847 0.3446741 -0.06028562 0.9012835 0.4172304 -0.1166495 0.7562789 0.6531335 0.03819519 0.9891896 0.1309512 -0.06599819 0.9710331 0.2339106 -0.04879236 0.9717078 -0.2359786 -0.009905695 0.9916644 -0.1000916 -0.08113843 0.9852851 -0.1585875 -0.06374466 0.9950231 -0.08811682 -0.04652374 0.98835 -0.1366925 -0.0669288 0.8824795 -0.4536358 -0.1242761 0.7591761 -0.6506742 0.01657605 0.5255439 -0.8297529 -0.1879198 0.2665182 -0.9625407 0.04983437 0.06618809 -0.9933277 -0.0944426 0.1588044 -0.9852847 -0.06320774 0.1594789 -0.9851635 -0.06339913 0.1596559 -0.9851295 -0.0634821 0.2721989 -0.9391148 -0.2096934 0.4176778 -0.9080872 0.03037774 0.7898833 -0.5918657 -0.1605598 0.8571524 -0.5109891 0.06465274 0.9692608 -0.2023319 -0.1399833 -0.1808436 -0.9817754 -0.05842041 -0.1098867 -0.9905931 -0.08155018 -0.2190045 -0.975646 -0.01232945 -0.4275862 -0.897834 -0.1051869 -0.5721632 -0.8201209 -0.005576014 -0.7224769 -0.6786975 -0.1318969 -0.9345765 -0.3557621 5.6759e-4 -0.9357818 -0.3525665 -0.00307089 -0.9766648 -0.2041778 -0.06661319 0.3757889 0.9260547 -0.03472232 0.5134876 0.8359865 -0.1935383 0.2719653 0.9391064 -0.2100338 0.4176788 0.9080869 0.03037732 0.7898824 0.5918668 -0.1605606 0.8576044 0.5099069 0.06715512 0.9708326 0.1939389 -0.1409673 -0.2035213 0.9770547 -0.06279516 -0.2038735 0.9769763 -0.06287395 -0.3753484 0.9249705 -0.05952662 -0.4176607 0.9022151 -0.1075523 -0.9653984 0.2484986 -0.07908499 -0.9922344 0.1157476 -0.04553407 -0.975634 0.2029263 -0.08342242 -0.9378709 0.3450753 -0.0363503 -0.8400395 0.5157738 -0.1682589 -0.7568305 0.6536103 0.001130044 -0.2040996 0.9769237 -0.06295579 -0.3132824 0.9333932 -0.1750184 -0.3941732 0.917976 -0.04413157 -0.7405976 0.6712739 -0.0301125 -0.7646265 0.6344763 -0.1130766 -0.9302991 0.3657659 -0.02755171 -0.9575129 0.2519197 -0.1403773 0.3446753 -0.9367843 -0.06028574 0.4172275 -0.9012849 -0.116648 0.6531338 -0.7562786 0.03819459 0.8359153 -0.5136509 -0.1934126 0.9260597 -0.3757945 -0.03452634 -0.3941715 -0.9179771 -0.04412561 -0.3118421 -0.9334628 -0.1772056 -0.2012754 -0.9775072 -0.06299108 -0.2010556 -0.9775578 -0.06290954 -0.3446666 -0.9367874 -0.06028598 -0.7405968 -0.671275 -0.03010755 -0.764629 -0.6344723 -0.1130818 -0.9302989 -0.3657659 -0.02755618 -0.9575669 -0.2514812 -0.140794 -0.9757698 -0.2022759 -0.08341354 -0.9922726 -0.1154151 -0.04554599 -0.9260476 -0.3757898 -0.03489935 -0.8360558 -0.5133285 -0.1936615 -0.6531356 -0.7562772 0.03819274 -0.4172272 -0.9012843 -0.1166535 -0.9808563 -0.1842467 -0.06303977 -7.567e-5 -5.87219e-7 -1 -5.20698e-5 -4.95519e-5 -1 2.902e-5 1.00663e-4 -1 -5.41502e-5 4.64478e-5 -1 -1.31983e-5 -1.03373e-5 -1 -7.78299e-5 -1.80251e-4 -1 -5.06691e-5 -2.04152e-4 -1 -3.6052e-5 -1.89004e-4 -1 -2.6398e-5 -1.90214e-4 -1 1.96286e-5 -3.09987e-5 -1 1.2464e-5 -3.09584e-5 -1 5.20585e-5 1.8462e-4 -1 2.58036e-4 -3.74417e-5 -1 1.8913e-4 -1.48716e-4 -1 0 2.19682e-5 -1 2.62791e-5 2.61064e-5 -1 -4.64393e-5 1.29314e-4 -1 1.97114e-5 1.81229e-4 -1 -6.32251e-5 2.37332e-4 -1 -1.07955e-4 1.17281e-4 -1 0 -1 1.00882e-6 0 -1 1.23525e-6 0 -1 -1.48157e-6 0 -1 0 0 -1 0 0 -1 0 0 -1 -8.51015e-7 0 -1 5.56321e-7 0 -1 6.25771e-7 0 -1 -3.94849e-7 0 -1 -2.79757e-7 0 -1 5.49913e-7 0 -1 -5.60799e-7 0 -1 3.718e-7 0 -1 1.30704e-7 0 -1 7.75756e-7 0 -1 -1.16115e-6 0 -1 1.17555e-6 0 -1 -3.48381e-7 0 -1 -9.85336e-7 -0.003467202 0.9959887 0.08941185 0.001178085 0.9996612 0.02600264 0.1513642 -0.9857954 0.07277512 0.01447927 -0.9975704 0.06814557 0.748769 -0.001690506 -0.6628289 0.756731 0.02119576 -0.6533828 0.6611649 -1.64405e-5 0.7502406 0.661161 -2.87542e-5 0.7502442 -0.7535207 -0.01532 0.6572457 -0.7495638 -0.0273894 0.6613653 -0.003973126 -0.9999882 0.00278759 0.02488619 -0.9996773 0.005102574 0.01508891 0.9983519 0.05536961 0.01994889 0.9994283 -0.02730166 0.66115 1.77299e-5 0.7502539 0.6611468 -1.08516e-6 0.7502567 0.661118 2.23107e-5 0.7502819 0.6611559 -5.85395e-6 0.7502487 0.6611424 1.6344e-5 0.7502606 0.6612499 5.63579e-5 0.7501657 0.6615335 2.24925e-4 0.7499157 0.6610509 4.42729e-4 0.7503409 0.6607919 3.75374e-4 0.7505692 0.6611456 -5.00378e-7 0.7502576 0.6611239 8.7178e-6 0.7502768 0.6590656 0.004915058 0.7520694 0.6611547 1.0747e-5 0.7502496 0.6610771 8.13376e-5 0.7503181 0.6587846 -1.92453e-4 0.7523316 0.6605871 0.001289546 0.7507483 0.6604667 0.001055181 0.7508547 0.6583358 -5.41576e-4 0.7527242 0.6614391 0.0064857 0.7499709 0.6635615 0.4712031 -0.5810799 0.6292386 -0.5548388 -0.5442544 0.6226868 -0.569233 -0.5368753 0.2136849 -0.9554339 -0.2036783 0.2307943 -0.9489765 -0.2148901 -0.3941797 -0.8474639 0.3555665 -0.4932318 -0.7591636 0.4247272 -0.6599019 -0.4712593 0.5851874 -0.6109327 0.5795785 0.5393053 -0.496496 0.7607343 0.4180609 -0.1226233 0.9840922 0.1285538 0.1158567 0.9866945 -0.114067 0.4310873 0.8219423 -0.3722561 0.5333963 0.6986843 -0.47679 0.7414457 0.06120765 -0.6682155 0.731972 0.263248 -0.6284246 -0.6624825 0.4380516 0.6076412 -0.7573321 -0.06119471 0.6501564 -0.7028894 -0.3257709 0.6323131 0.6611531 -2.25577e-5 0.750251 0.6611559 -6.93211e-6 0.7502485 0.6611514 -1.36653e-5 0.7502526 0.6611554 3.69164e-6 0.750249 0.6611588 8.33865e-6 0.7502462 0.6611645 4.14656e-5 0.7502411 0.0737766 -0.2244846 -0.9716808 0.09128588 0.1805669 -0.9793174 0.2636753 -0.1450427 -0.9536446 0.2787011 0.08919441 -0.956227 0.3974355 -0.07679402 -0.9144111 0.4077745 0.07678121 -0.9098488 0.5265656 -0.1022905 -0.8439582 0.5323658 -0.02512866 -0.8461415 0.6545539 0.2979774 -0.6948156 0.67203 -0.2979849 -0.6779237 0.8371838 0.05968302 -0.5436553 0.8169108 0.2442874 -0.5224754 0.9191144 -0.2053681 -0.3362331 0.9392725 0.1022616 -0.3275816 0.9787809 -0.1022302 -0.1775869 0.9475896 -0.2639415 -0.1800249 0.8815495 0.4702284 -0.04190105 0.7776141 -0.6273376 0.04199981 0.8687935 0.4808684 0.1181673 0.9069677 -0.3223671 0.2710887 0.9468042 0.08919936 0.3092012 0.8961786 -0.08916217 0.4346426 0.8974333 -0.05837172 0.4372716 0.7949596 0.2565771 0.5497341 0.7743194 -0.2809616 0.5670011 0.6784088 0.04196059 0.7334855 0.6636012 0.1805495 0.7259721 0.5286877 -0.1450484 0.8363315 0.5205101 0.08920001 0.8491836 0.3909291 -0.102255 0.9147232 0.3863791 -0.2639167 0.8837755 0.2541133 0.4207766 0.8708463 0.1617087 -0.43604 0.8852793 0.1248714 0.3223175 0.9383595 -0.01192629 -0.4424119 0.8967327 -0.08101284 0.4879965 0.8690779 -0.1561472 -0.4224946 0.8928138 -0.2430075 0.5509599 0.7983676 -0.3206124 -0.5570471 0.7660981 -0.4299228 0.3457403 0.8340443 -0.5411919 -0.2338514 0.8077282 -0.5741797 0.07680624 0.8151187 -0.6716588 -0.08918911 0.7354725 -0.6772776 0.1450416 0.7212892 -0.788881 -0.1805552 0.5874239 -0.7914649 0.2244839 0.5684984 -0.8956137 -0.2244955 0.3840288 -0.9104856 0.1805673 0.3720367 -0.9667745 -0.162395 0.1974211 -0.9698186 0.1623945 0.1818788 -0.9866801 -0.1624253 0.008975267 -0.9968966 -0.07856988 0.004896283 -0.9619208 0.2345649 -0.1403134 -0.9574955 -0.2345501 -0.1678947 -0.9495347 0.05834889 -0.308187 -0.946804 0.08919948 -0.3092017 -0.8906189 -0.1022911 -0.4430966 -0.8695283 0.2054079 -0.4491415 -0.7547342 -0.224471 -0.6164324 -0.7672256 -0.09992212 -0.6335461 -0.6538606 0.2108297 -0.7266479 -0.6102068 -0.2921519 -0.7364069 -0.5340446 0.2921432 -0.7933781 -0.5123546 -0.2108284 -0.8324928 -0.3910199 0.09989035 -0.9149456 -0.3781236 0.224496 -0.8981227 -0.1644779 -0.2442963 -0.9556497 -0.1470853 0.2443001 -0.9584798 0.9964675 0.03236365 0.07749253 0.988757 0.03494733 0.1453902 0.980751 0.03060889 0.192849 0.9807083 0.03047913 0.1930864 0.9615842 0.02810144 0.2730684 0.9478084 0.04991322 0.3149096 0.9241307 0.01555675 0.3817597 0.879541 0.04176342 0.4739869 0.8690861 0.02694177 0.4939267 0.8074213 0.03404945 0.5889919 0.8010935 0.02684885 0.5979368 0.7283104 0.03413116 0.6843969 0.7207265 0.02675884 0.692703 0.6379995 0.03421336 0.7692763 0.6292202 0.02667033 0.7767694 0.5378764 0.03429734 0.8423258 0.5279929 0.02658069 0.8488328 0.429484 0.0343784 0.9024199 0.4186076 0.02649229 0.9077808 0.3144881 0.03445988 0.9486358 0.3027493 0.02640372 0.9527044 0.1908227 0.03481769 0.9810069 0.1943218 0.03724336 0.9802306 0.1126881 0.02525848 0.9933094 0.0942353 0.03281855 0.9950089 0.05641061 0.03633159 0.9977465 0.01208525 0.03184646 0.9994198 -0.005972266 0.02875411 0.9995688 -0.06022173 0.04186666 0.9973067 -0.08632421 0.04236894 0.9953659 -0.1240636 0.03223991 0.9917504 -0.2067767 0.04072457 0.9775403 -0.2461945 0.0293439 0.9687762 -0.3312518 0.03868031 0.9427493 -0.3644767 0.03245246 0.9306469 -0.4007566 0.04006212 0.9153084 -0.4771427 0.03254103 0.8782232 -0.4972931 0.03904312 0.8667038 -0.5824893 0.02962332 0.8122984 -0.6118153 0.04044926 0.7899658 -0.6787331 0.03235089 0.7336722 -0.7012639 0.04103386 0.7117199 -0.764531 0.03225821 0.6437795 -0.7803136 0.03916192 0.6241612 -0.8385843 0.02936619 0.5439799 -0.8552936 0.0385921 0.5167046 -0.8996092 0.02928423 0.435713 -0.913043 0.03862303 0.4060307 -0.9500418 0.02811968 0.3108535 -0.9566085 0.03682667 0.2890398 -0.9852162 0.03587651 0.1675178 -0.9883062 0.02871227 0.1497551 -0.9983332 0.03807705 0.04336893 -0.9994381 0.02967655 0.01558083 -0.9953368 0.03857553 -0.08841162 -0.9935646 0.03234368 -0.1085509 -0.9783901 0.03847348 -0.2031568 -0.9724927 0.02976375 -0.231024 -0.9455622 0.03764283 -0.3232571 -0.936238 0.03211867 -0.3498955 -0.9221764 0.03867906 -0.3848307 -0.8856751 0.0287348 -0.4634156 -0.8641272 0.04070836 -0.5016244 -0.8212551 0.03142088 -0.5696955 -0.7980368 0.04134619 -0.6011888 -0.7442131 0.03135454 -0.667206 -0.725162 0.03836977 -0.6875084 -0.6725486 0.03719031 -0.7391179 -0.6478694 0.02673161 -0.7612822 -0.5727909 0.04280996 -0.818583 -0.5044336 0.0202791 -0.8632124 -0.4441848 0.04186213 -0.8949567 -0.3452278 0.02834993 -0.9380907 -0.3264777 0.03544932 -0.9445399 -0.2160056 0.03199261 -0.9758679 -0.2006261 0.0375756 -0.9789471 -0.09323024 0.03495723 -0.9950308 -0.08477675 0.03787773 -0.9956798 0.03096687 0.03488212 -0.9989116 0.03061884 0.03476238 -0.9989265 0.1134185 0.03972977 -0.9927527 0.1649838 0.02862453 -0.9858808 0.2207357 0.04276186 -0.9743958 0.3254742 0.02806496 -0.9451344 0.3458925 0.03564494 -0.9375969 0.4063022 0.03931349 -0.9128927 0.4588247 0.02569913 -0.8881551 0.5136278 0.04141592 -0.857013 0.5755738 0.03855174 -0.8168407 0.5990839 0.02951008 -0.8001424 0.6648111 0.04212146 -0.745823 0.7011407 0.03111505 -0.7123438 0.7526673 0.04212659 -0.657052 0.7841179 0.03117406 -0.6198285 0.8230997 0.04068416 -0.5664377 0.8549298 0.03275108 -0.5177088 0.8675078 0.03860694 -0.4959232 0.9125205 0.03426444 -0.4075935 0.9161117 0.03723222 -0.3991907 0.9561416 0.03122919 -0.2912354 0.9623826 0.03897613 -0.2688879 0.9847975 0.03413778 -0.1703187 0.985759 0.03611004 -0.1642419 0.9952178 0.03933507 -0.08941119 0.9984934 0.02864491 -0.04680311 0.9987142 0.03937053 0.03193706 0.9963874 0.03258681 0.07842361 6.13548e-5 -0.9999999 -4.77714e-4 -4.34583e-5 -0.9999999 -4.64106e-4 -6.31311e-5 -1 -4.12387e-4 -1.01363e-4 -0.9999999 -4.57907e-4 -1.62885e-4 -1 -4.40124e-4 -1.64586e-4 -1 -3.90835e-4 -2.45859e-4 -1 -4.19737e-4 -2.42756e-4 -1 -3.61144e-4 -3.04258e-4 -1 -3.59983e-4 -2.99505e-4 -1 -3.31308e-4 -3.43976e-4 -1 -3.10125e-4 -3.34176e-4 -1 -2.74559e-4 -3.9586e-4 -1 -2.74683e-4 -3.95415e-4 -1 -2.07931e-4 -3.91433e-4 -1 -2.01577e-4 -4.35537e-4 -1 -1.62479e-4 -4.16449e-4 -1 -1.35544e-4 -4.61752e-4 -1 -1.09838e-4 -4.33256e-4 -1 -6.33043e-5 -4.60093e-4 -1 -5.03649e-5 -4.45703e-4 -1 1.9392e-6 -4.55495e-4 -1 7.6803e-6 -4.61309e-4 -0.9999999 7.12203e-5 -4.26516e-4 -1 8.0103e-5 -4.53395e-4 -1 1.47245e-4 -3.92576e-4 -1 1.60046e-4 -4.82577e-4 -0.9999999 2.86185e-4 -4.96518e-4 -0.9999999 2.66175e-4 -3.4443e-4 -1 2.47387e-4 -3.60459e-4 -1 3.03702e-4 -3.01762e-4 -1 3.26906e-4 -3.09491e-4 -1 3.28267e-4 -2.66717e-4 -1 3.7319e-4 -2.59611e-4 -1 3.67918e-4 -2.19168e-4 -1 4.03886e-4 -2.02618e-4 -1 3.92218e-4 -1.72627e-4 -1 4.41847e-4 -1.25496e-4 -1 4.10596e-4 -1.14722e-4 -1 4.533e-4 -5.64702e-5 -1 4.54622e-4 -3.96357e-5 -1 4.251e-4 2.01557e-4 -0.9999998 7.66911e-4 -6.37922e-5 -0.9999997 9.1812e-4 7.42481e-5 -0.9999999 5.57178e-4 3.58928e-7 -0.9999999 5.06561e-4 1.22907e-4 -1 4.21967e-4 1.37916e-4 -1 4.3384e-4 1.76182e-4 -1 4.031e-4 1.90888e-4 -0.9999999 4.14027e-4 2.30404e-4 -1 3.75917e-4 2.36116e-4 -1 3.80972e-4 2.89641e-4 -1 3.57801e-4 2.82083e-4 -1 3.08522e-4 3.37252e-4 -1 3.22915e-4 3.91756e-4 -1 2.36434e-4 4.21062e-4 -0.9999999 2.90274e-4 4.20266e-4 -1 2.90168e-4 3.91385e-4 -1 1.91097e-4 5.17327e-4 -0.9999999 1.42641e-4 5.30358e-4 -0.9999999 1.73221e-4 6.90859e-4 -0.9999998 1.21162e-4 6.76677e-4 -0.9999998 1.67769e-4 5.96091e-4 -0.9999999 8.13374e-5 4.98877e-4 -1 1.30132e-4 4.48574e-4 -1 -2.13363e-5 4.47907e-4 -1 -2.11897e-5 4.5381e-4 -1 -7.87036e-5 4.4012e-4 -1 -8.35801e-5 4.41715e-4 -1 -1.34818e-4 4.09313e-4 -1 -1.41984e-4 4.39999e-4 -1 -1.97571e-4 3.81318e-4 -1 -2.30932e-4 3.54238e-4 -1 -2.26343e-4 3.76941e-4 -1 -2.97883e-4 3.16203e-4 -0.9999999 -3.21943e-4 2.93826e-4 -1 -3.11886e-4 2.87623e-4 -1 -3.85563e-4 2.29988e-4 -1 -3.66315e-4 2.18372e-4 -0.9999999 -4.21527e-4 1.80696e-4 -0.9999999 -4.02676e-4 1.53074e-4 -0.9999999 -4.46946e-4 1.22275e-4 -1 -4.19885e-4 4.79455e-5 -1 -5.0765e-4 4.72599e-5 -1 -5.07199e-4 0.9273314 0.002783834 0.3742311 0.5662688 0.2198686 -0.7943536 0.9911292 0.1327102 0.007138907 0.9722457 -0.112499 0.2051399 0.948862 -0.2206828 0.2257437 0.8592708 -0.5110443 0.0220825 0.8481386 -0.460833 0.261331 0.7119826 -0.6601747 0.2392703 0.5721609 -0.8188606 -0.04581612 0.9897906 0.01573169 0.1416581 0.9555572 -0.2938697 -0.02347499 0.9956848 -0.08502286 0.03718674 0.6130588 -0.7624559 0.2069303 0.6948131 -0.6757056 0.2462858 0.930183 -0.1885935 0.3149478 0.9431096 -0.05278772 0.328265 0.8544524 0.4403135 0.2757447 0.8566971 -0.08283513 0.5091252 0.8549641 -0.1342846 0.5010032 0.9028624 -0.1307972 0.4095504 0.9053422 -0.08074897 0.4169353 0.7240186 -0.6106936 0.3207032 0.5481365 -0.7715119 0.3229799 0.3896294 -0.8982623 0.2032579 0.8075212 0.1063889 0.5801647 0.7032511 0.181011 0.6875122 -0.1426888 0.078758 0.9866293 -0.4176338 -0.2399193 0.8763679 -0.1738075 -0.631978 0.755245 -0.2996006 0.1688441 0.9390054 0.4937418 0.3189131 0.8090201 0.0852279 0.09172052 0.9921309 0.2499164 -0.05044996 0.9669523 0.536165 0.27221 0.7990175 0.4105347 -0.5145069 0.752824 0.8783084 0.06109082 0.4741755 0.8708918 0.3774322 0.3147898 0.854418 0.4471344 0.2646523 -0.07243531 0.1137256 0.9908682 -0.006539463 -0.203755 0.9790001 0.5966034 0.05320942 0.8007704 0.03221952 -0.5014679 0.8645762 0.4208468 -0.3273999 0.8459891 0.3184006 -0.6329669 0.7056727 0.757451 0.155629 0.6340723 0.4087763 -0.4018804 0.8193864 0.4662426 -0.7404195 0.4841455 0.3133229 -0.4257726 0.8488502 0.5105916 -0.6844735 0.5203771 0.45187 0.7228448 0.5227895 0.7090039 0.5751782 0.4080242 0.0493347 0.3672513 0.9288126 0.2941852 0.9011188 0.3184964 0.8463577 0.2150384 0.4872753 -0.3913952 0.5507379 0.737223 0.7508741 0.4486758 0.4846425 0.04984378 0.8250851 0.5628058 0.1922643 0.7640141 0.6158872 0.07410848 0.6071064 0.7911573 -0.02540701 0.5816709 0.8130273 0.5654921 0.7934644 0.2250177 0.5169901 0.7925237 0.3234617 0.7181668 0.5438503 0.4341235 0.6740452 0.6176877 0.4051235 0.5591347 0.7939149 0.2388882 0.4537778 0.8668224 0.2066513 0.9302012 0.2809143 0.2362474 0.7664698 0.6404792 0.0480678 0.9688221 0.2468506 0.02117788 -0.4490248 0.6151539 -0.6480451 0.8002705 0.5730952 0.1764345 0.7449377 0.5756672 0.3371574 -0.07358175 0.9949712 0.06795692 -0.2820068 0.9270246 0.2471796 -0.375753 0.8638635 0.335484 -0.4881372 0.7570626 0.4342561 -0.5191694 0.7208423 0.4591836 -0.6520429 0.4918698 0.5769785 -0.6698222 0.4447197 0.5946114 -0.7251841 0.2577785 0.6384813 -0.7487216 0.006175458 0.6628559 -0.7491148 -0.04761809 0.6607266 -0.7028765 -0.3493149 0.619632 -0.674344 -0.4322036 0.5987156 -0.5741246 -0.6438199 0.5058429 -0.4972243 -0.7463396 0.442431 -0.4205189 -0.8278615 0.3712266 -0.264649 -0.9353258 0.2347908 -0.221807 -0.9544383 0.1996226 -0.09789264 -0.9911207 0.08998239 -0.01482975 -0.9998167 0.01211661 0.003911793 -0.9999901 -0.002124845 0.9784998 0.04598146 0.201057 0.9753761 0.04735189 0.2154053 0.974039 0.03308415 0.22395 0.9606201 0.06834232 0.2693297 0.948798 0.01769268 0.3153877 0.9395216 0.09012961 0.330418 0.9090902 0.0949012 0.4056463 0.8955962 -0.06573146 0.4399852 0.8502939 0.1836906 0.4932122 0.8114382 -0.01398533 0.5842709 0.8028413 -0.06192022 0.5929686 0.7883894 0.03695845 0.6140654 0.7481443 0.06990295 0.6598437 0.6835337 0.01024281 0.7298471 0.6603655 0.04193073 0.7497728 0.5812468 0.04909473 0.812245 0.5391705 0.008363306 0.8421553 0.5402382 0.01190584 0.841428 0.4780009 0.08231782 0.8744935 0.4309239 0.07624167 0.8991618 0.4065489 -0.07637518 0.9104312 0.3136914 0.2343963 0.9201393 0.2017582 -0.06485116 0.9772861 0.2134894 0.009531259 0.9768989 0.1586091 0.07269114 0.9846619 0.1053686 0.0389744 0.9936693 0.09984719 0.04453331 0.9940057 0.09339958 0.04393529 0.9946589 0.9869685 0.144975 -0.06982451 0.6512697 0.03915297 0.7578356 0.1834458 0.4098568 0.8935129 0.346692 0.1041461 0.9321793 0.6895928 -0.4471511 0.5696645 0.6967561 -0.3619751 0.6192777 0.3988335 -0.8794252 0.2598907 0.6469581 -0.7547656 -0.108509 0.7621995 -0.6469655 0.02208501 0.8066949 -0.5334125 -0.2543904 0.9167001 -0.3902174 -0.08597314 0.4199648 -0.4640321 0.7799384 0.5072951 0.15854 0.8470636 0.8618689 0.131667 0.4897407 0.6522239 0.1798961 0.7363705 0.1827089 0.2495011 0.950982 0.4945012 -0.6650676 0.5596014 0.9116731 -0.1238479 -0.3918086 0.8366228 -0.2028388 0.5088407 0.5244928 -0.06459665 0.8489609 0.4807231 -0.004780054 0.8768596 0.9509673 -0.2873178 0.1144979 0.9375121 -0.08385848 0.3376962 0.9803572 0.08849346 -0.1762629 0.1112285 -0.8825091 0.4569529 0.1297529 -0.7514896 0.6468598 0.1897051 -0.4367244 0.8793656 0.1792851 -0.2405349 0.9539391 0.1918966 0.1709245 0.9664164 0.3910126 -0.1101784 0.913767 0.3913708 -0.1076646 0.9139131 0.2797867 -0.7113828 0.6447124 0.1918776 -0.8494564 0.4915352 0.2874042 -0.03152883 0.9572904 0.2840704 -0.05809849 0.9570416 0.270619 -0.07859504 0.9594729 0.2033188 -0.7428717 0.6378112 0.1402503 0.07158291 0.9875251 -0.03292047 0.02678728 0.9990989 -0.1890229 -0.3220896 0.9276469 -0.1130787 -0.2711268 0.9558784 0.231837 -0.3234614 0.9174008 -0.003608345 -0.3968593 0.9178724 -0.009557783 -0.4165842 0.909047 -0.5657238 -0.06011968 -0.8224004 0.2685104 0.1555665 0.9506321 0.2518035 0.08056694 0.9644191 0.3270193 0.1932021 0.9250575 0.2881721 0.1736004 0.9417111 0.02096998 -0.6284251 0.7775874 0.06331706 0.7284824 0.6821323 0.1474145 0.5291651 0.8356156 0.06739759 0.4542438 0.8883244 -0.1972389 0.509097 0.837805 0.1492751 0.2186902 0.9643089 0.2154818 0.6554753 0.723823 0.1515284 0.8152474 0.5589374 0.2478616 0.6327077 0.7336523 0.263369 0.7690827 0.5823649 0.201451 0.8501442 0.4864897 0.1547627 0.7622068 0.6285614 0.2100312 0.7389837 0.6401485 0.4079218 0.3553934 0.8410086 0.6483855 0.4226811 0.6331958 0.8704969 0.4459352 -0.2082714 0.899106 0.3614552 0.246898 0.6905526 0.6942625 0.2028221 0.6959097 0.6459697 0.3137402 0.4596006 0.8300195 0.3159667 0.4722998 0.7819104 0.4068772 0.617699 0.3571216 0.7006513 0.3749846 0.6009464 0.7058682 -0.1373717 0.9688315 0.2061427 -0.1597854 0.9571558 0.2414984 -0.2869948 0.855232 0.4315232 -0.3815198 0.7211164 0.5783026 -0.5222559 0.3247382 0.7885391 -0.4041972 -0.6796671 0.6121088 -0.3241458 -0.8124451 0.4846261 -0.1583024 -0.9583207 0.2378275 -0.1094068 -0.9794563 0.1693977 -0.4327815 -0.6234543 0.6511567 -0.4919039 0.4626542 0.7375512 -0.5502375 0.1214029 0.8261356 -0.5522146 -0.01676911 0.8335334 -0.534649 -0.2626019 0.8032377 -0.5244354 -0.3161274 0.790589 -0.4283267 0.6360269 0.6418771 -0.2837047 0.8589314 0.4263198 -0.001851141 -0.9999967 0.00182718 0.006108462 -0.9999547 -0.007320702 0.00351715 0.9999932 -0.001143217 -0.005844771 0.9999716 0.0047701 0.005873799 0.9999743 -0.004130601 -0.001933038 0.9999899 0.00406295 0.8934381 0.07903724 -0.4421784 0.8426406 0.3389522 -0.4184117 0.7881559 0.4774309 -0.3884201 0.7021782 0.6210574 -0.348186 0.1997812 0.9748507 -0.0987606 0.260361 0.9570775 -0.1273384 0.3768701 0.9071331 -0.1872929 0.569894 0.7720611 -0.2813228 0.6000049 0.7435903 -0.2950724 0.5871168 -0.7564678 -0.2881851 0.454325 -0.8615706 -0.2264616 0.268656 -0.9542779 -0.1310641 0.1864532 -0.9780769 -0.09274029 0.7048469 -0.6171815 -0.3496823 0.7581543 -0.5341208 -0.3740548 0.8696603 -0.2383343 -0.4323053 0.8818824 -0.1780636 -0.4365509 0.8957683 0.04484051 -0.4422541 0.7022553 -0.02904236 0.7113326 0.629989 0.01028805 0.7765359 0.671311 2.66881e-4 0.7411758 0.02878254 0.9898741 0.1389999 0.157037 -0.9804416 0.1186331 0.2698979 0.9558868 -0.1159118 0.05230152 0.9762628 0.2101799 0.5241167 0.8433946 -0.1182686 0.465028 0.8830018 -0.06369453 0.4724288 0.8398315 0.2673837 0.26222 0.9014353 0.3444635 0.0988155 0.7762752 0.6226013 -0.07873612 0.9080796 0.4113298 0.4892554 0.7550549 -0.4364875 0.6785935 0.6708208 0.299183 0.5501734 0.7693312 0.3247136 0.09710925 0.7914539 0.6034655 0.7765606 0.6259915 -0.07133239 0.8088828 0.5870286 0.03325498 0.4489647 0.5976766 0.6642389 0.4238269 0.591755 0.6857089 -0.07965242 0.6091145 0.7890723 -0.1473163 0.5759332 0.8041138 0.786518 0.3778706 -0.4884703 0.8191006 0.4373564 -0.3712056 0.8144021 0.4370631 -0.3817394 0.7485726 0.4407717 0.4953377 0.3545027 0.404942 0.8428226 -0.2086228 0.4825189 0.8506775 -0.5611621 0.3775984 0.7365573 0.9621949 0.2258087 -0.1522872 0.9763925 0.2070231 0.0616371 0.9650117 0.241571 0.1019605 0.8577177 0.2202931 0.4645335 0.8299572 0.2519115 0.4977064 0.5928 0.1326127 0.7943564 0.3702136 0.2970221 0.8801816 0.2040807 0.1458698 0.9680254 -0.2178408 0.2260544 0.9494445 -0.1761546 0.1714434 0.9693177 -0.5409798 0.1733793 0.8229707 0.8102499 0.1007364 -0.5773624 -0.6369107 0.006507992 0.7709102 0.9058101 -0.1707526 -0.3877522 0.9293088 -0.1788088 -0.3231294 0.9038572 -0.2028358 -0.376696 0.9778327 -0.2082397 0.02189946 0.9819183 -0.1788691 0.06198626 0.9226282 -0.2417067 0.3005579 0.8686072 -0.1556127 0.4704322 0.759022 -0.2416155 0.6045723 0.5608029 -0.1700192 0.8103047 0.5854893 -0.204126 0.7845603 0.2259095 -0.2077795 0.9517315 0.2027828 -0.1835927 0.9618591 -0.1588001 -0.2074673 0.9652668 -0.220692 -0.1616317 0.9618577 -0.5018658 -0.2313184 0.8334403 0.6860103 -0.3903638 -0.6140082 -0.5425907 -0.3658341 0.7561487 0.7410692 -0.5815728 -0.3355437 0.7761096 -0.5685853 -0.2726987 0.7777209 -0.6154953 -0.1277338 0.8228852 -0.5678221 0.02093011 0.7710344 -0.5998198 0.2138274 0.772373 -0.5843138 0.2490328 0.6144687 -0.5839762 0.5304716 0.6158524 -0.613808 0.4939289 0.4874057 -0.5219193 0.7000257 0.1946515 -0.5868085 0.7859814 0.1657592 -0.568742 0.8056404 -0.09484916 -0.5859894 0.8047485 -0.1839032 -0.6406018 0.745526 0.5018427 -0.7671375 -0.3995671 0.46798 -0.7488499 0.4692746 0.233285 -0.8115219 0.5357334 -0.2156111 -0.7322076 0.6460525 0.4787304 -0.8690708 -0.1246321 0.5039875 -0.8597356 -0.08277386 0.4819853 -0.8670911 0.1258699 0.4891539 -0.8615831 0.1356585 0.1512497 -0.8666651 0.4754105 -0.05440682 -0.870849 0.4885307 0.2121484 -0.9572285 -0.19674 0.2220665 -0.9581946 0.1804156 0.2978894 -0.9176525 -0.2630131 0.2250576 -0.9550482 -0.192956 0.5221603 -0.71801 -0.4602287 0.6278302 -0.5573328 -0.5433318 0.6535125 -0.4971728 -0.570737 0.7317472 -0.214494 -0.6469454 0.7510299 -0.001690328 -0.6602661 0.748373 0.06086456 -0.6604798 0.7169845 0.2896459 -0.634065 0.6494647 0.508475 -0.565375 0.6011534 0.5994181 -0.5285004 0.4260994 0.8228889 -0.37589 0.3680941 0.8726003 -0.3210538 0.06720095 0.9962148 -0.05513739 0.2175235 0.9569001 -0.1924213 0.6743276 0.6974965 0.2424477 0.8350183 0.3968632 0.3811091 0.6334335 0.6818682 0.3658112 0.7098379 0.5565744 0.4316886 0.6820719 0.5266377 0.5073764 0.6576619 0.5472313 0.5177053 0.6665658 0.4805896 0.5698454 0.6840118 0.4463915 0.5769425 0.713252 0.2871739 0.6393768 0.7040811 0.2558527 0.6624268 0.5661007 0.1469435 0.8111336 0.556871 0.1576432 0.8155019 0.5283238 0.3182556 0.7871388 0.5328822 0.3697093 0.7611516 0.479206 0.4930859 0.7261046 0.9414845 0.3137303 0.1232082 0.9390867 0.2546944 0.2307531 0.9853523 0.07639664 0.1524615 0.5869044 0.5395051 0.6037198 0.5744401 0.480781 0.6624713 0.5976324 0.3790067 0.7065334 0.4833505 0.5695071 0.6648564 0.2765432 0.7344193 0.6198002 0.3131704 0.6623778 0.6805733 0.2739274 0.3692209 0.888054 0.1467687 0.7547371 0.6393989 0.1415058 0.5353628 0.8326842 0.1069551 0.4678715 0.8773009 0.1244869 0.3188835 0.9395831 0.06518381 0.325599 0.9432584 0.08437758 0.1058799 0.9907926 0.07306081 0.1090601 0.9913466 0.4444692 0.4821974 0.7549389 0.7439524 0.05666041 0.6658261 0.6420243 0.2723332 0.7166866 0.6358841 0.1635832 0.7542493 0.1930853 -0.4786825 0.8564936 0.2034021 -0.4497874 0.869666 0.3514047 -0.4218617 0.8357915 0.3594084 -0.5223577 0.7732839 0.4725589 -0.4152413 0.7773435 0.4810858 -0.5379344 0.6922304 0.6107273 -0.3672488 0.7015274 0.6228884 -0.550516 0.5558258 0.6461291 -0.515286 0.5630254 0.7674102 -0.3844721 0.5130917 0.7506464 -0.5262838 0.3994439 0.7930282 -0.4639332 0.3948068 0.8368111 -0.4612645 0.2949275 0.8378465 -0.4596129 0.2945661 0.6343483 0.1081124 0.7654503 0.6190624 0.08492469 0.7807366 0.6141478 -0.06133633 0.7868039 0.6761492 -0.2481124 0.6937309 0.717499 -0.255427 0.6480372 0.6612556 -0.09310424 0.7443606 0.7430737 -0.4174216 0.5230687 0.8116697 -0.3874215 0.4371463 0.5938485 0.3252265 0.7359156 0.6025374 0.615221 0.5083816 0.6482244 0.3740227 0.6632588 0.6419564 0.6119852 0.4619158 0.6443343 0.73042 0.2265393 0.6578765 0.7144567 0.238223 0.6313064 0.6962942 0.3415064 0.5489904 0.7614808 0.3446109 0.5768865 0.7000759 0.4208274 0.5145066 0.7081795 0.4834921 0.459185 0.7528157 0.4716117 0.4562088 0.6994851 0.5500856 0.3687403 0.7350832 0.5689318 0.3693145 0.7273952 0.5783625 0.3055823 0.7030909 0.6420925 0.2503101 0.7479659 0.6147292 0.2251238 0.6986764 0.6790955 0.1450991 0.725582 0.6726641 0.1397146 0.7159716 0.6840062 0.514923 0.4764174 0.7126575 0.638709 0.3026733 0.7074177 0.6667236 0.2851318 0.6886069 0.4940437 0.5408477 0.6807383 0.3157982 0.65815 0.6834546 0.3153945 0.6580999 0.6836891 0.7009081 0.08744102 0.7078714 0.6873897 0.0591253 0.7238782 0.6966281 -0.05395036 0.7154011 0.4278062 -0.4208294 0.799928 0.3359687 -0.3890183 0.857782 0.6668432 -0.07742679 0.7411648 0.6065207 -0.2433581 0.7569078 0.5596017 -0.2475913 0.7909138 -0.2810164 0.8767845 0.3902291 0.2675951 0.780627 0.5648137 -0.3524239 0.5388283 0.7651546 0.1215875 0.4561342 0.8815658 -0.0977357 0.0962677 0.9905455 -0.4383181 0.002943992 0.8988152 0.2944595 -0.223276 0.9292156 -0.2885342 -0.5372403 0.7925409 -0.1161365 -0.7886884 0.6037244 0.2433661 -0.7111872 0.6595345 -0.1605846 -0.9612503 0.2240773 0.1338299 -0.989595 0.05283343 0.02415335 -0.9992398 0.03060489 -3.07544e-4 -1 -1.80877e-4 0.001299262 -0.9999991 4.81104e-4 0.001320004 -0.9999992 3.83732e-4 0.005775988 -0.9999701 0.005154609 0.003339409 -0.9999887 0.003382563 0.002514362 -0.9999859 0.004704177 -5.66541e-4 -0.9999995 -7.93259e-4 -3.23384e-4 -0.9999997 -7.45944e-4 -1.25216e-4 -1 -3.95495e-4 0.002815246 -0.99998 -0.005659878 0.002385914 -0.9999529 -0.009411454 0.02907103 0.9131393 -0.4066099 0.006953537 0.8469002 -0.5317064 0.02054005 0.8037996 -0.5945456 0.02618408 0.8210742 -0.5702207 0.02456027 0.6379948 -0.769649 0.03753864 0.4129711 -0.9099702 0.02122813 0.2874797 -0.9575515 0.02876883 0.2979273 -0.954155 0.01663362 0.9987431 -0.04728049 0.1484019 0.9655971 -0.2135396 0.1276735 0.9740558 -0.1868547 0.5631821 0.7076593 -0.4266665 0.7371856 0.5168015 -0.4352858 0.8706289 0.2935978 -0.3947224 0.9070771 0.1925635 -0.3743399 0.8422335 0.522195 0.1339976 0.7877396 0.6052089 0.1148425 0.2453591 0.9306049 -0.2716132 0.2688636 0.9149651 -0.3009173 0.3734408 0.8605012 -0.3465253 0.5634741 0.7061094 -0.4288432 0.7370805 0.5173377 -0.4348266 0.9380729 0.199467 -0.2832531 0.6396883 0.6696177 -0.3773739 0.7772484 0.5173673 -0.3580729 0.8421967 0.4143281 -0.3450176 0.3989474 0.8663464 -0.3004745 0.4761136 0.8143882 -0.3317946 0.8556223 0.4197454 -0.3028606 0.8984656 0.3552155 -0.2580341 0.923892 0.2901013 -0.2495291 0.5668699 0.774317 -0.2812328 0.6135827 0.7254241 -0.3118913 0.7286922 0.6139611 -0.3034133 0.9461061 0.2829151 -0.1576148 0.09387952 0.9922687 -0.08117651 0.2341972 0.9569314 -0.1715633 0.3261805 0.9204976 -0.2151522 0.7429512 0.626677 -0.2351585 0.7931554 0.5632957 -0.2315226 0.8389077 0.5099334 -0.1902676 0.9450119 0.2895557 -0.1520204 0.9664371 0.2469543 -0.07080274 0.975876 0.2101014 -0.05935835 0.1693993 0.9783539 -0.1188595 0.3594795 0.9134569 -0.1907117 0.4691123 0.8583217 -0.2078883 0.5391743 0.8074476 -0.2394153 0.5785161 0.7891567 -0.2062785 0.692456 0.6939157 -0.1974479 0.8450403 0.5129123 -0.1510891 0.8941074 0.4291895 -0.1279398 0.9843164 0.176212 0.008403182 0.6039052 0.7944 0.06501841 0.391027 0.9201694 0.01965272 0.4233281 0.9048337 0.0454896 0.167319 0.9858392 0.0112105 0.170389 0.9853213 0.01046586 0.2869164 0.9469121 0.1450397 0.3125335 0.935572 0.1644013 0.4264008 0.8542394 0.2974181 0.5453017 0.6905187 0.4752158 0.4912609 0.6634877 0.5643109 0.2670997 0.9154372 0.3010522 0.2072966 0.9528961 0.2213984 0.03970718 0.9980425 0.04831945 0.1043944 0.9924125 0.06495684 0.351543 0.9050698 0.2393036 0.4161476 0.8602391 0.2946351 0.1661422 0.9827401 0.0813564 0.4713553 0.7389211 0.4814767 0.3846781 0.8488271 0.3626505 0.434455 0.7797665 0.4507915 0.1358277 0.9833015 0.1211154 0.199115 0.959386 0.1998293 0.06875443 0.9759995 0.2066345 -0.300512 0.191301 0.9343964 0.007471859 0.8078253 0.5893747 -0.055404 0.6945083 0.7173483 -0.08193367 0.626028 0.7754844 -0.1306356 0.5764385 0.8066307 -0.1334573 0.5552315 0.8209186 -0.213326 0.4004268 0.8911513 0.01005452 0.9084271 0.4179225 -0.05219739 0.7671525 0.6393376 -0.2973575 0.4252266 0.8548455 -0.3341132 0.2856267 0.8982126 -0.3883865 0.2493111 0.8871303 0.02845513 0.987235 0.1567081 0.01717394 0.9761378 0.216472 0.02265632 0.9547762 0.2964611 0.007341325 0.9137842 0.4061337 -0.1690448 0.6378315 0.7513954 -0.2981771 0.4288203 0.8527623 -0.08896213 0.8003982 0.5928308 -0.1382538 0.7766846 0.6145299 -0.2658707 0.6122277 0.7446409 -0.4011477 0.4285526 0.8095821 -0.437595 0.3103894 0.8439012 -0.4953221 0.2573632 0.8297109 -0.5057379 0.2269692 0.8322945 -0.06274151 0.9064952 0.4175286 -0.267662 0.6167395 0.7402631 -0.5915594 0.1634792 0.7895139 -0.1744497 0.8000664 0.573987 -0.2132179 0.778977 0.589689 -0.3517562 0.6164067 0.7044931 -0.4036327 0.5214744 0.7517613 -0.01667475 0.9984908 0.05232876 -0.4263013 0.7931587 0.434933 -0.4960273 0.7551343 0.4286364 -0.5443921 0.7024452 0.4584848 -0.6927844 0.5377063 0.4805431 -0.7319211 0.5120559 0.4495447 -0.7817785 0.4268954 0.454514 -0.8029109 0.3995586 0.4423652 -0.9010357 0.203692 0.3829416 -0.6075832 0.6733025 0.4213153 -0.8378068 0.407059 0.3638446 -0.9410703 0.1832249 0.2842808 -0.2792645 0.9191507 0.2778008 -0.329546 0.8965584 0.2959436 -0.3329878 0.8942568 0.2990384 -0.4645793 0.8087984 0.3605708 -0.6028759 0.7056214 0.3723427 -0.6926316 0.6172028 0.3732589 -0.8368934 0.4121559 0.36019 -0.941027 0.1843791 0.2836771 -0.5217479 0.7968861 0.3045518 -0.7201853 0.6164006 0.3184075 -0.855621 0.4197455 0.3028638 -0.8896429 0.3696752 0.2680965 -0.9549937 0.2118535 0.2076175 -0.9778276 0.1273666 0.1662263 -0.1237439 0.9859504 0.1122029 -0.5183554 0.8017678 0.2974492 -0.7213305 0.6137037 0.3210144 -0.8911824 0.403183 0.2079362 -0.9305573 0.3171888 0.1829053 -0.1268303 0.9848827 0.1179843 -0.323504 0.9214014 0.2153246 -0.3902244 0.8925979 0.225819 -0.5665276 0.7818328 0.2603538 -0.6399393 0.7218064 0.2635779 -0.7660948 0.5987277 0.2337179 -0.7931534 0.5632968 0.2315265 -0.8463249 0.5002698 0.1829332 -0.9444807 0.316312 0.08889824 -0.9708943 0.2213892 0.09138453 -0.9908873 0.1276411 0.04301398 -0.1583488 0.9807009 0.1146798 -0.2327593 0.961785 0.1441971 -0.6695506 0.7200499 0.1822916 -0.9442917 0.3169581 0.08860605 -0.06816232 0.9973521 0.02535033 -0.1993341 0.9797413 0.01930963 -0.7703011 0.6013273 -0.2122312 -0.8019639 0.5503947 -0.2322063 -0.8299668 0.4768424 -0.289442 -0.8474662 0.4403948 -0.2964012 -0.8850221 0.2655946 -0.3823552 -0.8611385 0.1618617 -0.4819141 -0.4157347 0.9092317 -0.02150422 -0.5049594 0.8615594 -0.05226552 -0.5222046 0.8487233 -0.08349359 -0.6137105 0.781372 -0.1132141 -0.6277366 0.7554787 -0.187614 -0.6734021 0.7058728 -0.2197116 -0.7616893 0.5365651 -0.3632183 -0.7964935 0.4316064 -0.4234548 -0.1629589 0.9865816 -0.01006329 -0.4637225 0.879191 -0.1094749 -0.6503301 0.7048271 -0.2833542 -0.7140476 0.6028263 -0.3560009 -0.7700782 0.4105495 -0.4882919 -0.7712771 0.3861614 -0.5059755 -0.7850059 0.3209858 -0.5298433 -0.7706137 0.2628809 -0.5805587 -0.2083597 0.9776642 -0.02754735 -0.2814614 0.9586058 -0.04306548 -0.3172694 0.9456226 -0.07168155 -0.4848886 0.8581923 -0.1684902 -0.4752724 0.8623368 -0.1746181 -0.6542242 0.6257795 -0.4247244 -0.7090684 0.308269 -0.6341863 -0.6969123 0.2805187 -0.6600171 -0.5104872 0.8199965 -0.2588604 -0.5272303 0.8046218 -0.2731522 -0.6406629 0.6382308 -0.4268637 -0.6475285 0.5062225 -0.5696013 -0.645163 0.2918274 -0.7061172 -0.636651 0.2065262 -0.7429821 -0.2913523 0.9498555 -0.1135272 -0.3400112 0.9286899 -0.1480793 -0.5281402 0.772738 -0.3520568 -0.6066248 0.6013292 -0.5200092 -0.6353623 0.5257251 -0.5656218 -0.5602775 0.1752434 -0.8095548 -0.3141229 0.7913728 -0.5244576 -0.2971062 0.7638769 -0.572905 -0.3138308 0.6236687 -0.7159243 -0.2788845 0.5250032 -0.8041114 -0.2079351 0.4031811 -0.8911835 -0.1744945 0.2889208 -0.9413163 -0.2227135 0.9196937 -0.3233607 -0.2298785 0.5611987 -0.7951175 -0.1829347 0.500266 -0.8463268 -0.08096963 0.2993988 -0.9506862 -0.01689201 0.9996179 -0.02188169 -0.2103027 0.8850711 -0.4152373 -0.2106155 0.8847049 -0.4158587 -0.2369733 0.7948509 -0.5586197 -0.2167057 0.7806208 -0.5862335 -0.2218827 0.7272146 -0.6495591 -0.1948145 0.6948758 -0.6922391 -0.08955025 0.2848971 -0.954366 -0.1330451 0.9652212 -0.2250489 -0.1221778 0.9713156 -0.2040065 -0.1309461 0.5381588 -0.8326092 -0.08113211 0.4957698 -0.864656 -0.1397483 0.9317269 -0.3351945 -0.151022 0.9197406 -0.3623116 -0.1260915 0.7177549 -0.6847839 -0.1114991 0.6963682 -0.7089706 -0.1252399 0.8866043 -0.4452505 -0.1338659 0.858877 -0.4943787 -0.01769149 0.5439147 -0.8389541 -0.06847035 0.9877236 -0.1404066 -0.1021153 0.8309243 -0.5469344 -0.062837 0.6997701 -0.7115992 -0.002466797 0.6087514 -0.7933573 0.7583032 0.6340387 0.1515626 0.9902835 0.0826357 0.1118485 0.8242923 0.2892146 -0.4867209 0.6821424 0.5175203 -0.5165798 0.5298131 0.7019531 -0.4759832 0.4829282 0.7305145 -0.4828343 0.4184527 0.8030325 -0.4243066 0.2741655 0.8904469 -0.3632322 0.8248489 0.311721 -0.4716508 0.6817399 0.5063427 -0.5280604 0.630056 0.5313991 -0.5662549 0.3250344 0.8415914 -0.4313661 0.200363 0.9169995 -0.3449155 0.07762521 0.9853081 -0.1521259 0.7920278 0.2748039 -0.5451375 0.7499309 0.3165162 -0.5808796 0.4818724 0.6919435 -0.5375996 0.1983728 0.9069478 -0.3716102 0.6145108 0.4957699 -0.6136683 0.5574045 0.5386273 -0.6318077 0.4112645 0.7084556 -0.5735434 0.3468639 0.7801374 -0.5206451 0.7259323 0.267046 -0.633805 0.6712222 0.3164802 -0.6702993 0.5283857 0.502545 -0.6842931 0.4305965 0.631747 -0.6445794 0.2820789 0.7935661 -0.5391516 0.5278178 0.5062314 -0.6820104 0.2790863 0.7800361 -0.5600488 0.110573 0.9208285 -0.3739634 0.0802648 0.9593443 -0.2705851 0.02486991 0.9841978 -0.175318 0.6411774 0.2671064 -0.7194066 0.5875617 0.3119847 -0.7466168 0.3874298 0.6123299 -0.6891664 0.3404918 0.6455048 -0.6836584 0.1098043 0.912844 -0.393267 0.1939796 0.7937061 -0.5765436 0.1393379 0.8552985 -0.4990487 0.5547888 0.2693358 -0.7871897 0.5005031 0.2962462 -0.8134709 0.4619545 0.3948663 -0.7941529 0.436762 0.4223036 -0.7942912 0.3132419 0.5982236 -0.7375691 0.3634988 0.4121571 -0.8354611 0.2372424 0.624816 -0.7438557 0.1962223 0.7001973 -0.6864551 0.4802364 0.2020432 -0.8535523 0.3552491 0.3894428 -0.8497838 0.1280171 0.7058961 -0.6966508 0.089414 0.7779647 -0.6219132 0.4219627 0.1926316 -0.8859122 0.3685361 0.2936213 -0.8820248 0.2618827 0.431423 -0.8633029 0.223701 0.517264 -0.8260725 0.1422857 0.5174943 -0.8437741 0.1074013 0.6164183 -0.7800599 0.3179945 0.1791281 -0.9310171 0.2358326 0.2110208 -0.948606 0.2175599 0.267421 -0.9386979 0.1550617 0.3121984 -0.937277 0.1275373 0.4457179 -0.8860417 0.1101098 0.2547872 -0.9607079 -0.2228674 0.1996518 0.9541853 -0.191379 0.2885736 0.9381361 0.0596283 0.773305 0.6312243 0.08891761 0.8497402 0.5196492 -0.1222716 0.2935923 0.9480788 -0.07174289 0.3747253 0.9243561 0.01758503 0.5326356 0.846162 0.01256793 0.5295549 0.8481826 -0.04575926 0.3768675 0.9251363 0.01210004 0.2940349 0.9557181 -0.02142786 0.08045315 0.996528 0.0412029 0.6289308 0.7763687 0.05131763 0.6378506 0.7684485 0.6162433 0.7874312 -0.01401191 0.6366919 0.7708337 -0.02095013 0.7003596 0.7033362 -0.1217159 0.6857243 0.7155655 -0.1332228 0.6146047 0.7866611 0.05852711 0.7697044 0.6341717 0.07336008 0.9203391 0.3850687 0.06854307 0.944562 0.3166585 0.08677524 0.9509329 0.2981582 0.08263289 0.7951585 0.6055505 0.03212213 0.7815644 0.6235659 -0.01796174 0.7925408 0.6089513 -0.03252071 0.7807235 0.615766 -0.1063159 0.9056205 0.4223726 0.03812021 0.9050276 0.4237152 -0.03728932 0.9029643 0.4284141 -0.03342145 0.1887263 0.9797732 -0.06653511 0.159523 0.9860271 -0.04798984 0.199546 0.9796116 -0.02329331 0.2774327 0.9557002 -0.09832733 0.3943858 0.9128003 -0.1060915 0.415462 0.9042956 -0.09818768 0.3683991 0.9287838 -0.04053145 0.4147359 0.9098913 -0.009589374 0.5233299 0.8460429 -0.1016718 0.5002234 0.8591277 -0.1080561 0.5381743 0.8422361 -0.03173261 0.2183194 0.9739901 0.06066298 0.2937043 0.9516379 0.09012824 0.3939895 0.9138463 0.09827148 0.4932517 0.8554345 0.1579071 0.4590496 0.8649039 0.2030146 0.4938731 0.8325735 0.2508206 0.6159418 0.7766852 0.1318186 0.5420487 0.8244836 0.162512 0.6946606 0.6999033 0.1660785 0.6927508 0.6812905 0.2365155 0.6626769 0.708263 0.2433574 0.6269412 0.7138103 0.3121211 0.6260629 0.7145121 0.3122785 0.5894113 0.7051804 0.3941005 0.5675548 0.7218029 0.3960836 0.09916293 0.9788616 0.1788759 0.14609 0.9610128 0.2347596 0.2713623 0.8959466 0.3516281 0.2121072 0.9082494 0.3606851 0.1952433 0.9169288 0.3480252 0.1666376 0.9065968 0.3877036 0.1269018 0.9190683 0.3731078 0.1187922 0.9109365 0.3950737 0.121625 0.856418 0.5017526 0.3456651 0.8245558 0.4479101 0.323754 0.7703008 0.5493816 0.3224039 0.7716795 0.5482397 0.2234147 0.8245581 0.5197979 0.1848761 0.7800888 0.597731 0.3661229 0.7098653 0.601702 0.3450402 0.7335777 0.5855006 0.2952552 0.6436404 0.7060818 0.1937412 0.7430461 0.6405833 0.1593822 0.6778907 0.717678 0.07825702 0.7207835 0.6887286 -0.08064889 0.9231445 0.3758991 -0.1251297 0.8967025 0.424579 -0.4852839 0.4931492 0.7220135 -0.5159061 0.4324471 0.7394798 -0.02806109 0.9862764 0.1627004 -0.06609869 0.9623991 0.2634752 -0.2460191 0.7941915 0.555639 -0.34324 0.6972122 0.6293501 -0.5965613 0.3829401 0.7053166 -0.6249111 0.3311746 0.7069721 -0.6695737 0.3001413 0.6794014 -0.3770732 0.7180932 0.5849428 -0.4779008 0.6095862 0.6324678 -0.667971 0.2982063 0.6818268 -0.1783906 0.9060952 0.3836253 -0.2293839 0.8648805 0.4465029 -0.5238725 0.6133787 0.5910365 -0.7552638 0.2845111 0.5904491 -0.775406 0.2290725 0.5884483 -0.1381636 0.952852 0.2701554 -0.2884573 0.855512 0.4299905 -0.3525795 0.79839 0.4881197 -0.5236791 0.6122777 0.592348 -0.7526901 0.3076761 0.5820594 -0.8454342 0.1563518 0.5106813 -0.4197554 0.7735494 0.4747912 -0.5843375 0.603605 0.5424119 -0.6411342 0.5319624 0.5531393 -0.6802907 0.5010213 0.5349602 -0.8534263 0.2017745 0.4805732 -0.1170547 0.9744574 0.1916536 -0.1384994 0.9611855 0.2386221 -0.2431048 0.915065 0.3218016 -0.9003853 0.1703996 0.4003377 -0.6765412 0.7109085 0.1920965 -0.8326089 0.5381591 0.1309476 -0.8646572 0.4957672 0.08113485 -0.9483745 0.3165406 -0.01969754 -0.9740605 0.2238436 -0.03316926 -0.9825974 0.1704977 -0.07370775 -0.1390273 0.9895154 0.0391252 -0.4719531 0.8722971 0.1278988 -0.7184526 0.6863368 0.1129938 -0.2722241 0.957721 0.09308367 -0.2891111 0.9512982 0.1069889 -0.3237313 0.9450158 0.04629546 -0.3685991 0.9195808 0.1360368 -0.5123888 0.8452379 0.1517587 -0.5070183 0.8532512 0.1220449 -0.845636 0.532746 0.03288435 -0.9131172 0.4053252 -0.04391515 -0.3927202 0.9186455 0.0431438 -0.4179945 0.9080096 0.02827447 -0.6216813 0.7813887 0.05426108 -0.6903101 0.7194095 0.07695502 -0.7870467 0.6168472 0.00754863 -0.8916121 0.4425147 -0.09596288 -0.9130796 0.3790227 -0.1504245 -0.9377167 0.30137 -0.1728109 -0.9438896 0.2518934 -0.2135939 -0.9471411 0.2342506 -0.219204 -0.6076858 0.793113 0.04110985 -0.7730358 0.6341191 -0.01757287 -0.843185 0.5295547 -0.09279519 -0.939087 0.1761502 -0.2951043 -0.6176612 0.7864055 -0.007815003 -0.7041679 0.7087126 -0.0432896 -0.7644194 0.6297909 -0.1379366 -0.6945958 0.7129542 -0.09608918 -0.1623245 0.9840418 -0.07288712 -0.3479492 0.9151093 -0.2037311 -0.495795 0.7918221 -0.3566582 -0.578647 0.4931464 -0.6495954 -0.5905833 0.4101136 -0.6949952 -0.5510892 0.1929166 -0.8118399 -0.8777164 0.2929522 -0.3792006 -0.8862084 0.2256433 -0.4046229 -0.3334216 0.9192965 -0.2091029 -0.473342 0.7802896 -0.4087733 -0.5394564 0.6810989 -0.4950668 -0.5149534 0.3991743 -0.7586058 -0.4429309 0.1892995 -0.8763435 -0.1455885 0.9867892 -0.07107168 -0.3410155 0.907485 -0.2453148 -0.4324996 0.8062642 -0.4035869 -0.4766396 0.7030233 -0.5278 -0.4937466 0.6095876 -0.6201752 -0.5066297 0.4105392 -0.7581451 -0.4572416 0.1563099 -0.8754984 -0.1638682 0.9808567 -0.1052023 -0.4119254 0.7759917 -0.4776554 -0.4451376 0.6132289 -0.6525357 -0.422096 0.410165 -0.8084552 -0.3773329 0.2222736 -0.8990074 -0.3221885 0.1646497 -0.9322474 -0.2897831 0.9174237 -0.2726894 -0.2927767 0.9141335 -0.2804315 -0.4415534 0.616742 -0.6516594 -0.4107732 0.4225471 -0.8079104 -0.3557851 0.3940022 -0.8474546 -0.3629989 0.8025214 -0.4734884 -0.3517386 0.7789784 -0.5191075 -0.3569629 0.6161658 -0.7020807 -0.2816981 0.2175905 -0.9345056 -0.215918 0.1932982 -0.9570869 -0.1289261 0.9842118 -0.1212654 -0.1299834 0.9838744 -0.1228635 -0.2693853 0.9006968 -0.3408473 -0.3550214 0.6181362 -0.7013327 -0.3100768 0.4301359 -0.8478417 -0.2680975 0.3696783 -0.8896414 -0.04363209 0.9824737 -0.1812226 -0.05984765 0.9668705 -0.2481526 -0.05366289 0.9384009 -0.3413565 -0.05718868 0.9326047 -0.3563397 -0.0489391 0.868686 -0.4929401 -0.02033579 0.9903776 -0.1368892 0.002601325 0.9762823 -0.216486 -0.001972734 0.9586024 -0.2847414 0.03696036 0.9877897 0.1513459 0.01900237 0.9993793 0.02966266 -8.3149e-5 1 -2.09363e-4 1.60296e-4 1 4.34502e-4 4.33848e-4 0.9999998 6.46525e-4 -2.95674e-4 0.9999998 -5.48102e-4 -2.38395e-4 1 -2.49321e-4 -6.32812e-4 0.9999996 -6.38698e-4 -4.36052e-4 1 -3.50449e-4 -0.005299031 0.9999803 -0.003358602 -4.83017e-4 0.9999999 -1.9587e-4 -0.169454 0.9848302 -0.03734624 0.08829355 0.9953188 0.039303 0.2736378 0.8860346 -0.3742529 0.5003024 0.7791458 0.3776629 0.6910977 0.6938314 -0.2024404 0.7885731 0.5125641 0.3397511 0.8839352 0.3654839 -0.2916849 0.9534659 0.05908459 0.2956552 0.9876297 -0.07984167 -0.1349559 0.9089261 -0.3776839 0.1766586 0.8900355 -0.454268 0.03843718 0.6379984 -0.7700364 0.001442074 0.6409927 -0.7669187 0.03105169 0.3227111 -0.943745 0.07213199 0.2854392 -0.9582872 0.01449751 6.11191e-4 0.9999998 -1.01959e-4 6.84259e-4 0.9999997 -5.92966e-4 1.26017e-4 0.9999997 8.42098e-4 2.08304e-4 0.9999999 -5.92277e-4 -3.44781e-4 0.9999987 0.001582682 -1.3719e-4 0.9999994 -0.001206219 1.3719e-4 0.9999994 0.001206517 3.44782e-4 0.9999987 -0.001582741 1.01315e-4 0.9999998 -6.24594e-4 8.60584e-5 0.9999995 0.001044631 3.02627e-4 1 3.34257e-4 4.58176e-4 0.9999995 -9.89828e-4</float_array>
          <technique_common>
            <accessor source="#rplidar-mesh-normals-array" count="1900" stride="3">
              <param name="X" type="float"/>
              <param name="Y" type="float"/>
              <param name="Z" type="float"/>
            </accessor>
          </technique_common>
        </source>
        <vertices id="rplidar-mesh-vertices">
          <input semantic="POSITION" source="#rplidar-mesh-positions"/>
        </vertices>
        <triangles count="1974">
          <input semantic="VERTEX" source="#rplidar-mesh-vertices" offset="0"/>
          <input semantic="NORMAL" source="#rplidar-mesh-normals" offset="1"/>
          <p>0 0 1 0 2 0 2 0 1 0 3 0 2 0 3 0 4 0 4 0 3 0 5 0 4 0 5 0 6 0 6 0 5 0 7 0 6 0 7 0 8 0 8 0 7 0 9 0 8 1 9 1 10 1 8 2 10 2 11 2 11 0 10 0 12 0 11 0 12 0 13 0 13 0 12 0 14 0 13 0 14 0 15 0 15 3 14 3 16 3 15 0 16 0 17 0 15 4 17 4 18 4 18 0 17 0 19 0 18 0 19 0 20 0 20 0 19 0 21 0 20 0 21 0 22 0 22 0 21 0 23 0 22 5 23 5 24 5 22 6 24 6 25 6 25 0 24 0 26 0 25 0 26 0 27 0 27 0 26 0 28 0 27 0 28 0 29 0 27 7 29 7 30 7 30 8 29 8 31 8 30 0 31 0 32 0 32 0 31 0 33 0 32 9 33 9 34 9 35 10 36 10 37 10 35 11 37 11 38 11 38 12 37 12 39 12 38 13 39 13 40 13 40 14 39 14 41 14 40 15 41 15 42 15 42 16 41 16 43 16 42 17 43 17 44 17 44 18 43 18 45 18 44 19 45 19 46 19 46 20 45 20 47 20 46 21 47 21 48 21 48 22 47 22 49 22 48 23 49 23 50 23 50 24 49 24 51 24 50 25 51 25 52 25 52 26 51 26 53 26 52 27 53 27 54 27 54 28 53 28 55 28 54 29 55 29 56 29 56 30 55 30 57 30 56 31 57 31 58 31 58 32 57 32 59 32 58 33 59 33 60 33 60 34 59 34 61 34 61 35 59 35 62 35 61 36 62 36 63 36 63 37 62 37 64 37 63 38 64 38 65 38 65 39 64 39 66 39 65 40 66 40 67 40 67 41 66 41 68 41 67 42 68 42 69 42 69 43 68 43 70 43 69 44 70 44 71 44 71 45 70 45 72 45 71 46 72 46 73 46 73 47 72 47 74 47 73 48 74 48 75 48 75 49 74 49 76 49 75 50 76 50 77 50 77 51 76 51 78 51 78 52 76 52 79 52 79 53 76 53 80 53 79 54 80 54 81 54 81 55 80 55 82 55 82 56 80 56 83 56 83 57 80 57 84 57 83 58 84 58 85 58 85 59 84 59 86 59 85 60 86 60 87 60 85 61 87 61 88 61 88 62 87 62 89 62 89 63 87 63 90 63 89 64 90 64 91 64 91 65 90 65 92 65 92 66 90 66 93 66 92 67 93 67 94 67 94 68 93 68 77 68 77 69 93 69 75 69 36 70 35 70 95 70 36 71 95 71 96 71 96 72 95 72 97 72 96 73 97 73 98 73 98 74 97 74 99 74 98 75 99 75 100 75 100 76 99 76 101 76 100 77 101 77 102 77 102 78 101 78 103 78 102 79 103 79 104 79 104 80 103 80 86 80 104 81 86 81 84 81 105 82 106 82 107 82 105 83 107 83 108 83 108 84 107 84 109 84 109 85 107 85 110 85 109 86 110 86 111 86 111 87 110 87 112 87 111 88 112 88 113 88 113 89 112 89 114 89 113 90 114 90 115 90 115 91 114 91 116 91 115 92 116 92 117 92 117 93 116 93 118 93 117 94 118 94 119 94 119 95 118 95 105 95 105 96 118 96 106 96 108 97 113 97 105 97 105 98 113 98 115 98 105 97 115 97 119 97 119 99 115 99 117 99 113 100 108 100 111 100 111 97 108 97 109 97 120 101 121 101 122 101 122 102 121 102 123 102 122 103 123 103 124 103 124 104 123 104 125 104 124 105 125 105 126 105 126 106 125 106 127 106 126 107 127 107 128 107 128 108 127 108 129 108 128 109 129 109 130 109 130 110 129 110 131 110 130 111 131 111 132 111 132 112 131 112 133 112 132 113 133 113 134 113 134 114 133 114 120 114 120 115 133 115 121 115 122 97 128 97 120 97 120 97 128 97 130 97 120 116 130 116 132 116 120 97 132 97 134 97 128 97 122 97 126 97 126 117 122 117 124 117 135 118 136 118 137 118 137 119 136 119 138 119 137 120 138 120 139 120 139 121 138 121 140 121 139 122 140 122 141 122 141 87 140 87 142 87 141 88 142 88 143 88 143 89 142 89 144 89 143 90 144 90 145 90 145 123 144 123 146 123 145 124 146 124 147 124 147 93 146 93 148 93 147 125 148 125 149 125 149 126 148 126 136 126 149 127 136 127 135 127 137 128 143 128 145 128 137 97 145 97 135 97 135 97 145 97 149 97 149 129 145 129 147 129 143 130 137 130 141 130 141 131 137 131 139 131 150 132 151 132 152 132 152 133 151 133 153 133 152 134 153 134 154 134 154 135 153 135 155 135 154 136 155 136 156 136 156 137 155 137 157 137 156 138 157 138 158 138 158 139 157 139 159 139 158 140 159 140 160 140 160 141 159 141 161 141 160 142 161 142 162 142 162 143 161 143 163 143 162 113 163 113 164 113 164 144 163 144 150 144 150 145 163 145 151 145 152 97 158 97 150 97 150 97 158 97 160 97 150 146 160 146 162 146 150 147 162 147 164 147 158 97 152 97 156 97 156 131 152 131 154 131 0 148 165 148 1 148 1 149 165 149 166 149 1 150 166 150 3 150 3 151 166 151 167 151 3 152 167 152 5 152 5 153 167 153 168 153 5 154 168 154 169 154 5 155 169 155 7 155 7 156 169 156 9 156 9 157 169 157 170 157 9 158 170 158 10 158 10 159 170 159 171 159 10 160 171 160 12 160 12 161 171 161 172 161 12 162 172 162 14 162 14 163 172 163 173 163 14 164 173 164 16 164 16 165 173 165 174 165 16 166 174 166 17 166 17 167 174 167 175 167 17 168 175 168 19 168 19 169 175 169 176 169 19 170 176 170 21 170 21 171 176 171 177 171 21 172 177 172 178 172 21 173 178 173 23 173 23 174 178 174 24 174 24 175 178 175 179 175 24 176 179 176 26 176 26 177 179 177 180 177 26 178 180 178 28 178 28 179 180 179 181 179 28 180 181 180 29 180 29 181 181 181 182 181 29 182 182 182 31 182 31 183 182 183 183 183 31 184 183 184 33 184 33 185 183 185 184 185 33 186 184 186 185 186 33 187 185 187 34 187 34 188 185 188 32 188 32 189 185 189 186 189 32 190 186 190 30 190 30 191 186 191 187 191 30 192 187 192 27 192 27 193 187 193 188 193 27 194 188 194 25 194 25 195 188 195 189 195 25 196 189 196 190 196 25 197 190 197 22 197 22 198 190 198 191 198 22 199 191 199 20 199 20 200 191 200 192 200 20 201 192 201 18 201 18 202 192 202 193 202 18 203 193 203 15 203 15 204 193 204 194 204 15 205 194 205 195 205 15 206 195 206 13 206 13 207 195 207 196 207 13 208 196 208 11 208 11 209 196 209 8 209 8 210 196 210 197 210 8 211 197 211 198 211 8 212 198 212 6 212 6 213 198 213 4 213 4 214 198 214 199 214 4 215 199 215 2 215 2 216 199 216 200 216 2 217 200 217 0 217 0 218 200 218 165 218 165 219 36 219 166 219 166 220 36 220 96 220 166 221 96 221 167 221 167 222 96 222 168 222 168 223 96 223 98 223 168 224 98 224 169 224 169 225 98 225 100 225 169 226 100 226 170 226 170 227 100 227 171 227 171 228 100 228 102 228 36 229 165 229 37 229 37 230 165 230 200 230 37 231 200 231 39 231 39 232 200 232 199 232 39 233 199 233 198 233 39 234 198 234 41 234 41 235 198 235 197 235 41 236 197 236 43 236 43 237 197 237 196 237 43 238 196 238 45 238 45 239 196 239 195 239 45 240 195 240 47 240 47 241 195 241 194 241 47 242 194 242 49 242 49 243 194 243 193 243 49 244 193 244 192 244 49 245 192 245 51 245 51 246 192 246 191 246 51 247 191 247 53 247 53 248 191 248 190 248 53 249 190 249 189 249 53 250 189 250 55 250 55 251 189 251 188 251 55 252 188 252 187 252 55 253 187 253 57 253 57 254 187 254 186 254 57 255 186 255 59 255 59 256 186 256 185 256 59 257 185 257 62 257 62 258 185 258 64 258 64 259 185 259 184 259 64 260 184 260 66 260 66 261 184 261 183 261 66 262 183 262 182 262 66 263 182 263 68 263 68 264 182 264 181 264 68 265 181 265 70 265 70 266 181 266 180 266 70 267 180 267 72 267 72 268 180 268 179 268 72 269 179 269 178 269 72 270 178 270 74 270 74 271 178 271 177 271 74 272 177 272 176 272 74 273 176 273 76 273 76 274 176 274 175 274 76 275 175 275 80 275 80 276 175 276 174 276 80 277 174 277 84 277 84 278 174 278 173 278 84 279 173 279 104 279 104 280 173 280 172 280 104 281 172 281 102 281 102 282 172 282 171 282 106 283 48 283 107 283 106 284 46 284 48 284 46 285 106 285 44 285 44 286 106 286 118 286 44 287 118 287 116 287 44 288 116 288 42 288 42 289 116 289 114 289 42 290 114 290 40 290 40 291 114 291 112 291 40 292 112 292 38 292 38 293 112 293 35 293 35 294 112 294 133 294 35 295 133 295 95 295 95 296 133 296 131 296 95 297 131 297 97 297 97 298 131 298 129 298 133 97 112 97 110 97 133 97 110 97 121 97 121 97 110 97 107 97 121 97 107 97 161 97 161 97 107 97 142 97 161 97 142 97 163 97 163 299 142 299 61 299 61 300 142 300 60 300 60 97 142 97 140 97 60 301 140 301 58 301 58 302 140 302 138 302 58 303 138 303 56 303 142 97 107 97 144 97 144 304 107 304 50 304 121 305 159 305 90 305 90 306 159 306 93 306 93 307 159 307 75 307 75 308 159 308 73 308 73 309 159 309 157 309 73 310 157 310 71 310 71 311 157 311 155 311 159 97 121 97 161 97 97 312 129 312 99 312 99 313 129 313 127 313 99 314 127 314 125 314 99 315 125 315 101 315 101 316 125 316 123 316 101 317 123 317 103 317 103 318 123 318 86 318 86 319 123 319 121 319 86 320 121 320 87 320 87 321 121 321 90 321 56 322 138 322 136 322 56 323 136 323 148 323 56 324 148 324 54 324 54 325 148 325 146 325 54 326 146 326 52 326 52 327 146 327 144 327 52 328 144 328 50 328 151 329 69 329 153 329 153 330 69 330 71 330 153 331 71 331 155 331 69 332 151 332 67 332 67 333 151 333 163 333 67 334 163 334 65 334 65 335 163 335 63 335 63 336 163 336 61 336 107 337 48 337 50 337 201 338 202 338 203 338 201 339 203 339 204 339 204 340 203 340 205 340 206 338 207 338 208 338 206 341 208 341 209 341 209 340 208 340 210 340 211 342 212 342 213 342 211 343 213 343 214 343 214 344 213 344 215 344 216 342 217 342 218 342 216 345 218 345 219 345 219 346 218 346 220 346 221 347 222 347 223 347 223 348 222 348 224 348 223 349 224 349 225 349 226 347 227 347 228 347 228 350 227 350 229 350 228 349 229 349 230 349 231 351 232 351 233 351 233 352 232 352 234 352 233 353 234 353 235 353 236 354 237 354 238 354 238 355 237 355 239 355 238 356 239 356 240 356 241 357 236 357 242 357 242 358 236 358 238 358 242 359 238 359 243 359 243 360 238 360 240 360 243 361 240 361 244 361 240 362 239 362 244 362 244 363 239 363 245 363 246 364 231 364 247 364 247 365 231 365 233 365 247 366 233 366 235 366 247 367 235 367 248 367 235 368 234 368 248 368 248 369 234 369 249 369 228 370 250 370 226 370 226 371 250 371 251 371 250 372 228 372 252 372 252 373 228 373 230 373 252 374 230 374 253 374 229 375 254 375 230 375 230 376 254 376 253 376 255 377 221 377 256 377 256 378 221 378 223 378 256 379 223 379 225 379 256 380 225 380 257 380 224 381 258 381 225 381 225 382 258 382 257 382 259 383 216 383 260 383 260 384 216 384 219 384 260 385 219 385 261 385 220 386 262 386 219 386 219 387 262 387 261 387 263 388 211 388 264 388 264 389 211 389 214 389 264 390 214 390 265 390 215 391 266 391 214 391 214 392 266 392 265 392 267 393 206 393 268 393 268 394 206 394 209 394 268 395 209 395 269 395 269 396 209 396 270 396 209 397 210 397 270 397 270 398 210 398 271 398 272 399 201 399 273 399 273 400 201 400 204 400 273 401 204 401 274 401 274 402 204 402 275 402 204 403 205 403 275 403 275 97 205 97 276 97 239 404 277 404 245 404 277 405 239 405 237 405 277 406 237 406 278 406 278 407 237 407 279 407 236 408 241 408 237 408 237 409 241 409 279 409 249 410 234 410 280 410 280 411 234 411 232 411 280 412 232 412 281 412 231 413 246 413 232 413 232 414 246 414 281 414 254 415 229 415 282 415 282 416 229 416 227 416 282 417 227 417 283 417 283 418 227 418 284 418 227 419 226 419 284 419 284 420 226 420 251 420 258 421 224 421 285 421 285 421 224 421 222 421 285 422 222 422 286 422 286 423 222 423 287 423 222 424 221 424 287 424 287 420 221 420 255 420 262 425 220 425 218 425 262 426 218 426 288 426 288 427 218 427 217 427 288 428 217 428 289 428 217 429 216 429 289 429 289 430 216 430 259 430 266 431 215 431 290 431 290 432 215 432 213 432 290 433 213 433 291 433 291 434 213 434 212 434 291 435 212 435 292 435 212 436 211 436 292 436 292 437 211 437 263 437 271 438 210 438 208 438 271 439 208 439 293 439 293 440 208 440 207 440 293 441 207 441 294 441 206 442 267 442 207 442 207 443 267 443 294 443 203 444 295 444 205 444 205 445 295 445 276 445 295 446 203 446 296 446 296 447 203 447 202 447 296 448 202 448 297 448 201 449 272 449 202 449 202 450 272 450 297 450 298 451 299 451 300 451 300 452 299 452 301 452 300 453 301 453 302 453 302 454 301 454 303 454 302 455 303 455 304 455 304 456 303 456 305 456 304 457 305 457 306 457 306 458 305 458 307 458 306 459 307 459 308 459 308 460 307 460 309 460 309 461 307 461 310 461 309 462 310 462 311 462 311 463 310 463 312 463 312 464 310 464 313 464 312 465 313 465 314 465 314 466 313 466 315 466 314 467 315 467 298 467 298 468 315 468 299 468 300 469 308 469 309 469 300 470 309 470 298 470 298 469 309 469 314 469 314 469 309 469 311 469 314 469 311 469 312 469 308 469 300 469 306 469 306 469 300 469 302 469 306 471 302 471 304 471 316 472 77 472 253 472 253 473 77 473 78 473 253 474 78 474 252 474 252 475 78 475 79 475 252 476 79 476 250 476 250 477 79 477 251 477 251 478 79 478 81 478 251 479 81 479 317 479 82 480 279 480 81 480 81 481 279 481 241 481 81 482 241 482 317 482 317 483 241 483 281 483 317 484 281 484 246 484 279 485 82 485 278 485 278 486 82 486 83 486 278 487 83 487 277 487 277 488 83 488 245 488 245 489 83 489 85 489 245 490 85 490 244 490 244 491 85 491 249 491 244 492 249 492 243 492 243 493 249 493 280 493 243 494 280 494 242 494 85 495 318 495 248 495 85 496 248 496 249 496 88 497 265 497 85 497 85 498 265 498 266 498 85 499 266 499 318 499 318 500 266 500 261 500 318 501 261 501 262 501 265 502 88 502 264 502 264 503 88 503 89 503 264 504 89 504 263 504 263 505 89 505 91 505 263 506 91 506 292 506 292 507 91 507 319 507 292 508 319 508 259 508 259 509 319 509 289 509 289 510 319 510 320 510 289 511 320 511 288 511 288 512 320 512 321 512 288 513 321 513 262 513 262 514 321 514 318 514 319 515 91 515 272 515 272 516 91 516 297 516 297 517 91 517 92 517 297 518 92 518 296 518 296 519 92 519 94 519 296 520 94 520 295 520 295 521 94 521 77 521 295 522 77 522 276 522 276 523 77 523 316 523 241 524 242 524 281 524 281 525 242 525 280 525 317 526 246 526 322 526 322 527 246 527 247 527 322 528 247 528 323 528 323 529 247 529 248 529 323 530 248 530 318 530 251 531 317 531 284 531 284 532 317 532 255 532 284 533 255 533 283 533 283 534 255 534 256 534 253 535 254 535 316 535 316 536 254 536 257 536 316 537 257 537 258 537 254 538 282 538 257 538 257 539 282 539 256 539 256 540 282 540 283 540 255 541 317 541 287 541 287 542 317 542 324 542 287 543 324 543 286 543 286 544 324 544 285 544 285 545 324 545 325 545 285 546 325 546 258 546 258 547 325 547 316 547 292 548 259 548 291 548 291 549 259 549 260 549 291 550 260 550 290 550 290 551 260 551 261 551 290 552 261 552 266 552 268 553 326 553 267 553 267 554 326 554 319 554 267 555 319 555 294 555 294 556 319 556 272 556 294 557 272 557 273 557 326 558 268 558 269 558 326 559 269 559 327 559 327 560 269 560 270 560 327 561 270 561 316 561 316 562 270 562 271 562 316 563 271 563 275 563 275 564 271 564 274 564 274 565 271 565 293 565 274 566 293 566 273 566 273 567 293 567 294 567 275 568 276 568 316 568 299 569 318 569 301 569 301 570 318 570 321 570 301 571 321 571 320 571 318 572 299 572 323 572 323 573 299 573 315 573 323 574 315 574 322 574 322 575 315 575 317 575 317 576 315 576 313 576 317 577 313 577 324 577 324 578 313 578 310 578 324 579 310 579 325 579 325 580 310 580 316 580 316 581 310 581 307 581 316 582 307 582 327 582 327 583 307 583 326 583 326 584 307 584 305 584 326 585 305 585 319 585 319 586 305 586 303 586 319 587 303 587 320 587 320 588 303 588 301 588 328 97 329 97 330 97 330 589 329 589 331 589 330 590 331 590 332 590 330 591 332 591 333 591 333 97 332 97 334 97 333 97 334 97 335 97 335 97 334 97 336 97 336 592 334 592 337 592 336 97 337 97 338 97 338 593 337 593 339 593 338 97 339 97 340 97 340 594 339 594 341 594 340 595 341 595 342 595 342 596 341 596 343 596 342 597 343 597 344 597 344 598 343 598 345 598 344 97 345 97 346 97 346 97 345 97 347 97 347 599 345 599 348 599 347 600 348 600 349 600 347 601 349 601 350 601 350 602 349 602 351 602 350 97 351 97 352 97 352 603 351 603 353 603 352 604 353 604 354 604 354 605 353 605 355 605 354 606 355 606 356 606 356 607 355 607 357 607 356 608 357 608 358 608 358 97 357 97 359 97 358 97 359 97 360 97 361 609 362 609 363 609 363 610 362 610 364 610 365 611 366 611 367 611 367 612 366 612 368 612 368 613 366 613 361 613 361 614 363 614 368 614 367 615 368 615 364 615 364 616 368 616 363 616 369 617 370 617 371 617 369 618 371 618 372 618 371 619 373 619 372 619 372 620 373 620 374 620 375 621 370 621 376 621 376 622 370 622 369 622 376 623 369 623 374 623 374 624 369 624 372 624 362 625 361 625 377 625 362 626 377 626 378 626 378 627 377 627 379 627 366 628 365 628 380 628 380 629 365 629 381 629 381 630 365 630 382 630 381 631 382 631 383 631 383 632 382 632 373 632 383 633 373 633 384 633 384 634 373 634 371 634 378 635 379 635 385 635 385 636 379 636 386 636 385 637 386 637 387 637 385 638 387 638 388 638 385 639 388 639 375 639 375 640 388 640 389 640 375 641 389 641 370 641 362 642 390 642 364 642 367 643 391 643 365 643 365 644 391 644 392 644 365 645 392 645 393 645 365 646 393 646 382 646 382 647 393 647 394 647 382 648 394 648 373 648 373 649 394 649 374 649 376 650 395 650 375 650 375 651 395 651 385 651 385 652 395 652 396 652 385 653 396 653 378 653 378 654 396 654 390 654 378 655 390 655 362 655 391 656 367 656 364 656 391 657 364 657 390 657 397 658 395 658 376 658 397 659 376 659 374 659 397 660 374 660 394 660 391 661 397 661 394 661 391 662 394 662 392 662 392 663 394 663 393 663 397 664 391 664 395 664 395 665 391 665 390 665 395 666 390 666 396 666 328 667 398 667 329 667 329 668 398 668 399 668 329 669 399 669 331 669 331 670 399 670 400 670 331 671 400 671 332 671 332 672 400 672 401 672 332 673 401 673 334 673 334 674 401 674 402 674 334 675 402 675 403 675 334 676 403 676 337 676 337 677 403 677 339 677 339 678 403 678 404 678 339 679 404 679 341 679 341 680 404 680 405 680 341 681 405 681 343 681 343 682 405 682 406 682 343 683 406 683 407 683 343 684 407 684 345 684 345 685 407 685 408 685 345 686 408 686 348 686 348 687 408 687 409 687 348 688 409 688 349 688 349 689 409 689 410 689 349 690 410 690 411 690 349 691 411 691 351 691 351 692 411 692 353 692 353 693 411 693 412 693 353 694 412 694 355 694 355 695 412 695 413 695 355 696 413 696 357 696 357 697 413 697 414 697 357 698 414 698 415 698 357 699 415 699 359 699 359 700 415 700 416 700 359 701 416 701 360 701 360 702 416 702 417 702 360 703 417 703 358 703 358 704 417 704 418 704 358 705 418 705 356 705 356 706 418 706 419 706 356 707 419 707 354 707 354 708 419 708 420 708 354 709 420 709 352 709 352 710 420 710 421 710 352 711 421 711 350 711 350 712 421 712 422 712 350 713 422 713 347 713 347 714 422 714 423 714 347 715 423 715 346 715 346 716 423 716 424 716 346 717 424 717 344 717 344 718 424 718 425 718 344 719 425 719 426 719 344 720 426 720 342 720 342 721 426 721 340 721 340 722 426 722 427 722 340 723 427 723 338 723 338 724 427 724 428 724 338 725 428 725 336 725 336 726 428 726 429 726 336 727 429 727 430 727 336 728 430 728 335 728 335 729 430 729 431 729 335 730 431 730 333 730 333 731 431 731 330 731 330 732 431 732 432 732 330 733 432 733 328 733 328 734 432 734 398 734 433 735 434 735 435 735 435 736 434 736 436 736 435 737 436 737 437 737 435 738 437 738 438 738 438 739 437 739 439 739 437 740 440 740 439 740 439 741 440 741 441 741 441 742 440 742 442 742 441 743 442 743 443 743 443 744 442 744 444 744 443 745 444 745 445 745 445 746 444 746 446 746 445 747 446 747 447 747 447 748 446 748 448 748 447 749 448 749 449 749 449 750 448 750 450 750 449 751 450 751 451 751 451 752 450 752 452 752 451 753 452 753 453 753 453 754 452 754 454 754 453 755 454 755 455 755 455 756 454 756 456 756 455 757 456 757 457 757 457 758 456 758 458 758 456 759 459 759 458 759 459 760 460 760 458 760 460 761 461 761 458 761 458 762 461 762 462 762 462 763 461 763 463 763 462 764 463 764 464 764 462 765 464 765 465 765 465 766 464 766 466 766 465 767 466 767 467 767 467 768 466 768 468 768 467 769 468 769 469 769 469 770 468 770 470 770 469 771 470 771 471 771 471 772 470 772 472 772 471 773 472 773 473 773 473 774 472 774 474 774 473 775 474 775 475 775 475 776 474 776 476 776 475 777 476 777 477 777 477 778 476 778 478 778 477 779 478 779 479 779 479 780 478 780 480 780 479 781 480 781 481 781 481 782 480 782 482 782 481 783 482 783 483 783 483 784 482 784 484 784 483 785 484 785 485 785 483 786 485 786 486 786 486 787 485 787 487 787 486 788 487 788 488 788 488 789 487 789 489 789 488 790 489 790 490 790 490 791 489 791 491 791 490 792 491 792 492 792 492 793 491 793 493 793 492 794 493 794 494 794 494 795 493 795 495 795 494 796 495 796 496 796 496 797 495 797 497 797 496 798 497 798 498 798 498 799 497 799 499 799 498 800 499 800 500 800 500 801 499 801 501 801 500 802 501 802 502 802 500 803 502 803 503 803 503 804 502 804 504 804 503 805 504 805 505 805 505 806 504 806 506 806 505 807 506 807 507 807 507 808 506 808 508 808 507 809 508 809 509 809 509 810 508 810 510 810 509 811 510 811 511 811 511 812 510 812 512 812 511 813 512 813 513 813 513 814 512 814 514 814 513 815 514 815 515 815 513 816 515 816 516 816 516 817 515 817 517 817 516 818 517 818 518 818 518 819 517 819 519 819 518 820 519 820 520 820 518 821 520 821 521 821 521 822 520 822 522 822 521 823 522 823 523 823 521 824 523 824 524 824 524 825 523 825 525 825 524 826 525 826 526 826 526 827 525 827 527 827 526 828 527 828 528 828 528 829 527 829 529 829 528 830 529 830 530 830 530 831 529 831 531 831 530 832 531 832 532 832 532 833 531 833 533 833 532 834 533 834 534 834 534 835 533 835 535 835 534 836 535 836 536 836 536 837 535 837 537 837 536 838 537 838 538 838 536 839 538 839 539 839 539 840 538 840 433 840 539 841 433 841 435 841 398 842 511 842 513 842 511 843 398 843 509 843 509 844 398 844 432 844 509 845 432 845 507 845 507 846 432 846 505 846 505 847 432 847 431 847 505 848 431 848 503 848 503 849 431 849 430 849 503 850 430 850 500 850 500 851 430 851 429 851 500 852 429 852 498 852 498 853 429 853 428 853 498 854 428 854 496 854 496 855 428 855 494 855 494 856 428 856 427 856 494 857 427 857 492 857 492 858 427 858 426 858 492 859 426 859 490 859 490 860 426 860 425 860 490 861 425 861 488 861 488 862 425 862 424 862 488 863 424 863 486 863 486 864 424 864 483 864 483 865 424 865 423 865 483 866 423 866 481 866 481 867 423 867 422 867 481 868 422 868 479 868 479 869 422 869 477 869 477 870 422 870 421 870 477 871 421 871 475 871 475 872 421 872 473 872 473 873 421 873 420 873 473 874 420 874 471 874 471 875 420 875 419 875 471 876 419 876 469 876 469 877 419 877 418 877 469 878 418 878 467 878 467 879 418 879 417 879 467 880 417 880 465 880 465 881 417 881 462 881 462 882 417 882 416 882 462 883 416 883 458 883 458 884 416 884 457 884 457 885 416 885 415 885 457 886 415 886 455 886 455 887 415 887 414 887 455 888 414 888 453 888 453 889 414 889 413 889 453 890 413 890 451 890 451 891 413 891 412 891 451 892 412 892 449 892 449 893 412 893 447 893 447 894 412 894 411 894 447 895 411 895 445 895 445 896 411 896 443 896 443 897 411 897 410 897 443 898 410 898 441 898 441 899 410 899 409 899 441 900 409 900 439 900 439 901 409 901 408 901 439 902 408 902 438 902 438 903 408 903 435 903 435 904 408 904 407 904 435 905 407 905 539 905 539 906 407 906 536 906 536 907 407 907 406 907 536 908 406 908 534 908 534 909 406 909 405 909 534 910 405 910 532 910 532 911 405 911 404 911 532 912 404 912 530 912 530 913 404 913 528 913 528 914 404 914 403 914 528 915 403 915 526 915 526 916 403 916 524 916 524 917 403 917 402 917 524 918 402 918 521 918 521 919 402 919 401 919 521 920 401 920 518 920 518 921 401 921 400 921 518 922 400 922 516 922 516 923 400 923 399 923 516 924 399 924 513 924 513 925 399 925 398 925 540 926 541 926 542 926 543 927 544 927 545 927 543 928 546 928 544 928 547 929 548 929 542 929 549 930 550 930 542 930 550 931 549 931 551 931 550 932 540 932 542 932 551 933 552 933 540 933 551 934 540 934 550 934 548 935 544 935 546 935 548 936 549 936 542 936 548 937 547 937 544 937 553 938 554 938 555 938 553 939 555 939 556 939 556 940 555 940 557 940 556 941 557 941 558 941 558 942 557 942 559 942 541 943 540 943 560 943 560 944 540 944 561 944 560 945 561 945 558 945 558 946 561 946 556 946 556 947 561 947 553 947 540 948 552 948 561 948 561 949 552 949 553 949 562 950 563 950 564 950 565 951 566 951 567 951 568 952 569 952 570 952 571 953 570 953 572 953 571 954 572 954 573 954 569 955 568 955 574 955 574 956 565 956 569 956 569 957 565 957 567 957 572 958 567 958 563 958 565 959 575 959 566 959 562 960 564 960 557 960 562 961 557 961 555 961 564 962 576 962 557 962 576 963 559 963 557 963 570 964 569 964 567 964 570 965 567 965 572 965 567 966 566 966 563 966 572 967 577 967 573 967 572 968 563 968 577 968 573 969 577 969 578 969 563 970 566 970 564 970 577 971 562 971 578 971 578 972 562 972 554 972 577 973 563 973 562 973 554 974 562 974 555 974 575 975 579 975 580 975 581 976 580 976 579 976 574 977 568 977 582 977 583 978 581 978 579 978 584 979 575 979 565 979 574 980 584 980 565 980 579 981 575 981 584 981 579 982 584 982 583 982 583 983 584 983 585 983 585 984 584 984 582 984 582 985 584 985 574 985 586 986 580 986 581 986 587 987 588 987 589 987 589 988 590 988 591 988 589 989 591 989 587 989 587 990 591 990 581 990 586 991 581 991 591 991 592 992 593 992 545 992 592 993 545 993 594 993 593 994 543 994 545 994 594 995 545 995 595 995 595 996 545 996 589 996 588 997 595 997 589 997 596 998 581 998 597 998 597 999 581 999 583 999 597 1000 583 1000 598 1000 598 1001 583 1001 599 1001 599 1002 583 1002 585 1002 599 1003 585 1003 582 1003 599 1004 582 1004 600 1004 600 1005 582 1005 568 1005 600 1006 568 1006 601 1006 601 1007 568 1007 570 1007 601 1008 570 1008 571 1008 601 1009 571 1009 602 1009 602 1010 571 1010 573 1010 602 1011 573 1011 603 1011 603 1012 573 1012 578 1012 603 1013 578 1013 554 1013 603 1014 554 1014 604 1014 604 1015 554 1015 605 1015 554 1016 553 1016 605 1016 605 1017 553 1017 552 1017 575 1018 606 1018 566 1018 566 1019 606 1019 607 1019 606 1020 575 1020 608 1020 608 1021 575 1021 580 1021 608 1022 580 1022 609 1022 609 1023 580 1023 586 1023 609 1024 586 1024 591 1024 609 1025 591 1025 610 1025 610 1026 591 1026 590 1026 590 1027 589 1027 610 1027 610 1028 589 1028 611 1028 611 1029 589 1029 545 1029 545 1030 612 1030 611 1030 611 1031 612 1031 613 1031 613 1032 612 1032 614 1032 613 1033 614 1033 615 1033 613 1034 615 1034 616 1034 613 1035 616 1035 617 1035 617 1036 616 1036 618 1036 617 1037 618 1037 619 1037 617 1038 619 1038 620 1038 620 1039 619 1039 621 1039 620 1040 621 1040 622 1040 620 1041 622 1041 623 1041 623 1042 622 1042 624 1042 623 1043 624 1043 625 1043 625 1044 624 1044 626 1044 625 1045 626 1045 627 1045 628 1046 629 1046 630 1046 631 1047 630 1047 632 1047 633 1048 634 1048 635 1048 636 1049 634 1049 637 1049 637 1050 632 1050 638 1050 638 1051 632 1051 639 1051 640 1052 641 1052 638 1052 640 1053 638 1053 639 1053 640 1054 639 1054 642 1054 642 1055 639 1055 643 1055 642 1056 643 1056 644 1056 638 1057 636 1057 637 1057 632 1058 633 1058 631 1058 630 1059 626 1059 628 1059 631 1060 626 1060 630 1060 634 1061 645 1061 635 1061 641 1062 636 1062 638 1062 644 1063 643 1063 629 1063 639 1064 632 1064 643 1064 637 1065 634 1065 632 1065 632 1066 634 1066 633 1066 632 1067 630 1067 643 1067 629 1068 643 1068 630 1068 646 1069 629 1069 628 1069 641 1070 647 1070 648 1070 641 1071 648 1071 636 1071 636 1072 648 1072 649 1072 636 1073 649 1073 634 1073 634 1074 649 1074 645 1074 650 1075 651 1075 652 1075 652 1076 651 1076 653 1076 652 1077 653 1077 654 1077 654 1078 653 1078 647 1078 653 1079 651 1079 645 1079 648 1080 653 1080 645 1080 648 1081 645 1081 649 1081 647 1082 653 1082 648 1082 615 1083 655 1083 656 1083 657 1084 655 1084 658 1084 655 1085 659 1085 658 1085 658 1086 659 1086 660 1086 661 1087 652 1087 662 1087 661 1088 662 1088 659 1088 659 1089 662 1089 660 1089 655 1090 657 1090 656 1090 659 1091 655 1091 663 1091 659 1092 663 1092 650 1092 659 1093 650 1093 661 1093 652 1094 661 1094 650 1094 654 1095 662 1095 652 1095 664 1096 618 1096 616 1096 664 1097 616 1097 665 1097 665 1098 616 1098 666 1098 666 1099 616 1099 615 1099 666 1100 615 1100 656 1100 667 1101 618 1101 664 1101 621 1102 668 1102 622 1102 621 1103 619 1103 669 1103 619 1104 618 1104 667 1104 619 1105 667 1105 669 1105 621 1106 669 1106 668 1106 668 1107 670 1107 622 1107 671 1108 672 1108 624 1108 624 1109 672 1109 626 1109 673 1110 646 1110 628 1110 673 1111 628 1111 672 1111 673 1112 672 1112 674 1112 674 1113 672 1113 671 1113 674 1114 671 1114 670 1114 670 1115 671 1115 622 1115 672 1116 628 1116 626 1116 671 1117 624 1117 622 1117 386 1118 667 1118 664 1118 664 1119 387 1119 386 1119 664 1120 665 1120 387 1120 665 1121 666 1121 389 1121 389 1122 656 1122 370 1122 383 1123 384 1123 660 1123 383 1124 660 1124 662 1124 383 1125 662 1125 654 1125 383 1126 654 1126 381 1126 660 1127 384 1127 658 1127 389 1128 666 1128 656 1128 657 1129 370 1129 656 1129 657 1130 371 1130 370 1130 657 1131 658 1131 371 1131 658 1132 384 1132 371 1132 389 1133 388 1133 665 1133 665 1134 388 1134 387 1134 654 1135 647 1135 381 1135 381 1136 647 1136 641 1136 588 1137 587 1137 596 1137 596 1138 587 1138 581 1138 386 1139 668 1139 669 1139 669 1140 667 1140 386 1140 546 1141 543 1141 675 1141 675 1142 543 1142 593 1142 675 1143 593 1143 676 1143 676 1144 593 1144 592 1144 595 1145 588 1145 596 1145 595 1146 596 1146 677 1146 595 1147 677 1147 594 1147 594 1148 677 1148 592 1148 592 1149 677 1149 676 1149 549 1150 678 1150 679 1150 549 1151 679 1151 551 1151 551 1152 679 1152 605 1152 551 1153 605 1153 552 1153 678 1154 549 1154 548 1154 678 1155 548 1155 680 1155 680 1156 548 1156 546 1156 680 1157 546 1157 681 1157 681 1158 546 1158 675 1158 678 1159 680 1159 681 1159 682 1160 681 1160 675 1160 682 1161 675 1161 676 1161 683 1162 596 1162 597 1162 604 1163 605 1163 684 1163 677 1164 596 1164 683 1164 685 1165 683 1165 597 1165 686 1166 677 1166 687 1166 687 1167 677 1167 683 1167 687 1168 683 1168 688 1168 688 1169 683 1169 685 1169 688 1170 685 1170 598 1170 598 1171 685 1171 597 1171 676 1172 677 1172 686 1172 689 1173 687 1173 690 1173 690 1174 687 1174 688 1174 691 1175 688 1175 598 1175 692 1176 686 1176 687 1176 692 1177 687 1177 689 1177 693 1178 690 1178 688 1178 693 1179 688 1179 691 1179 694 1180 691 1180 598 1180 694 1181 598 1181 599 1181 682 1182 676 1182 695 1182 695 1183 676 1183 686 1183 695 1184 686 1184 692 1184 693 1185 689 1185 690 1185 694 1186 693 1186 691 1186 696 1187 694 1187 599 1187 696 1188 599 1188 600 1188 697 1189 695 1189 692 1189 697 1190 692 1190 698 1190 698 1191 692 1191 689 1191 698 1192 689 1192 699 1192 699 1193 689 1193 693 1193 699 1194 693 1194 700 1194 700 1195 693 1195 694 1195 700 1196 694 1196 701 1196 701 1197 694 1197 702 1197 702 1198 694 1198 696 1198 702 1199 696 1199 600 1199 681 1200 682 1200 695 1200 601 1201 702 1201 600 1201 703 1202 681 1202 695 1202 703 1203 695 1203 704 1203 704 1204 695 1204 697 1204 704 1205 697 1205 705 1205 705 1206 697 1206 698 1206 705 1207 698 1207 706 1207 706 1208 698 1208 699 1208 706 1209 699 1209 707 1209 707 1210 699 1210 708 1210 708 1211 699 1211 700 1211 708 1212 700 1212 709 1212 709 1213 700 1213 701 1213 709 1214 701 1214 710 1214 710 1215 701 1215 702 1215 710 1216 702 1216 601 1216 678 1217 681 1217 703 1217 602 1218 710 1218 601 1218 711 1219 678 1219 703 1219 711 1220 703 1220 704 1220 711 1221 704 1221 712 1221 712 1222 704 1222 705 1222 712 1223 705 1223 713 1223 713 1224 705 1224 706 1224 713 1225 706 1225 714 1225 714 1226 706 1226 707 1226 714 1227 707 1227 708 1227 714 1228 708 1228 715 1228 715 1229 708 1229 709 1229 715 1230 709 1230 710 1230 715 1231 710 1231 602 1231 679 1232 678 1232 711 1232 716 1233 713 1233 714 1233 716 1234 714 1234 715 1234 603 1235 715 1235 602 1235 679 1236 711 1236 684 1236 684 1237 711 1237 712 1237 684 1238 712 1238 716 1238 716 1239 712 1239 713 1239 604 1240 716 1240 715 1240 604 1241 715 1241 603 1241 684 1242 605 1242 679 1242 604 1243 684 1243 716 1243 640 1244 380 1244 641 1244 381 1245 641 1245 380 1245 380 1246 640 1246 642 1246 380 1247 642 1247 366 1247 366 1248 642 1248 644 1248 366 1249 644 1249 629 1249 366 1250 629 1250 361 1250 361 1251 629 1251 646 1251 361 1252 646 1252 673 1252 361 1253 673 1253 377 1253 377 1254 673 1254 674 1254 377 1255 674 1255 670 1255 377 1256 670 1256 379 1256 379 1257 668 1257 386 1257 668 1258 379 1258 670 1258 558 1259 559 1259 717 1259 558 1260 717 1260 560 1260 560 1261 717 1261 718 1261 560 1262 718 1262 541 1262 541 1263 718 1263 542 1263 542 1264 718 1264 719 1264 542 1265 719 1265 720 1265 542 1266 720 1266 547 1266 544 1267 547 1267 720 1267 544 1268 720 1268 612 1268 615 1269 614 1269 721 1269 615 1270 721 1270 655 1270 655 1271 721 1271 663 1271 663 1272 721 1272 722 1272 663 1273 722 1273 723 1273 576 1274 564 1274 724 1274 724 1275 564 1275 566 1275 566 1276 607 1276 724 1276 719 1277 725 1277 720 1277 720 1278 725 1278 722 1278 720 1279 722 1279 721 1279 725 1280 723 1280 722 1280 726 1281 651 1281 723 1281 723 1282 651 1282 650 1282 651 1283 726 1283 645 1283 645 1284 726 1284 727 1284 635 1285 645 1285 727 1285 635 1286 728 1286 633 1286 633 1287 728 1287 631 1287 631 1288 728 1288 729 1288 631 1289 729 1289 627 1289 631 1290 627 1290 626 1290 723 1291 650 1291 663 1291 612 1292 545 1292 544 1292 720 1293 721 1293 612 1293 612 1294 721 1294 614 1294 730 1295 731 1295 732 1295 731 1296 733 1296 732 1296 730 1297 732 1297 734 1297 734 1298 732 1298 735 1298 734 1299 735 1299 736 1299 736 1300 735 1300 737 1300 736 1301 737 1301 738 1301 738 1302 737 1302 739 1302 738 1303 739 1303 740 1303 740 1304 739 1304 741 1304 741 1305 739 1305 742 1305 741 1306 742 1306 743 1306 743 1307 742 1307 744 1307 743 1308 744 1308 745 1308 746 1309 434 1309 747 1309 747 1310 434 1310 748 1310 747 1311 748 1311 749 1311 750 1312 749 1312 751 1312 750 1313 751 1313 752 1313 747 1314 749 1314 750 1314 752 1315 751 1315 745 1315 745 1316 744 1316 752 1316 434 1317 746 1317 436 1317 436 1318 753 1318 437 1318 746 1319 753 1319 436 1319 753 1320 754 1320 437 1320 440 1321 437 1321 755 1321 437 1322 754 1322 755 1322 440 1323 755 1323 442 1323 442 1324 755 1324 756 1324 442 1325 756 1325 444 1325 444 1326 756 1326 446 1326 446 1327 756 1327 757 1327 446 1328 757 1328 448 1328 448 1329 757 1329 758 1329 448 1330 758 1330 450 1330 450 1331 758 1331 452 1331 452 1332 758 1332 759 1332 452 1333 759 1333 454 1333 454 1334 759 1334 760 1334 454 1335 760 1335 456 1335 761 1336 460 1336 762 1336 461 1337 460 1337 763 1337 763 1338 460 1338 761 1338 762 1339 460 1339 459 1339 762 1340 459 1340 456 1340 456 1341 760 1341 762 1341 764 1342 461 1342 763 1342 764 1343 763 1343 765 1343 764 1344 765 1344 766 1344 767 1345 768 1345 731 1345 731 1346 768 1346 733 1346 766 1347 765 1347 769 1347 766 1348 769 1348 767 1348 767 1349 769 1349 768 1349 608 1350 754 1350 753 1350 608 1351 753 1351 606 1351 606 1352 753 1352 746 1352 606 1353 746 1353 607 1353 607 1354 746 1354 724 1354 724 1355 746 1355 747 1355 724 1356 747 1356 576 1356 576 1357 747 1357 750 1357 576 1358 750 1358 752 1358 576 1359 752 1359 559 1359 559 1360 752 1360 744 1360 744 1361 742 1361 559 1361 559 1362 742 1362 717 1362 717 1363 742 1363 739 1363 717 1364 739 1364 718 1364 718 1365 739 1365 719 1365 719 1366 739 1366 737 1366 719 1367 737 1367 725 1367 725 1368 737 1368 723 1368 723 1369 737 1369 735 1369 723 1370 735 1370 732 1370 723 1371 732 1371 726 1371 726 1372 732 1372 727 1372 727 1373 732 1373 733 1373 770 1374 771 1374 772 1374 770 1375 772 1375 773 1375 773 1376 772 1376 774 1376 773 1377 774 1377 775 1377 775 1378 774 1378 776 1378 777 1379 776 1379 778 1379 777 1380 778 1380 514 1380 777 1381 514 1381 512 1381 779 1382 780 1382 781 1382 782 1383 781 1383 783 1383 782 1384 783 1384 784 1384 785 1385 786 1385 787 1385 788 1386 787 1386 789 1386 531 1387 789 1387 790 1387 531 1388 790 1388 533 1388 749 1389 791 1389 751 1389 751 1390 791 1390 792 1390 784 1391 783 1391 793 1391 784 1392 793 1392 794 1392 794 1393 793 1393 786 1393 786 1394 795 1394 787 1394 787 1395 796 1395 789 1395 533 1396 790 1396 535 1396 787 1397 795 1397 796 1397 789 1398 796 1398 797 1398 789 1399 797 1399 790 1399 793 1400 798 1400 786 1400 786 1401 798 1401 795 1401 797 1402 799 1402 790 1402 790 1403 799 1403 800 1403 790 1404 800 1404 535 1404 795 1405 798 1405 801 1405 795 1406 801 1406 796 1406 796 1407 801 1407 797 1407 535 1408 800 1408 537 1408 781 1409 802 1409 783 1409 793 1410 783 1410 803 1410 793 1411 803 1411 798 1411 797 1412 801 1412 804 1412 797 1413 804 1413 799 1413 799 1414 804 1414 800 1414 800 1415 805 1415 537 1415 537 1416 805 1416 806 1416 537 1417 806 1417 538 1417 783 1418 802 1418 803 1418 798 1419 803 1419 807 1419 798 1420 807 1420 808 1420 798 1421 808 1421 801 1421 801 1422 808 1422 809 1422 801 1423 809 1423 804 1423 800 1424 804 1424 810 1424 800 1425 810 1425 805 1425 538 1426 806 1426 433 1426 811 1427 812 1427 792 1427 813 1428 814 1428 811 1428 811 1429 814 1429 812 1429 813 1430 815 1430 814 1430 815 1431 816 1431 814 1431 817 1432 818 1432 819 1432 817 1433 819 1433 820 1433 821 1434 820 1434 822 1434 740 1435 822 1435 738 1435 736 1436 738 1436 823 1436 824 1437 825 1437 826 1437 826 1438 825 1438 827 1438 827 1439 828 1439 829 1439 818 1440 816 1440 819 1440 820 1441 819 1441 825 1441 820 1442 825 1442 822 1442 816 1443 828 1443 819 1443 822 1444 823 1444 738 1444 822 1445 825 1445 824 1445 822 1446 824 1446 823 1446 828 1447 827 1447 819 1447 819 1448 827 1448 825 1448 830 1449 829 1449 831 1449 466 1450 832 1450 468 1450 833 1451 834 1451 835 1451 836 1452 835 1452 837 1452 836 1453 837 1453 838 1453 838 1454 837 1454 839 1454 838 1455 839 1455 840 1455 840 1456 839 1456 832 1456 833 1457 841 1457 834 1457 835 1458 834 1458 837 1458 832 1459 839 1459 842 1459 832 1460 842 1460 468 1460 468 1461 842 1461 470 1461 829 1462 843 1462 831 1462 831 1463 843 1463 844 1463 831 1464 844 1464 841 1464 841 1465 844 1465 834 1465 837 1466 845 1466 839 1466 839 1467 846 1467 842 1467 834 1468 847 1468 837 1468 837 1469 847 1469 845 1469 839 1470 845 1470 846 1470 842 1471 846 1471 848 1471 842 1472 848 1472 470 1472 470 1473 848 1473 849 1473 470 1474 849 1474 472 1474 834 1475 844 1475 847 1475 845 1476 850 1476 846 1476 472 1477 849 1477 474 1477 847 1478 851 1478 845 1478 845 1479 851 1479 850 1479 846 1480 850 1480 852 1480 846 1481 852 1481 848 1481 853 1482 843 1482 854 1482 855 1483 856 1483 857 1483 857 1484 856 1484 858 1484 857 1485 858 1485 859 1485 859 1486 860 1486 861 1486 861 1487 860 1487 862 1487 861 1488 862 1488 863 1488 863 1489 862 1489 864 1489 864 1490 865 1490 482 1490 859 1491 858 1491 860 1491 864 1492 862 1492 865 1492 482 1493 865 1493 484 1493 866 1494 867 1494 855 1494 855 1495 867 1495 868 1495 855 1496 868 1496 856 1496 856 1497 868 1497 858 1497 860 1498 858 1498 869 1498 860 1499 869 1499 862 1499 862 1500 870 1500 865 1500 865 1501 871 1501 484 1501 858 1502 868 1502 869 1502 862 1503 869 1503 870 1503 870 1504 872 1504 865 1504 865 1505 872 1505 871 1505 871 1506 873 1506 484 1506 484 1507 873 1507 485 1507 866 1508 854 1508 867 1508 868 1509 874 1509 869 1509 869 1510 875 1510 870 1510 871 1511 872 1511 876 1511 871 1512 876 1512 873 1512 854 1513 877 1513 867 1513 867 1514 878 1514 868 1514 868 1515 878 1515 874 1515 869 1516 874 1516 879 1516 869 1517 879 1517 875 1517 870 1518 875 1518 880 1518 870 1519 880 1519 872 1519 872 1520 880 1520 876 1520 873 1521 876 1521 881 1521 873 1522 881 1522 485 1522 485 1523 881 1523 487 1523 867 1524 877 1524 882 1524 867 1525 882 1525 878 1525 875 1526 879 1526 880 1526 876 1527 883 1527 881 1527 882 1528 877 1528 884 1528 885 1529 884 1529 886 1529 887 1530 888 1530 889 1530 887 1531 889 1531 890 1531 890 1532 889 1532 891 1532 890 1533 891 1533 892 1533 892 1534 891 1534 893 1534 495 1535 893 1535 497 1535 894 1536 886 1536 895 1536 894 1537 895 1537 896 1537 896 1538 895 1538 897 1538 896 1539 897 1539 888 1539 888 1540 897 1540 898 1540 888 1541 898 1541 889 1541 891 1542 889 1542 899 1542 891 1543 899 1543 893 1543 884 1544 900 1544 886 1544 895 1545 901 1545 897 1545 889 1546 898 1546 902 1546 889 1547 902 1547 899 1547 899 1548 903 1548 893 1548 893 1549 903 1549 904 1549 893 1550 904 1550 497 1550 497 1551 904 1551 499 1551 886 1552 900 1552 905 1552 886 1553 905 1553 895 1553 895 1554 905 1554 901 1554 897 1555 901 1555 898 1555 901 1556 906 1556 898 1556 899 1557 902 1557 903 1557 904 1558 907 1558 499 1558 499 1559 907 1559 501 1559 898 1560 906 1560 908 1560 898 1561 908 1561 902 1561 902 1562 909 1562 903 1562 904 1563 903 1563 907 1563 501 1564 907 1564 910 1564 501 1565 910 1565 502 1565 901 1566 905 1566 911 1566 901 1567 911 1567 906 1567 902 1568 908 1568 909 1568 903 1569 909 1569 912 1569 903 1570 912 1570 907 1570 502 1571 910 1571 504 1571 913 1572 914 1572 915 1572 915 1573 914 1573 916 1573 916 1574 917 1574 918 1574 918 1575 917 1575 919 1575 920 1576 919 1576 921 1576 920 1577 921 1577 510 1577 922 1578 923 1578 913 1578 917 1579 924 1579 919 1579 919 1580 924 1580 921 1580 510 1581 921 1581 512 1581 925 1582 926 1582 927 1582 913 1583 923 1583 928 1583 913 1584 928 1584 914 1584 914 1585 928 1585 916 1585 916 1586 928 1586 929 1586 916 1587 929 1587 917 1587 917 1588 929 1588 924 1588 921 1589 777 1589 512 1589 922 1590 927 1590 930 1590 922 1591 930 1591 923 1591 924 1592 931 1592 921 1592 921 1593 931 1593 777 1593 923 1594 930 1594 932 1594 923 1595 932 1595 928 1595 929 1596 773 1596 924 1596 924 1597 773 1597 931 1597 928 1598 932 1598 933 1598 928 1599 933 1599 929 1599 931 1600 776 1600 777 1600 927 1601 926 1601 930 1601 929 1602 933 1602 773 1602 773 1603 775 1603 931 1603 931 1604 775 1604 776 1604 792 1605 745 1605 751 1605 748 1606 434 1606 433 1606 789 1607 531 1607 788 1607 787 1608 788 1608 785 1608 785 1609 934 1609 786 1609 786 1610 934 1610 935 1610 786 1611 935 1611 794 1611 794 1612 936 1612 784 1612 531 1613 529 1613 788 1613 788 1614 937 1614 785 1614 785 1615 937 1615 934 1615 794 1616 935 1616 936 1616 784 1617 936 1617 782 1617 781 1618 782 1618 779 1618 529 1619 527 1619 788 1619 788 1620 527 1620 937 1620 934 1621 938 1621 935 1621 936 1622 939 1622 782 1622 937 1623 940 1623 934 1623 934 1624 940 1624 938 1624 935 1625 938 1625 941 1625 935 1626 941 1626 936 1626 527 1627 525 1627 937 1627 937 1628 525 1628 940 1628 938 1629 940 1629 942 1629 938 1630 942 1630 941 1630 936 1631 941 1631 939 1631 940 1632 943 1632 942 1632 941 1633 944 1633 939 1633 782 1634 939 1634 771 1634 782 1635 771 1635 779 1635 779 1636 771 1636 780 1636 525 1637 523 1637 940 1637 940 1638 523 1638 943 1638 942 1639 945 1639 941 1639 941 1640 945 1640 944 1640 939 1641 772 1641 771 1641 939 1642 944 1642 946 1642 939 1643 946 1643 772 1643 523 1644 522 1644 943 1644 943 1645 522 1645 947 1645 943 1646 947 1646 942 1646 942 1647 947 1647 945 1647 945 1648 948 1648 944 1648 945 1649 947 1649 948 1649 944 1650 948 1650 949 1650 944 1651 949 1651 946 1651 522 1652 520 1652 947 1652 947 1653 950 1653 948 1653 946 1654 949 1654 774 1654 946 1655 774 1655 772 1655 947 1656 520 1656 519 1656 947 1657 519 1657 950 1657 948 1658 950 1658 951 1658 948 1659 951 1659 949 1659 949 1660 951 1660 776 1660 949 1661 776 1661 774 1661 519 1662 517 1662 950 1662 950 1663 517 1663 515 1663 950 1664 515 1664 951 1664 951 1665 515 1665 778 1665 951 1666 778 1666 776 1666 515 1667 514 1667 778 1667 832 1668 466 1668 464 1668 832 1669 464 1669 840 1669 835 1670 952 1670 833 1670 833 1671 952 1671 841 1671 840 1672 464 1672 463 1672 840 1673 463 1673 838 1673 836 1674 838 1674 766 1674 836 1675 766 1675 767 1675 463 1676 766 1676 838 1676 463 1677 764 1677 766 1677 463 1678 461 1678 764 1678 767 1679 835 1679 836 1679 835 1680 767 1680 731 1680 811 1681 953 1681 954 1681 954 1682 953 1682 955 1682 954 1683 955 1683 804 1683 954 1684 804 1684 809 1684 811 1685 792 1685 953 1685 953 1686 792 1686 791 1686 791 1687 749 1687 806 1687 806 1688 749 1688 748 1688 806 1689 748 1689 433 1689 953 1690 791 1690 956 1690 953 1691 956 1691 955 1691 955 1692 956 1692 810 1692 955 1693 810 1693 804 1693 791 1694 806 1694 956 1694 956 1695 806 1695 810 1695 810 1696 806 1696 805 1696 803 1697 802 1697 957 1697 957 1698 802 1698 815 1698 957 1699 815 1699 813 1699 807 1700 803 1700 957 1700 808 1701 807 1701 957 1701 808 1702 957 1702 958 1702 958 1703 957 1703 813 1703 958 1704 813 1704 811 1704 954 1705 809 1705 958 1705 958 1706 809 1706 808 1706 954 1707 958 1707 811 1707 814 1708 816 1708 818 1708 817 1709 814 1709 818 1709 812 1710 814 1710 817 1710 959 1711 812 1711 817 1711 959 1712 817 1712 820 1712 959 1713 820 1713 821 1713 792 1714 812 1714 960 1714 960 1715 812 1715 959 1715 960 1716 745 1716 792 1716 745 1717 960 1717 743 1717 743 1718 960 1718 959 1718 743 1719 959 1719 741 1719 741 1720 959 1720 821 1720 741 1721 821 1721 740 1721 740 1722 821 1722 822 1722 827 1723 829 1723 830 1723 826 1724 827 1724 830 1724 824 1725 826 1725 961 1725 961 1726 826 1726 962 1726 962 1727 826 1727 830 1727 962 1728 830 1728 963 1728 963 1729 830 1729 831 1729 963 1730 831 1730 841 1730 952 1731 963 1731 841 1731 823 1732 824 1732 961 1732 823 1733 961 1733 964 1733 964 1734 961 1734 962 1734 964 1735 962 1735 963 1735 964 1736 963 1736 952 1736 734 1737 736 1737 823 1737 734 1738 823 1738 964 1738 730 1739 734 1739 964 1739 730 1740 964 1740 952 1740 730 1741 952 1741 731 1741 731 1742 952 1742 835 1742 844 1743 965 1743 847 1743 847 1744 965 1744 851 1744 848 1745 852 1745 966 1745 848 1746 966 1746 849 1746 843 1747 853 1747 844 1747 844 1748 853 1748 965 1748 851 1749 967 1749 850 1749 850 1750 967 1750 852 1750 849 1751 966 1751 968 1751 849 1752 968 1752 474 1752 474 1753 968 1753 476 1753 852 1754 967 1754 969 1754 852 1755 969 1755 966 1755 968 1756 970 1756 476 1756 851 1757 965 1757 971 1757 851 1758 971 1758 967 1758 966 1759 969 1759 968 1759 476 1760 970 1760 863 1760 476 1761 863 1761 478 1761 965 1762 853 1762 971 1762 967 1763 971 1763 855 1763 967 1764 855 1764 969 1764 969 1765 857 1765 968 1765 970 1766 861 1766 863 1766 478 1767 863 1767 480 1767 969 1768 855 1768 857 1768 968 1769 857 1769 859 1769 968 1770 859 1770 970 1770 970 1771 859 1771 861 1771 863 1772 864 1772 480 1772 853 1773 854 1773 866 1773 853 1774 866 1774 971 1774 971 1775 866 1775 855 1775 480 1776 864 1776 482 1776 879 1777 972 1777 880 1777 880 1778 973 1778 876 1778 876 1779 973 1779 883 1779 881 1780 883 1780 974 1780 881 1781 974 1781 487 1781 487 1782 974 1782 489 1782 885 1783 882 1783 884 1783 879 1784 874 1784 972 1784 880 1785 972 1785 973 1785 878 1786 882 1786 975 1786 975 1787 882 1787 885 1787 975 1788 885 1788 886 1788 878 1789 975 1789 874 1789 874 1790 975 1790 972 1790 972 1791 975 1791 976 1791 973 1792 977 1792 883 1792 883 1793 977 1793 974 1793 976 1794 975 1794 886 1794 976 1795 886 1795 894 1795 972 1796 976 1796 978 1796 972 1797 978 1797 973 1797 973 1798 978 1798 977 1798 977 1799 887 1799 974 1799 974 1800 887 1800 890 1800 974 1801 890 1801 489 1801 489 1802 890 1802 892 1802 489 1803 892 1803 491 1803 976 1804 894 1804 978 1804 978 1805 979 1805 977 1805 977 1806 979 1806 887 1806 491 1807 892 1807 493 1807 978 1808 894 1808 896 1808 978 1809 896 1809 979 1809 887 1810 979 1810 888 1810 888 1811 979 1811 896 1811 905 1812 900 1812 911 1812 906 1813 911 1813 908 1813 908 1814 980 1814 909 1814 907 1815 912 1815 981 1815 907 1816 981 1816 910 1816 910 1817 982 1817 504 1817 493 1818 892 1818 893 1818 493 1819 893 1819 495 1819 911 1820 983 1820 908 1820 909 1821 980 1821 984 1821 909 1822 984 1822 912 1822 910 1823 981 1823 982 1823 504 1824 982 1824 506 1824 900 1825 925 1825 911 1825 908 1826 983 1826 980 1826 980 1827 985 1827 984 1827 912 1828 984 1828 986 1828 912 1829 986 1829 981 1829 981 1830 987 1830 982 1830 982 1831 988 1831 506 1831 911 1832 925 1832 983 1832 984 1833 985 1833 986 1833 981 1834 986 1834 987 1834 982 1835 987 1835 988 1835 988 1836 989 1836 506 1836 506 1837 989 1837 508 1837 983 1838 922 1838 980 1838 980 1839 922 1839 985 1839 986 1840 915 1840 987 1840 987 1841 918 1841 988 1841 988 1842 918 1842 989 1842 985 1843 913 1843 986 1843 986 1844 913 1844 915 1844 987 1845 915 1845 918 1845 989 1846 920 1846 508 1846 508 1847 920 1847 510 1847 927 1848 922 1848 983 1848 925 1849 927 1849 983 1849 913 1850 985 1850 922 1850 918 1851 915 1851 916 1851 918 1852 919 1852 989 1852 989 1853 919 1853 920 1853 930 1854 926 1854 990 1854 930 1855 990 1855 932 1855 932 1856 990 1856 770 1856 932 1857 770 1857 933 1857 933 1858 770 1858 773 1858 926 1859 780 1859 990 1859 990 1860 780 1860 771 1860 990 1861 771 1861 770 1861 760 1862 759 1862 623 1862 623 1863 759 1863 620 1863 620 1864 759 1864 758 1864 620 1865 758 1865 617 1865 617 1866 758 1866 757 1866 617 1867 757 1867 613 1867 613 1868 757 1868 611 1868 611 1869 757 1869 756 1869 611 1870 756 1870 610 1870 610 1871 756 1871 755 1871 610 1872 755 1872 609 1872 609 1873 755 1873 608 1873 608 1874 755 1874 754 1874 760 1875 623 1875 762 1875 762 1876 623 1876 625 1876 762 1877 625 1877 761 1877 761 1878 625 1878 627 1878 761 1879 627 1879 763 1879 763 1880 627 1880 729 1880 763 1881 729 1881 765 1881 765 1882 729 1882 728 1882 765 1883 728 1883 769 1883 769 1884 728 1884 768 1884 768 1885 728 1885 635 1885 768 1886 635 1886 727 1886 768 1887 727 1887 733 1887 780 1888 926 1888 781 1888 781 1889 926 1889 802 1889 802 1890 926 1890 925 1890 802 1891 925 1891 815 1891 815 1892 925 1892 900 1892 815 1893 900 1893 884 1893 815 1894 884 1894 816 1894 816 1895 884 1895 828 1895 828 1896 884 1896 877 1896 828 1897 877 1897 829 1897 829 1898 877 1898 854 1898 829 1899 854 1899 843 1899</p>
        </triangles>
      </mesh>
    </geometry>
  </library_geometries>
  <library_visual_scenes>
    <visual_scene id="Scene" name="Scene">
      <node id="rplidar" name="rplidar" type="NODE">
        <matrix sid="transform">7.07107e-4 3.09086e-11 7.07107e-4 0 7.07107e-4 -3.09086e-11 -7.07107e-4 0 0 0.001 -4.37114e-11 0 0 0 0 1</matrix>
        <instance_geometry url="#rplidar-mesh" name="rplidar"/>
      </node>
      <node id="Camera" name="Camera" type="NODE">
        <matrix sid="transform">0.6859207 -0.3240135 0.6515582 7.358891 0.7276763 0.3054208 -0.6141704 -6.925791 0 0.8953956 0.4452714 4.958309 0 0 0 1</matrix>
        <instance_camera url="#Camera-camera"/>
      </node>
      <node id="Light" name="Light" type="NODE">
        <matrix sid="transform">-0.2908646 -0.7711008 0.5663932 4.076245 0.9551712 -0.1998834 0.2183912 1.005454 -0.05518906 0.6045247 0.7946723 5.903862 0 0 0 1</matrix>
        <instance_light url="#Light-light"/>
      </node>
    </visual_scene>
  </library_visual_scenes>
  <scene>
    <instance_visual_scene url="#Scene"/>
  </scene>
</COLLADA>